{
	"__comment": "Designed by Sefreneth with Cubik Studio - https://cubik.studio",
	"textures": {
		"fishnet": "item/fishnet"
	},
	"elements": [ 	 
		{
			"__comment": "PlaneX1",
			"from": [ 0.8206, 0.885, 2.9109 ],
			"to": [ 7.8206, 0.886, 9.9109 ],
			"faces": {
				"down": { "uv": [ 11.5, 16, 0, 3 ], "texture": "#fishnet" },
				"up": { "uv": [ 11.5, 3, 0, 16 ], "texture": "#fishnet" }
			}
		},
		{
			"__comment": "PlaneX1",
			"from": [ -2, 0, -2 ],
			"to": [ -1.999, 7, 5 ],
			"rotation": { "origin": [ -2, 0, -2 ], "axis": "z", "angle": -45 },
			"faces": {
				"west": { "uv": [ 0, 3, 11.5, 16 ], "texture": "#fishnet" },
				"east": { "uv": [ 11.5, 3, 0, 16 ], "texture": "#fishnet" }
			}
		},
		{
			"__comment": "PlaneX1",
			"from": [ 10.625, 0, -2 ],
			"to": [ 10.626, 7, 5 ],
			"rotation": { "origin": [ 10.625, 0, -2 ], "axis": "z", "angle": 45 },
			"faces": {
				"west": { "uv": [ 0, 3, 11.5, 16 ], "texture": "#fishnet" },
				"east": { "uv": [ 11.5, 3, 0, 16 ], "texture": "#fishnet" }
			}
		},
		{
			"__comment": "PlaneX1",
			"from": [ 0.875, 0, -3.375 ],
			"to": [ 7.875, 7, -3.374 ],
			"rotation": { "origin": [ 7.875, 0, -3.375 ], "axis": "x", "angle": 45 },
			"faces": {
				"north": { "uv": [ 0, 3, 11.5, 16 ], "texture": "#fishnet" },
				"south": { "uv": [ 11.5, 3, 0, 16 ], "texture": "#fishnet" }
			}
		},
		{
			"__comment": "PlaneX1",
			"from": [ 0.875, 0, 1.125 ],
			"to": [ 7.875, 0.001, 8.125 ],
			"rotation": { "origin": [ 7.875, 0, 8.125 ], "axis": "x", "angle": 45 },
			"faces": {
				"down": { "uv": [ 11.5, 16, 0, 3 ], "texture": "#fishnet" },
				"up": { "uv": [ 11.5, 3, 0, 16 ], "texture": "#fishnet" }
			}
		},
		{
			"__comment": "PlaneX1",
			"from": [ 2.5, 0.49, -2.375 ],
			"to": [ 9.5, 0.491, 4.625 ],
			"rotation": { "origin": [ 9.5, 0.49, -2.375 ], "axis": "y", "angle": 22.5 },
			"faces": {
				"down": { "uv": [ 11.5, 16, 0, 3 ], "texture": "#fishnet", "rotation": 90 },
				"up": { "uv": [ 11.5, 3, 0, 16 ], "texture": "#fishnet", "rotation": 270 }
			}
		},
		{
			"__comment": "PlaneX1",
			"from": [ 0.396, 0.5, -3.5241 ],
			"to": [ 7.396, 0.501, 3.4759 ],
			"faces": {
				"down": { "uv": [ 11.5, 16, 0, 3 ], "texture": "#fishnet", "rotation": 180 },
				"up": { "uv": [ 11.5, 3, 0, 16 ], "texture": "#fishnet", "rotation": 180 }
			}
		},
		{
			"__comment": "PlaneX1",
			"from": [ -1.3718, 0.5, 0.0826 ],
			"to": [ 5.6282, 0.501, 7.0826 ],
			"faces": {
				"down": { "uv": [ 11.5, 16, 0, 3 ], "texture": "#fishnet", "rotation": 270 },
				"up": { "uv": [ 11.5, 3, 0, 16 ], "texture": "#fishnet", "rotation": 90 }
			}
		},
		{
			"__comment": "PlaneX1",
			"from": [ 4.625, 2.49, 2 ],
			"to": [ 11.625, 2.491, 9 ],
			"rotation": { "origin": [ 11.625, 2.49, 2 ], "axis": "y", "angle": -22.5 },
			"faces": {
				"down": { "uv": [ 11.5, 16, 0, 3 ], "texture": "#fishnet", "rotation": 90 },
				"up": { "uv": [ 11.5, 3, 0, 16 ], "texture": "#fishnet", "rotation": 270 }
			}
		},
		{
			"__comment": "PlaneX1",
			"from": [ -1, 2.5, -5.25 ],
			"to": [ 6, 2.501, 1.75 ],
			"rotation": { "origin": [ 6, 2.5, -5.25 ], "axis": "y", "angle": 45 },
			"faces": {
				"down": { "uv": [ 11.5, 16, 0, 3 ], "texture": "#fishnet", "rotation": 90 },
				"up": { "uv": [ 11.5, 3, 0, 16 ], "texture": "#fishnet", "rotation": 270 }
			}
		},
		{
			"__comment": "PlaneX1",
			"from": [ -2.75, 2.5, 1 ],
			"to": [ 4.25, 2.501, 8 ],
			"rotation": { "origin": [ -2.75, 2.5, 1 ], "axis": "y", "angle": 45 },
			"faces": {
				"down": { "uv": [ 11.5, 16, 0, 3 ], "texture": "#fishnet", "rotation": 180 },
				"up": { "uv": [ 11.5, 3, 0, 16 ], "texture": "#fishnet", "rotation": 180 }
			}
		},
		{
			"__comment": "PlaneX1",
			"from": [ 1.75, 2.885, 2.5 ],
			"to": [ 8.75, 2.886, 9.5 ],
			"rotation": { "origin": [ 1.75, 2.885, 9.5 ], "axis": "y", "angle": 45 },
			"faces": {
				"down": { "uv": [ 11.5, 16, 0, 3 ], "texture": "#fishnet", "rotation": 270 },
				"up": { "uv": [ 11.5, 3, 0, 16 ], "texture": "#fishnet", "rotation": 90 }
			}
		}
	],
	"display": {
		"thirdperson_righthand": {
			"translation":  [ 4.1745, 6.2608, 3.4782 ]
		},
		"thirdperson_lefthand": {
			"translation":  [ -0.695, 4.8695, 3.4782 ]
		},
		"firstperson_righthand": {
			"translation":  [ 13.217, 2.7826, 0 ]
		},
		"firstperson_lefthand": {
			"translation":  [ 7.6517, 2.7826, 0 ]
		},
		"gui": {
			"rotation":  [ 0, -36, -34 ],
			"translation":  [ 1.3913, 1.3913, 0 ]
		},
		"head": {
			"translation":  [ 14.608, -11.13, 20.869 ],
			"scale":  [ 4, 4, 4 ]
		},
		"ground": {
			"translation":  [ 5.5652, 19.478, 6.9556 ],
			"scale":  [ 2, 2, 2 ]
		},
		"fixed": {
			"rotation":  [ -90, 0, 0 ],
			"translation":  [ 15.304, 18.086, -29.21 ],
			"scale":  [ 4, 4, 4 ]
		}
	}
}