{
	"__comment": "Designed by Sefreneth with Cubik Studio - https://cubik.studio",
	"textures": {
		"icespike": "item/icespike"
	},
	"elements": [ 	 
		{
			"__comment": "Box1",
			"from": [ 8.709, 13.047, 10.334 ],
			"to": [ 10.293, 19.383, 11.918 ],
			"faces": {
				"down": { "uv": [ 8, 9, 9, 10 ], "texture": "#icespike" },
				"up": { "uv": [ 8, 8, 9, 9 ], "texture": "#icespike" },
				"north": { "uv": [ 13, 8, 14, 12 ], "texture": "#icespike" },
				"south": { "uv": [ 13, 8, 14, 12 ], "texture": "#icespike" },
				"west": { "uv": [ 13, 8, 14, 12 ], "texture": "#icespike" },
				"east": { "uv": [ 13, 8, 14, 12 ], "texture": "#icespike" }
			}
		},
		{
			"__comment": "Box1",
			"from": [ 7.125, 0.375, 8.75 ],
			"to": [ 11.877, 6.711, 13.502 ],
			"faces": {
				"down": { "uv": [ 6, 13, 9, 16 ], "texture": "#icespike" },
				"up": { "uv": [ 6, 10, 9, 13 ], "texture": "#icespike" },
				"north": { "uv": [ 3, 8, 6, 12 ], "texture": "#icespike" },
				"south": { "uv": [ 3, 8, 6, 12 ], "texture": "#icespike" },
				"west": { "uv": [ 3, 8, 6, 12 ], "texture": "#icespike" },
				"east": { "uv": [ 3, 8, 6, 12 ], "texture": "#icespike" }
			}
		},
		{
			"__comment": "Box1",
			"from": [ 7.917, 6.711, 9.542 ],
			"to": [ 11.085, 13.047, 12.71 ],
			"faces": {
				"down": { "uv": [ 6, 8, 8, 10 ], "texture": "#icespike" },
				"up": { "uv": [ 14, 10, 16, 12 ], "texture": "#icespike" },
				"north": { "uv": [ 13, 12, 15, 16 ], "texture": "#icespike" },
				"south": { "uv": [ 13, 12, 15, 16 ], "texture": "#icespike" },
				"west": { "uv": [ 13, 12, 15, 16 ], "texture": "#icespike" },
				"east": { "uv": [ 13, 12, 15, 16 ], "texture": "#icespike" }
			}
		},
		{
			"__comment": "Box1",
			"from": [ 6, 16, 7.25 ],
			"to": [ 8, 24, 9.25 ],
			"faces": {
				"down": { "uv": [ 8, 9, 9, 10 ], "texture": "#icespike" },
				"up": { "uv": [ 8, 8, 9, 9 ], "texture": "#icespike" },
				"north": { "uv": [ 13, 8, 14, 12 ], "texture": "#icespike" },
				"south": { "uv": [ 13, 8, 14, 12 ], "texture": "#icespike" },
				"west": { "uv": [ 13, 8, 14, 12 ], "texture": "#icespike" },
				"east": { "uv": [ 13, 8, 14, 12 ], "texture": "#icespike" }
			}
		},
		{
			"__comment": "Box1",
			"from": [ 4, 0, 5.25 ],
			"to": [ 10, 8, 11.25 ],
			"faces": {
				"down": { "uv": [ 6, 13, 9, 16 ], "texture": "#icespike" },
				"up": { "uv": [ 6, 10, 9, 13 ], "texture": "#icespike" },
				"north": { "uv": [ 3, 8, 6, 12 ], "texture": "#icespike" },
				"south": { "uv": [ 3, 8, 6, 12 ], "texture": "#icespike" },
				"west": { "uv": [ 3, 8, 6, 12 ], "texture": "#icespike" },
				"east": { "uv": [ 3, 8, 6, 12 ], "texture": "#icespike" }
			}
		},
		{
			"__comment": "Box1",
			"from": [ 5, 8, 6.25 ],
			"to": [ 9, 16, 10.25 ],
			"faces": {
				"down": { "uv": [ 6, 8, 8, 10 ], "texture": "#icespike" },
				"up": { "uv": [ 14, 10, 16, 12 ], "texture": "#icespike" },
				"north": { "uv": [ 13, 12, 15, 16 ], "texture": "#icespike" },
				"south": { "uv": [ 13, 12, 15, 16 ], "texture": "#icespike" },
				"west": { "uv": [ 13, 12, 15, 16 ], "texture": "#icespike" },
				"east": { "uv": [ 13, 12, 15, 16 ], "texture": "#icespike" }
			}
		},
		{
			"__comment": "Box1",
			"from": [ 4.125, 0.25, 10.375 ],
			"to": [ 7.125, 4.25, 13.375 ],
			"faces": {
				"down": { "uv": [ 6, 13, 9, 16 ], "texture": "#icespike" },
				"up": { "uv": [ 6, 10, 9, 13 ], "texture": "#icespike" },
				"north": { "uv": [ 3, 8, 6, 12 ], "texture": "#icespike" },
				"south": { "uv": [ 3, 8, 6, 12 ], "texture": "#icespike" },
				"west": { "uv": [ 3, 8, 6, 12 ], "texture": "#icespike" },
				"east": { "uv": [ 3, 8, 6, 12 ], "texture": "#icespike" }
			}
		},
		{
			"__comment": "Box1",
			"from": [ 4.625, 4.25, 10.875 ],
			"to": [ 6.625, 8.25, 12.875 ],
			"faces": {
				"down": { "uv": [ 6, 8, 8, 10 ], "texture": "#icespike" },
				"up": { "uv": [ 14, 10, 16, 12 ], "texture": "#icespike" },
				"north": { "uv": [ 13, 12, 15, 16 ], "texture": "#icespike" },
				"south": { "uv": [ 13, 12, 15, 16 ], "texture": "#icespike" },
				"west": { "uv": [ 13, 12, 15, 16 ], "texture": "#icespike" },
				"east": { "uv": [ 13, 12, 15, 16 ], "texture": "#icespike" }
			}
		},
		{
			"__comment": "Box1",
			"from": [ 5.125, 8.25, 11.375 ],
			"to": [ 6.125, 12.25, 12.375 ],
			"faces": {
				"down": { "uv": [ 8, 9, 9, 10 ], "texture": "#icespike" },
				"up": { "uv": [ 8, 8, 9, 9 ], "texture": "#icespike" },
				"north": { "uv": [ 13, 8, 14, 12 ], "texture": "#icespike" },
				"south": { "uv": [ 13, 8, 14, 12 ], "texture": "#icespike" },
				"west": { "uv": [ 13, 8, 14, 12 ], "texture": "#icespike" },
				"east": { "uv": [ 13, 8, 14, 12 ], "texture": "#icespike" }
			}
		},
		{
			"__comment": "Box1",
			"from": [ 7.375, 0.25, 2.875 ],
			"to": [ 10.375, 4.25, 5.875 ],
			"faces": {
				"down": { "uv": [ 6, 13, 9, 16 ], "texture": "#icespike" },
				"up": { "uv": [ 6, 10, 9, 13 ], "texture": "#icespike" },
				"north": { "uv": [ 3, 8, 6, 12 ], "texture": "#icespike" },
				"south": { "uv": [ 3, 8, 6, 12 ], "texture": "#icespike" },
				"west": { "uv": [ 3, 8, 6, 12 ], "texture": "#icespike" },
				"east": { "uv": [ 3, 8, 6, 12 ], "texture": "#icespike" }
			}
		},
		{
			"__comment": "Box1",
			"from": [ 7.875, 4.25, 3.375 ],
			"to": [ 9.875, 8.25, 5.375 ],
			"faces": {
				"down": { "uv": [ 6, 8, 8, 10 ], "texture": "#icespike" },
				"up": { "uv": [ 14, 10, 16, 12 ], "texture": "#icespike" },
				"north": { "uv": [ 13, 12, 15, 16 ], "texture": "#icespike" },
				"south": { "uv": [ 13, 12, 15, 16 ], "texture": "#icespike" },
				"west": { "uv": [ 13, 12, 15, 16 ], "texture": "#icespike" },
				"east": { "uv": [ 13, 12, 15, 16 ], "texture": "#icespike" }
			}
		},
		{
			"__comment": "Box1",
			"from": [ 8.375, 8.25, 3.875 ],
			"to": [ 9.375, 12.25, 4.875 ],
			"faces": {
				"down": { "uv": [ 8, 9, 9, 10 ], "texture": "#icespike" },
				"up": { "uv": [ 8, 8, 9, 9 ], "texture": "#icespike" },
				"north": { "uv": [ 13, 8, 14, 12 ], "texture": "#icespike" },
				"south": { "uv": [ 13, 8, 14, 12 ], "texture": "#icespike" },
				"west": { "uv": [ 13, 8, 14, 12 ], "texture": "#icespike" },
				"east": { "uv": [ 13, 8, 14, 12 ], "texture": "#icespike" }
			}
		},
		{
			"__comment": "Box1",
			"from": [ 2.125, 0.375, 4.5 ],
			"to": [ 6.445, 6.135, 8.82 ],
			"faces": {
				"down": { "uv": [ 6, 13, 9, 16 ], "texture": "#icespike" },
				"up": { "uv": [ 6, 10, 9, 13 ], "texture": "#icespike" },
				"north": { "uv": [ 3, 8, 6, 12 ], "texture": "#icespike" },
				"south": { "uv": [ 3, 8, 6, 12 ], "texture": "#icespike" },
				"west": { "uv": [ 3, 8, 6, 12 ], "texture": "#icespike" },
				"east": { "uv": [ 3, 8, 6, 12 ], "texture": "#icespike" }
			}
		},
		{
			"__comment": "Box1",
			"from": [ 2.845, 6.135, 5.22 ],
			"to": [ 5.725, 11.895, 8.099999 ],
			"faces": {
				"down": { "uv": [ 6, 8, 8, 10 ], "texture": "#icespike" },
				"up": { "uv": [ 14, 10, 16, 12 ], "texture": "#icespike" },
				"north": { "uv": [ 13, 12, 15, 16 ], "texture": "#icespike" },
				"south": { "uv": [ 13, 12, 15, 16 ], "texture": "#icespike" },
				"west": { "uv": [ 13, 12, 15, 16 ], "texture": "#icespike" },
				"east": { "uv": [ 13, 12, 15, 16 ], "texture": "#icespike" }
			}
		},
		{
			"__comment": "Box1",
			"from": [ 3.565, 11.895, 5.94 ],
			"to": [ 5.005, 17.655, 7.38 ],
			"faces": {
				"down": { "uv": [ 8, 9, 9, 10 ], "texture": "#icespike" },
				"up": { "uv": [ 8, 8, 9, 9 ], "texture": "#icespike" },
				"north": { "uv": [ 13, 8, 14, 12 ], "texture": "#icespike" },
				"south": { "uv": [ 13, 8, 14, 12 ], "texture": "#icespike" },
				"west": { "uv": [ 13, 8, 14, 12 ], "texture": "#icespike" },
				"east": { "uv": [ 13, 8, 14, 12 ], "texture": "#icespike" }
			}
		}
	],
	"display": {
		"gui": {
			"translation":  [ 0, -2.782, 0 ],
			"scale":  [ 0.5, 0.5, 0.5 ]
		},
		"head": {
			"translation":  [ 1.3905, -24.32, -1.391 ],
			"scale":  [ 2.5, 2.5, 2.5 ]
		},
		"ground": {
			"translation":  [ 0, 4.1739, 0 ]
		},
		"fixed": {
			"rotation":  [ -90, 0, 0 ],
			"translation":  [ 4.1739, -1.39, -30.6 ],
			"scale":  [ 4, 4, 4 ]
		}
	}
}