{"overrides":[{"predicate":{"custom_model_data":1},"model":"modelengine:nagamyrmidonidle/chest"},{"predicate":{"custom_model_data":2},"model":"modelengine:nagamyrmidonidle/head"},{"predicate":{"custom_model_data":3},"model":"modelengine:nagamyrmidonidle/leftupperhand"},{"predicate":{"custom_model_data":4},"model":"modelengine:nagamyrmidonidle/rightupperhand"},{"predicate":{"custom_model_data":5},"model":"modelengine:nagamyrmidonidle/first"},{"predicate":{"custom_model_data":6},"model":"modelengine:nagamyrmidonidle/lowerjaw"},{"predicate":{"custom_model_data":7},"model":"modelengine:nagamyrmidonidle/leftlowerhand"},{"predicate":{"custom_model_data":8},"model":"modelengine:nagamyrmidonidle/rightlowerhand"},{"predicate":{"custom_model_data":9},"model":"modelengine:nagamyrmidonidle/second"},{"predicate":{"custom_model_data":10},"model":"modelengine:nagamyrmidonidle/glaive"},{"predicate":{"custom_model_data":11},"model":"modelengine:nagamyrmidonidle/third"},{"predicate":{"custom_model_data":12},"model":"modelengine:nagamyrmidonidle/fourth"},{"predicate":{"custom_model_data":13},"model":"modelengine:nagamyrmidonidle/fifth"},{"predicate":{"custom_model_data":14},"model":"modelengine:nagamyrmidonidle/sixth"},{"predicate":{"custom_model_data":15},"model":"modelengine:nagamyrmidonidle/seventh"},{"predicate":{"custom_model_data":16},"model":"modelengine:nagamyrmidonidle/last"},{"predicate":{"custom_model_data":17},"model":"modelengine:nagaspellsingeridle/chest"},{"predicate":{"custom_model_data":18},"model":"modelengine:nagaspellsingeridle/hips"},{"predicate":{"custom_model_data":19},"model":"modelengine:nagaspellsingeridle/upperrighthand"},{"predicate":{"custom_model_data":20},"model":"modelengine:nagaspellsingeridle/upperlefthand"},{"predicate":{"custom_model_data":21},"model":"modelengine:nagaspellsingeridle/neck"},{"predicate":{"custom_model_data":22},"model":"modelengine:nagaspellsingeridle/first"},{"predicate":{"custom_model_data":23},"model":"modelengine:nagaspellsingeridle/lowerrighthand"},{"predicate":{"custom_model_data":24},"model":"modelengine:nagaspellsingeridle/lowerlefthand"},{"predicate":{"custom_model_data":25},"model":"modelengine:nagaspellsingeridle/head"},{"predicate":{"custom_model_data":26},"model":"modelengine:nagaspellsingeridle/second"},{"predicate":{"custom_model_data":27},"model":"modelengine:nagaspellsingeridle/spear"},{"predicate":{"custom_model_data":28},"model":"modelengine:nagaspellsingeridle/lowerjaw"},{"predicate":{"custom_model_data":29},"model":"modelengine:nagaspellsingeridle/third"},{"predicate":{"custom_model_data":30},"model":"modelengine:nagaspellsingeridle/fourth"},{"predicate":{"custom_model_data":31},"model":"modelengine:nagaspellsingeridle/fifth"},{"predicate":{"custom_model_data":32},"model":"modelengine:nagaspellsingeridle/sixth"},{"predicate":{"custom_model_data":33},"model":"modelengine:nagaspellsingeridle/seventh"},{"predicate":{"custom_model_data":34},"model":"modelengine:seaserpentmeg/chestpiece"},{"predicate":{"custom_model_data":35},"model":"modelengine:seaserpentmeg/fourth"},{"predicate":{"custom_model_data":36},"model":"modelengine:seaserpentmeg/second"},{"predicate":{"custom_model_data":37},"model":"modelengine:seaserpentmeg/fifth"},{"predicate":{"custom_model_data":38},"model":"modelengine:seaserpentmeg/rightfin"},{"predicate":{"custom_model_data":39},"model":"modelengine:seaserpentmeg/leftfin"},{"predicate":{"custom_model_data":40},"model":"modelengine:seaserpentmeg/first"},{"predicate":{"custom_model_data":41},"model":"modelengine:seaserpentmeg/sixth"},{"predicate":{"custom_model_data":42},"model":"modelengine:seaserpentmeg/head"},{"predicate":{"custom_model_data":43},"model":"modelengine:seaserpentmeg/seventh"},{"predicate":{"custom_model_data":44},"model":"modelengine:seaserpentmeg/leftfrill"},{"predicate":{"custom_model_data":45},"model":"modelengine:seaserpentmeg/eyebrow"},{"predicate":{"custom_model_data":46},"model":"modelengine:seaserpentmeg/lowerjaw"},{"predicate":{"custom_model_data":47},"model":"modelengine:seaserpentmeg/rightfrill"},{"predicate":{"custom_model_data":48},"model":"modelengine:seaserpentmeg/eighth"},{"predicate":{"custom_model_data":49},"model":"modelengine:seaserpentmeg/ninth"},{"predicate":{"custom_model_data":50},"model":"modelengine:undineidle/whole"},{"predicate":{"custom_model_data":51},"model":"modelengine:undineidle/torso"},{"predicate":{"custom_model_data":52},"model":"modelengine:undineidle/rightupperleg"},{"predicate":{"custom_model_data":53},"model":"modelengine:undineidle/leftupperhand"},{"predicate":{"custom_model_data":54},"model":"modelengine:undineidle/rightupperhand"},{"predicate":{"custom_model_data":55},"model":"modelengine:undineidle/leftupperleg"},{"predicate":{"custom_model_data":56},"model":"modelengine:undineidle/neck"},{"predicate":{"custom_model_data":57},"model":"modelengine:undineidle/rightlowerleg"},{"predicate":{"custom_model_data":58},"model":"modelengine:undineidle/leftlowerhand"},{"predicate":{"custom_model_data":59},"model":"modelengine:undineidle/rightlowerhand"},{"predicate":{"custom_model_data":60},"model":"modelengine:undineidle/leftlowerleg"},{"predicate":{"custom_model_data":61},"model":"modelengine:undineidle/head"},{"predicate":{"custom_model_data":62},"model":"modelengine:undineidle/rightfoot"},{"predicate":{"custom_model_data":63},"model":"modelengine:undineidle/leftpalm"},{"predicate":{"custom_model_data":64},"model":"modelengine:undineidle/rightpalm"},{"predicate":{"custom_model_data":65},"model":"modelengine:undineidle/leftfoot"}],"parent":"minecraft:item/generated","textures":{"layer0":"minecraft:item/leather_horse_armor"}}