{
	"__comment": "Designed by Sefreneth with Cubik Studio - https://cubik.studio",
	"textures": {
		"nagaspellsinger": "item/nagaspellsinger",
		"nagaspear": "item/nagaspear"
	},
	"elements": [ 	 
		{
			"__comment": "Box1",
			"from": [ 5.2574, -0.7697, 20.1545 ],
			"to": [ 6.061122, 0.3019299, 22.29776 ],
			"rotation": { "origin": [ 6.3902, 0.4377, 18.508 ], "axis": "y", "angle": -45 },
			"faces": {
				"down": { "uv": [ 8, 8.5, 8.5, 9.5 ], "texture": "#nagaspellsinger" },
				"up": { "uv": [ 12, 8.5, 12.5, 9.5 ], "texture": "#nagaspellsinger" },
				"north": { "uv": [ 6.5, 0, 7, 0.5 ], "texture": "#nagaspellsinger" },
				"south": { "uv": [ 12.5, 8.5625, 13, 9.0625 ], "texture": "#nagaspellsinger" },
				"west": { "uv": [ 13.5, 9.5, 14.5, 10 ], "texture": "#nagaspellsinger", "rotation": 270 },
				"east": { "uv": [ 13.5, 10, 14.5, 9.5 ], "texture": "#nagaspellsinger", "rotation": 270 }
			}
		},
		{
			"__comment": "Box1",
			"from": [ 6.5471, 11.2402, 9.6756 ],
			"to": [ 10.0471, 11.7402, 11.6756 ],
			"faces": {
				"down": { "uv": [ 2, 9, 3.5, 10.5 ], "texture": "#nagaspellsinger" },
				"up": { "uv": [ 2, 7.5, 3.5, 9 ], "texture": "#nagaspellsinger" },
				"north": { "uv": [ 6.5, 9.5, 8, 10 ], "texture": "#nagaspellsinger" },
				"south": { "uv": [ 14.5, 10, 16, 10.5 ], "texture": "#nagaspellsinger" },
				"west": { "uv": [ 8, 9.5, 9.5, 10 ], "texture": "#nagaspellsinger" },
				"east": { "uv": [ 14.5, 10.5, 16, 11 ], "texture": "#nagaspellsinger" }
			}
		},
		{
			"__comment": "Box1",
			"from": [ 6.6819, 5.7932, 9.8544 ],
			"to": [ 10.1819, 9.2932, 11.8544 ],
			"faces": {
				"down": { "uv": [ 3.5, 5, 4.5, 6.5 ], "texture": "#nagaspellsinger" },
				"up": { "uv": [ 11, 11, 12.5, 12 ], "texture": "#nagaspellsinger" },
				"north": { "uv": [ 2, 3, 3.5, 4.5 ], "texture": "#nagaspellsinger" },
				"south": { "uv": [ 2, 1.5, 3.5, 3 ], "texture": "#nagaspellsinger" },
				"west": { "uv": [ 3.5, 8, 4.5, 9.5 ], "texture": "#nagaspellsinger" },
				"east": { "uv": [ 4.5, 8, 3.5, 9.5 ], "texture": "#nagaspellsinger" }
			}
		},
		{
			"__comment": "Box1",
			"from": [ 6.4659, 3.717, 8.2247 ],
			"to": [ 10.4659, 7.717, 11.2247 ],
			"rotation": { "origin": [ 6.465801, 3.716949, 8.224745 ], "axis": "x", "angle": 22.5 },
			"faces": {
				"down": { "uv": [ 2, 0, 3.5, 1.5 ], "texture": "#nagaspellsinger" },
				"up": { "uv": [ 2, 10.5, 3.5, 12 ], "texture": "#nagaspellsinger" },
				"north": { "uv": [ 13, 12, 14.5, 14 ], "texture": "#nagaspellsinger" },
				"south": { "uv": [ 11.5, 12, 13, 14 ], "texture": "#nagaspellsinger" },
				"west": { "uv": [ 10, 12, 11.5, 14 ], "texture": "#nagaspellsinger" },
				"east": { "uv": [ 11.5, 12, 10, 14 ], "texture": "#nagaspellsinger" }
			}
		},
		{
			"__comment": "Box1",
			"from": [ 6.9748, 1.0379, 8.3587 ],
			"to": [ 9.921782, 3.984882, 11.57359 ],
			"faces": {
				"down": { "uv": [ 3.5, 6.5, 4.5, 8 ], "texture": "#nagaspellsinger" },
				"up": { "uv": [ 3.5, 5, 4.5, 6.5 ], "texture": "#nagaspellsinger" },
				"north": { "uv": [ 11.5, 10, 12.5, 11 ], "texture": "#nagaspellsinger" },
				"south": { "uv": [ 10.5, 10, 11.5, 11 ], "texture": "#nagaspellsinger" },
				"west": { "uv": [ 5, 11, 6.5, 12 ], "texture": "#nagaspellsinger" },
				"east": { "uv": [ 6.5, 11, 5, 12 ], "texture": "#nagaspellsinger" }
			}
		},
		{
			"__comment": "Box1",
			"from": [ 7.1087, -0.9044999, 10.6359 ],
			"to": [ 9.787775, 2.042482, 13.58288 ],
			"rotation": { "origin": [ 7.108709, -0.9044545, 10.63591 ], "axis": "x", "angle": -45 },
			"faces": {
				"down": { "uv": [ 12.5, 10, 13.5, 11 ], "texture": "#nagaspellsinger" },
				"up": { "uv": [ 13.5, 10, 14.5, 11 ], "texture": "#nagaspellsinger" },
				"north": { "uv": [ 12.5, 11, 13.5, 12 ], "texture": "#nagaspellsinger" },
				"south": { "uv": [ 13.5, 11, 14.5, 12 ], "texture": "#nagaspellsinger" },
				"west": { "uv": [ 14.5, 11, 15.5, 12 ], "texture": "#nagaspellsinger" },
				"east": { "uv": [ 15.5, 11, 14.5, 12 ], "texture": "#nagaspellsinger" }
			}
		},
		{
			"__comment": "Box1",
			"from": [ 7.2427, -0.8366, 10.9038 ],
			"to": [ 9.653866, 1.842475, 13.58288 ],
			"faces": {
				"down": { "uv": [ 3.5, 1.5, 4.5, 2.5 ], "texture": "#nagaspellsinger" },
				"up": { "uv": [ 3.5, 0.5, 4.5, 1.5 ], "texture": "#nagaspellsinger" },
				"north": { "uv": [ 4.5, 10, 5.5, 11 ], "texture": "#nagaspellsinger" },
				"south": { "uv": [ 4.5, 9, 5.5, 10 ], "texture": "#nagaspellsinger" },
				"west": { "uv": [ 4.5, 8, 5.5, 9 ], "texture": "#nagaspellsinger", "rotation": 270 },
				"east": { "uv": [ 4.5, 9, 5.5, 8 ], "texture": "#nagaspellsinger", "rotation": 270 }
			}
		},
		{
			"__comment": "Box1",
			"from": [ 7.3953, -0.8374, 13.359 ],
			"to": [ 9.53856, 1.573767, 15.50226 ],
			"faces": {
				"down": { "uv": [ 4.5, 6, 5.5, 7 ], "texture": "#nagaspellsinger" },
				"up": { "uv": [ 4.5, 5, 5.5, 6 ], "texture": "#nagaspellsinger" },
				"north": { "uv": [ 4.5, 4, 5.5, 5 ], "texture": "#nagaspellsinger" },
				"south": { "uv": [ 4.5, 3, 5.5, 4 ], "texture": "#nagaspellsinger" },
				"west": { "uv": [ 4.5, 2, 5.5, 3 ], "texture": "#nagaspellsinger", "rotation": 270 },
				"east": { "uv": [ 4.5, 3, 5.5, 2 ], "texture": "#nagaspellsinger", "rotation": 270 }
			}
		},
		{
			"__comment": "Box1",
			"from": [ 8.1405, -0.7697, 16.5893 ],
			"to": [ 9.480038, 0.8377448, 18.73256 ],
			"rotation": { "origin": [ 7.774177, -0.8374774, 15.65918 ], "axis": "y", "angle": -45 },
			"faces": {
				"down": { "uv": [ 7.5, 8.5, 8, 9.5 ], "texture": "#nagaspellsinger" },
				"up": { "uv": [ 7, 8.5, 7.5, 9.5 ], "texture": "#nagaspellsinger" },
				"north": { "uv": [ 15.5, 8, 16, 8.5 ], "texture": "#nagaspellsinger" },
				"south": { "uv": [ 7.5, 3.5, 8, 4 ], "texture": "#nagaspellsinger" },
				"west": { "uv": [ 11.5, 9.5, 12.5, 10 ], "texture": "#nagaspellsinger", "rotation": 270 },
				"east": { "uv": [ 11.5, 10, 12.5, 9.5 ], "texture": "#nagaspellsinger", "rotation": 270 }
			}
		},
		{
			"__comment": "Box1",
			"from": [ 4.4971, -0.7705, 18.0167 ],
			"to": [ 6.640359, 0.5690375, 19.08833 ],
			"rotation": { "origin": [ 6.3902, 0.4377, 18.508 ], "axis": "y", "angle": 22.5 },
			"faces": {
				"down": { "uv": [ 6.5, 1.5, 7, 2.5 ], "texture": "#nagaspellsinger", "rotation": 270 },
				"up": { "uv": [ 6, 0, 6.5, 1 ], "texture": "#nagaspellsinger", "rotation": 90 },
				"north": { "uv": [ 10, 9, 11, 9.5 ], "texture": "#nagaspellsinger", "rotation": 270 },
				"south": { "uv": [ 10, 9.5, 11, 9 ], "texture": "#nagaspellsinger", "rotation": 270 },
				"west": { "uv": [ 11, 7.5, 11.5, 8 ], "texture": "#nagaspellsinger" },
				"east": { "uv": [ 10.5, 7.5, 11, 8 ], "texture": "#nagaspellsinger" }
			}
		},
		{
			"__comment": "Box1",
			"from": [ 7.4785, -0.7705, 14.9502 ],
			"to": [ 9.085945, 1.104852, 17.09346 ],
			"rotation": { "origin": [ 7.774177, -0.8374774, 15.65918 ], "axis": "y", "angle": -22.5 },
			"faces": {
				"down": { "uv": [ 9, 8.5, 9.5, 9.5 ], "texture": "#nagaspellsinger" },
				"up": { "uv": [ 11, 8.5, 11.5, 9.5 ], "texture": "#nagaspellsinger" },
				"north": { "uv": [ 11.5, 7.5, 12, 8 ], "texture": "#nagaspellsinger" },
				"south": { "uv": [ 12, 7.5, 12.5, 8 ], "texture": "#nagaspellsinger" },
				"west": { "uv": [ 10, 8.5, 11, 9 ], "texture": "#nagaspellsinger", "rotation": 270 },
				"east": { "uv": [ 10, 9, 11, 8.5 ], "texture": "#nagaspellsinger", "rotation": 270 }
			}
		},
		{
			"__comment": "Box1",
			"from": [ 7.4652, 11.907, 10.1853 ],
			"to": [ 8.815199, 13.407, 11.5353 ],
			"rotation": { "origin": [ 3.5, 12, 10.5 ], "axis": "x", "angle": 22.5 },
			"faces": {
				"down": { "uv": [ 12.5, 7.5, 13, 8 ], "texture": "#nagaspellsinger" },
				"up": { "uv": [ 13, 7.5, 13.5, 8 ], "texture": "#nagaspellsinger" },
				"north": { "uv": [ 4.5, 0, 5.5, 1 ], "texture": "#nagaspellsinger" },
				"south": { "uv": [ 13.5, 7.5, 14, 8 ], "texture": "#nagaspellsinger" },
				"west": { "uv": [ 14, 7.5, 14.5, 8 ], "texture": "#nagaspellsinger", "rotation": 180 },
				"east": { "uv": [ 14.5, 7.5, 14, 8 ], "texture": "#nagaspellsinger", "rotation": 180 }
			}
		},
		{
			"__comment": "Box17",
			"from": [ 10.0643, 17.8142, 7.6738 ],
			"to": [ 11.41805, 19.16795, 10.6738 ],
			"rotation": { "origin": [ 10.5, 14.125, 2.125 ], "axis": "x", "angle": 45 },
			"faces": {
				"down": { "uv": [ 5.5, 7, 6, 8.5 ], "texture": "#nagaspellsinger" },
				"up": { "uv": [ 6, 8.5, 5.5, 7 ], "texture": "#nagaspellsinger" },
				"north": { "uv": [ 15.5, 8, 15, 7.5 ], "texture": "#nagaspellsinger" },
				"south": { "uv": [ 15.5, 7.5, 16, 8 ], "texture": "#nagaspellsinger" },
				"west": { "uv": [ 5.5, 7, 6, 8.5 ], "texture": "#nagaspellsinger", "rotation": 90 },
				"east": { "uv": [ 5.5, 7, 6, 8.5 ], "texture": "#nagaspellsinger", "rotation": 270 }
			}
		},
		{
			"__comment": "Box17",
			"from": [ 10.1797, 13.3835, 7.7123 ],
			"to": [ 11.2822, 14.3835, 8.814799 ],
			"rotation": { "origin": [ 10.5, 14.125, 2.125 ], "axis": "x", "angle": -22.5 },
			"faces": {
				"down": { "uv": [ 8, 6.5, 8.5, 7 ], "texture": "#nagaspellsinger" },
				"up": { "uv": [ 9, 6.5, 8.5, 7 ], "texture": "#nagaspellsinger" },
				"north": { "uv": [ 8.5, 5, 8, 4.5 ], "texture": "#nagaspellsinger" },
				"south": { "uv": [ 8, 5, 8.5, 4.5 ], "texture": "#nagaspellsinger" },
				"west": { "uv": [ 8, 1, 8.5, 1.5 ], "texture": "#nagaspellsinger", "rotation": 180 },
				"east": { "uv": [ 8, 3.5, 8.5, 4 ], "texture": "#nagaspellsinger", "rotation": 180 }
			}
		},
		{
			"__comment": "Box17",
			"from": [ 10.1797, 10.419, 7.8148 ],
			"to": [ 11.1797, 13.419, 8.814799 ],
			"rotation": { "origin": [ 10.5, 14.125, 2.125 ], "axis": "x", "angle": -22.5 },
			"faces": {
				"down": { "uv": [ 9.5, 7, 10, 7.5 ], "texture": "#nagaspellsinger" },
				"up": { "uv": [ 8, 0, 8.5, 0.5 ], "texture": "#nagaspellsinger" },
				"north": { "uv": [ 6.5, 10, 6, 8.5 ], "texture": "#nagaspellsinger" },
				"south": { "uv": [ 6.5, 10, 6, 8.5 ], "texture": "#nagaspellsinger" },
				"west": { "uv": [ 6, 8.5, 6.5, 10 ], "texture": "#nagaspellsinger", "rotation": 180 },
				"east": { "uv": [ 6, 8.5, 6.5, 10 ], "texture": "#nagaspellsinger", "rotation": 180 }
			}
		},
		{
			"__comment": "PlaneX29",
			"from": [ 9.8637, 4.8766, 11.4844 ],
			"to": [ 9.864551, 11.84219, 15.50301 ],
			"faces": {
				"west": { "uv": [ 0, 2, 2, 5 ], "texture": "#nagaspellsinger", "rotation": 180 },
				"east": { "uv": [ 2, 2, 0, 5 ], "texture": "#nagaspellsinger", "rotation": 180 }
			}
		},
		{
			"__comment": "PlaneX29",
			"from": [ 9.375, 12.1226, 6.3269 ],
			"to": [ 13.375, 12.1236, 10.3269 ],
			"rotation": { "origin": [ 3.5, 12.125, 10.25 ], "axis": "x", "angle": -22.5 },
			"faces": {
				"down": { "uv": [ 11, 14, 13, 16 ], "texture": "#nagaspellsinger", "rotation": 180 },
				"up": { "uv": [ 11, 16, 13, 14 ], "texture": "#nagaspellsinger", "rotation": 180 }
			}
		},
		{
			"__comment": "PlaneX29",
			"from": [ 5.6918, 0.3046, 20.3712 ],
			"to": [ 5.69265, 2.179952, 22.24655 ],
			"rotation": { "origin": [ 6.3902, 0.4377, 18.508 ], "axis": "y", "angle": -45 },
			"faces": {
				"west": { "uv": [ 9, 14.5, 10, 15.5 ], "texture": "#nagaspellsinger", "rotation": 270 },
				"east": { "uv": [ 9, 15.5, 10, 14.5 ], "texture": "#nagaspellsinger", "rotation": 270 }
			}
		},
		{
			"__comment": "PlaneX29",
			"from": [ 8.4482, 1.5771, 11.8875 ],
			"to": [ 8.449051, 3.452452, 13.49494 ],
			"faces": {
				"west": { "uv": [ 13, 14, 14, 15 ], "texture": "#nagaspellsinger", "rotation": 90 },
				"east": { "uv": [ 13, 15, 14, 14 ], "texture": "#nagaspellsinger", "rotation": 90 }
			}
		},
		{
			"__comment": "PlaneX29",
			"from": [ 8.4599, 1.5763, 13.6884 ],
			"to": [ 8.460751, 3.451652, 15.56375 ],
			"faces": {
				"west": { "uv": [ 13, 14, 14, 15 ], "texture": "#nagaspellsinger", "rotation": 90 },
				"east": { "uv": [ 13, 15, 14, 14 ], "texture": "#nagaspellsinger", "rotation": 90 }
			}
		},
		{
			"__comment": "PlaneX29",
			"from": [ 8.818, 0.8404, 16.8141 ],
			"to": [ 8.818851, 2.715752, 18.68945 ],
			"rotation": { "origin": [ 7.774177, -0.8374774, 15.65918 ], "axis": "y", "angle": -45 },
			"faces": {
				"west": { "uv": [ 13, 14, 14, 15 ], "texture": "#nagaspellsinger", "rotation": 90 },
				"east": { "uv": [ 13, 15, 14, 14 ], "texture": "#nagaspellsinger", "rotation": 90 }
			}
		},
		{
			"__comment": "PlaneX29",
			"from": [ 4.5148, 0.4377, 18.508 ],
			"to": [ 6.390151, 2.313052, 18.50885 ],
			"rotation": { "origin": [ 6.3902, 0.4377, 18.508 ], "axis": "y", "angle": 22.5 },
			"faces": {
				"north": { "uv": [ 14, 14, 15, 15 ], "texture": "#nagaspellsinger", "rotation": 270 },
				"south": { "uv": [ 14, 15, 15, 14 ], "texture": "#nagaspellsinger", "rotation": 270 }
			}
		},
		{
			"__comment": "PlaneX29",
			"from": [ 8.309999, 1.1075, 15.2663 ],
			"to": [ 8.31085, 2.982852, 17.14165 ],
			"rotation": { "origin": [ 7.774177, -0.8374774, 15.65918 ], "axis": "y", "angle": -22.5 },
			"faces": {
				"west": { "uv": [ 13, 14, 14, 15 ], "texture": "#nagaspellsinger", "rotation": 90 },
				"east": { "uv": [ 13, 15, 14, 14 ], "texture": "#nagaspellsinger", "rotation": 90 }
			}
		},
		{
			"__comment": "PlaneX29",
			"from": [ 10.5503, 12.2551, 6.3447 ],
			"to": [ 10.5513, 14.7551, 7.8447 ],
			"rotation": { "origin": [ 10.55033, 14.75517, 7.844675 ], "axis": "x", "angle": -22.5 },
			"faces": {
				"west": { "uv": [ 9.5, 8.5, 10, 9.5 ], "texture": "#nagaspellsinger" },
				"east": { "uv": [ 10, 8.5, 9.5, 9.5 ], "texture": "#nagaspellsinger" }
			}
		},
		{
			"__comment": "Box1",
			"from": [ 7.4299, 13.3082, 9.3306 ],
			"to": [ 8.929899, 13.8082, 11.3306 ],
			"rotation": { "origin": [ 3.5, 12.125, 10.25 ], "axis": "x", "angle": 45 },
			"faces": {
				"down": { "uv": [ 5.5, 0, 6, 1 ], "texture": "#nagaspellsinger" },
				"up": { "uv": [ 6.5, 0.5, 7, 1.5 ], "texture": "#nagaspellsinger", "rotation": 90 },
				"north": { "uv": [ 12.5, 9.0625, 13.5, 9.5 ], "texture": "#nagaspellsinger", "rotation": 180 },
				"south": { "uv": [ 15.5, 9.5, 16, 10 ], "texture": "#nagaspellsinger" },
				"west": { "uv": [ 9.5, 9.5, 10.5, 10 ], "texture": "#nagaspellsinger" },
				"east": { "uv": [ 10.5, 9.5, 9.5, 10 ], "texture": "#nagaspellsinger" }
			}
		},
		{
			"__comment": "Box1",
			"from": [ 8.7932, 9.6539, 8.889999 ],
			"to": [ 9.83864, 10.9607, 9.61 ],
			"faces": {
				"down": { "uv": [ 7, 5, 7.5, 4.5 ], "texture": "#nagaspellsinger", "rotation": 270 },
				"up": { "uv": [ 7, 4.5, 7.5, 4 ], "texture": "#nagaspellsinger", "rotation": 90 },
				"north": { "uv": [ 7.5, 3.5, 7, 4 ], "texture": "#nagaspellsinger" },
				"south": { "uv": [ 14, 9, 14.5, 9.5 ], "texture": "#nagaspellsinger" },
				"west": { "uv": [ 7.5, 2, 7, 2.5 ], "texture": "#nagaspellsinger" },
				"east": { "uv": [ 7.5, 2.5, 7, 3 ], "texture": "#nagaspellsinger" }
			}
		},
		{
			"__comment": "Box1",
			"from": [ 8.575399, 9.545, 9.165999 ],
			"to": [ 10.14356, 11.2874, 10.03 ],
			"faces": {
				"down": { "uv": [ 7, 1.5, 7.5, 2 ], "texture": "#nagaspellsinger", "rotation": 270 },
				"up": { "uv": [ 7, 1.5, 7.5, 1 ], "texture": "#nagaspellsinger", "rotation": 90 },
				"north": { "uv": [ 7.5, 0.5, 7, 1 ], "texture": "#nagaspellsinger" },
				"south": { "uv": [ 15, 8.5, 15.5, 9 ], "texture": "#nagaspellsinger" },
				"west": { "uv": [ 8.5, 8, 8, 8.5 ], "texture": "#nagaspellsinger" },
				"east": { "uv": [ 8, 8, 7.5, 8.5 ], "texture": "#nagaspellsinger" }
			}
		},
		{
			"__comment": "Box1",
			"from": [ 8.6701, 9.3272, 9.58 ],
			"to": [ 9.9769, 9.7628, 9.940001 ],
			"faces": {
				"down": { "uv": [ 8.5, 8, 9, 8.5 ], "texture": "#nagaspellsinger", "rotation": 270 },
				"up": { "uv": [ 7, 7, 7.5, 7.5 ], "texture": "#nagaspellsinger", "rotation": 90 },
				"north": { "uv": [ 9.5, 8, 10, 8.5 ], "texture": "#nagaspellsinger" },
				"south": { "uv": [ 7, 6, 7.5, 6.5 ], "texture": "#nagaspellsinger" },
				"west": { "uv": [ 7, 5.5, 7.5, 6 ], "texture": "#nagaspellsinger" },
				"east": { "uv": [ 7, 5, 7.5, 5.5 ], "texture": "#nagaspellsinger" }
			}
		},
		{
			"__comment": "Box1",
			"from": [ 6.9035, 9.6539, 8.889999 ],
			"to": [ 7.948938, 10.9607, 9.61 ],
			"faces": {
				"down": { "uv": [ 7, 4.5, 7.5, 5 ], "texture": "#nagaspellsinger", "rotation": 270 },
				"up": { "uv": [ 7, 4, 7.5, 4.5 ], "texture": "#nagaspellsinger", "rotation": 90 },
				"north": { "uv": [ 7, 3.5, 7.5, 4 ], "texture": "#nagaspellsinger" },
				"south": { "uv": [ 7, 3, 7.5, 3.5 ], "texture": "#nagaspellsinger" },
				"west": { "uv": [ 7, 2.5, 7.5, 3 ], "texture": "#nagaspellsinger" },
				"east": { "uv": [ 7, 2, 7.5, 2.5 ], "texture": "#nagaspellsinger" }
			}
		},
		{
			"__comment": "Box1",
			"from": [ 6.555, 9.545, 9.165999 ],
			"to": [ 8.123159, 11.2874, 10.03 ],
			"faces": {
				"down": { "uv": [ 7, 1.5, 7.5, 2 ], "texture": "#nagaspellsinger", "rotation": 270 },
				"up": { "uv": [ 7, 1, 7.5, 1.5 ], "texture": "#nagaspellsinger", "rotation": 90 },
				"north": { "uv": [ 7, 0.5, 7.5, 1 ], "texture": "#nagaspellsinger" },
				"south": { "uv": [ 7, 0, 7.5, 0.5 ], "texture": "#nagaspellsinger" },
				"west": { "uv": [ 7.5, 8, 8, 8.5 ], "texture": "#nagaspellsinger" },
				"east": { "uv": [ 8, 8, 8.5, 8.5 ], "texture": "#nagaspellsinger" }
			}
		},
		{
			"__comment": "Box1",
			"from": [ 6.7205, 9.3272, 9.58 ],
			"to": [ 8.027299, 9.7628, 9.940001 ],
			"faces": {
				"down": { "uv": [ 8.5, 8, 9, 8.5 ], "texture": "#nagaspellsinger", "rotation": 270 },
				"up": { "uv": [ 9, 8, 9.5, 8.5 ], "texture": "#nagaspellsinger", "rotation": 90 },
				"north": { "uv": [ 9.5, 8, 10, 8.5 ], "texture": "#nagaspellsinger" },
				"south": { "uv": [ 10, 8, 10.5, 8.5 ], "texture": "#nagaspellsinger" },
				"west": { "uv": [ 10.5, 8, 11, 8.5 ], "texture": "#nagaspellsinger" },
				"east": { "uv": [ 11, 8, 11.5, 8.5 ], "texture": "#nagaspellsinger" }
			}
		},
		{
			"__comment": "Box1",
			"from": [ 8.3543, 13.8849, 10.7824 ],
			"to": [ 8.517273, 14.05955, 10.95705 ],
			"faces": {
				"down": { "uv": [ 11.5, 8, 12, 8.5 ], "texture": "#nagaspellsinger", "rotation": 90 },
				"up": { "uv": [ 12, 8, 12.5, 8.5 ], "texture": "#nagaspellsinger", "rotation": 270 },
				"north": { "uv": [ 12.5, 8, 13, 8.5 ], "texture": "#nagaspellsinger", "rotation": 90 },
				"south": { "uv": [ 13, 8, 13.5, 8.5 ], "texture": "#nagaspellsinger", "rotation": 270 },
				"west": { "uv": [ 13.5, 8, 14, 8.5 ], "texture": "#nagaspellsinger" },
				"east": { "uv": [ 14, 8, 14.5, 8.5 ], "texture": "#nagaspellsinger" }
			}
		},
		{
			"__comment": "Box1",
			"from": [ 7.967, 13.7081, 11.8303 ],
			"to": [ 8.35512, 14.09622, 13.26778 ],
			"rotation": { "origin": [ 3.5, 12.125, 10.25 ], "axis": "x", "angle": -22.5 },
			"faces": {
				"down": { "uv": [ 7.5, 7.5, 8, 8 ], "texture": "#nagaspellsinger", "rotation": 270 },
				"up": { "uv": [ 7, 3.5, 6.5, 2.5 ], "texture": "#nagaspellsinger" },
				"north": { "uv": [ 15, 8.5, 14.5, 8 ], "texture": "#nagaspellsinger", "rotation": 90 },
				"south": { "uv": [ 15, 8, 15.5, 8.5 ], "texture": "#nagaspellsinger", "rotation": 270 },
				"west": { "uv": [ 7.5, 7, 8, 7.5 ], "texture": "#nagaspellsinger", "rotation": 90 },
				"east": { "uv": [ 7.5, 6.5, 8, 7 ], "texture": "#nagaspellsinger", "rotation": 270 }
			}
		},
		{
			"__comment": "Box1",
			"from": [ 7.8989, 13.9494, 10.7798 ],
			"to": [ 8.401903, 14.12405, 10.95445 ],
			"faces": {
				"down": { "uv": [ 7.5, 6, 8, 6.5 ], "texture": "#nagaspellsinger", "rotation": 90 },
				"up": { "uv": [ 7.5, 5.5, 8, 6 ], "texture": "#nagaspellsinger" },
				"north": { "uv": [ 7.5, 5, 8, 5.5 ], "texture": "#nagaspellsinger", "rotation": 180 },
				"south": { "uv": [ 7.5, 4.5, 8, 5 ], "texture": "#nagaspellsinger", "rotation": 270 },
				"west": { "uv": [ 7.5, 4, 8, 4.5 ], "texture": "#nagaspellsinger" },
				"east": { "uv": [ 8, 5.5, 8.5, 6 ], "texture": "#nagaspellsinger" }
			}
		},
		{
			"__comment": "Box1",
			"from": [ 7.9507, 13.8121, 9.958 ],
			"to": [ 8.358132, 13.98675, 10.13265 ],
			"rotation": { "origin": [ 3.5, 12.125, 10.25 ], "axis": "x", "angle": 22.5 },
			"faces": {
				"down": { "uv": [ 7.5, 3, 8, 3.5 ], "texture": "#nagaspellsinger", "rotation": 90 },
				"up": { "uv": [ 7.5, 2.5, 8, 3 ], "texture": "#nagaspellsinger", "rotation": 270 },
				"north": { "uv": [ 7.5, 2, 8, 2.5 ], "texture": "#nagaspellsinger", "rotation": 180 },
				"south": { "uv": [ 7.5, 1.5, 8, 2 ], "texture": "#nagaspellsinger", "rotation": 270 },
				"west": { "uv": [ 7.5, 1, 8, 1.5 ], "texture": "#nagaspellsinger" },
				"east": { "uv": [ 7.5, 0.5, 8, 1 ], "texture": "#nagaspellsinger" }
			}
		},
		{
			"__comment": "Box1",
			"from": [ 7.792, 13.8849, 10.7824 ],
			"to": [ 7.954974, 14.05955, 10.95705 ],
			"faces": {
				"down": { "uv": [ 7.5, 0, 8, 0.5 ], "texture": "#nagaspellsinger", "rotation": 90 },
				"up": { "uv": [ 8, 7.5, 8.5, 8 ], "texture": "#nagaspellsinger", "rotation": 270 },
				"north": { "uv": [ 8.5, 7.5, 9, 8 ], "texture": "#nagaspellsinger", "rotation": 90 },
				"south": { "uv": [ 9, 7.5, 9.5, 8 ], "texture": "#nagaspellsinger", "rotation": 270 },
				"west": { "uv": [ 9.5, 7.5, 10, 8 ], "texture": "#nagaspellsinger" },
				"east": { "uv": [ 10, 7.5, 10.5, 8 ], "texture": "#nagaspellsinger" }
			}
		},
		{
			"__comment": "Box1",
			"from": [ 7.1049, 13.8082, 9.3306 ],
			"to": [ 9.26112, 16.13692, 11.48682 ],
			"rotation": { "origin": [ 3.5, 12.125, 10.25 ], "axis": "x", "angle": 45 },
			"faces": {
				"down": { "uv": [ 5.5, 10, 6.5, 11 ], "texture": "#nagaspellsinger", "rotation": 270 },
				"up": { "uv": [ 6.5, 10, 7.5, 11 ], "texture": "#nagaspellsinger", "rotation": 90 },
				"north": { "uv": [ 4, 12, 6, 14 ], "texture": "#nagaspellsinger" },
				"south": { "uv": [ 6.5, 10, 7.5, 11 ], "texture": "#nagaspellsinger", "rotation": 90 },
				"west": { "uv": [ 9.5, 10, 10.5, 11 ], "texture": "#nagaspellsinger" },
				"east": { "uv": [ 10.5, 10, 9.5, 11 ], "texture": "#nagaspellsinger" }
			}
		},
		{
			"__comment": "Box1",
			"from": [ 6.5461, 9.1152, 9.9256 ],
			"to": [ 10.0461, 12.1152, 11.9256 ],
			"faces": {
				"down": { "uv": [ 3.5, 11, 5, 12 ], "texture": "#nagaspellsinger" },
				"up": { "uv": [ 9.5, 11, 11, 12 ], "texture": "#nagaspellsinger" },
				"north": { "uv": [ 2, 4.5, 3.5, 6 ], "texture": "#nagaspellsinger" },
				"south": { "uv": [ 2, 6, 3.5, 7.5 ], "texture": "#nagaspellsinger" },
				"west": { "uv": [ 3.5, 3.5, 4.5, 5 ], "texture": "#nagaspellsinger" },
				"east": { "uv": [ 4.5, 3.5, 3.5, 5 ], "texture": "#nagaspellsinger" }
			}
		},
		{
			"__comment": "PlaneX29",
			"from": [ 5.6753, 12.2552, 6.3447 ],
			"to": [ 5.6763, 14.7552, 7.8447 ],
			"rotation": { "origin": [ 5.6753, 14.7552, 7.8447 ], "axis": "x", "angle": -22.5 },
			"faces": {
				"west": { "uv": [ 9.5, 8.5, 10, 9.5 ], "texture": "#nagaspellsinger" },
				"east": { "uv": [ 10, 8.5, 9.5, 9.5 ], "texture": "#nagaspellsinger" }
			}
		},
		{
			"__comment": "Box17",
			"from": [ 5.3047, 15.3274, 5.6857 ],
			"to": [ 6.4072, 16.3274, 6.7882 ],
			"rotation": { "origin": [ 10.5, 19.625, 6.625 ], "axis": "x", "angle": -22.5 },
			"faces": {
				"down": { "uv": [ 8, 5, 8.5, 5.5 ], "texture": "#nagaspellsinger" },
				"up": { "uv": [ 8.5, 6.5, 9, 7 ], "texture": "#nagaspellsinger" },
				"north": { "uv": [ 8, 5, 8.5, 4.5 ], "texture": "#nagaspellsinger" },
				"south": { "uv": [ 8.5, 5, 8, 4.5 ], "texture": "#nagaspellsinger" },
				"west": { "uv": [ 8, 3.5, 8.5, 4 ], "texture": "#nagaspellsinger", "rotation": 180 },
				"east": { "uv": [ 8, 3, 8.5, 3.5 ], "texture": "#nagaspellsinger", "rotation": 180 }
			}
		},
		{
			"__comment": "Box17",
			"from": [ 5.3047, 12.3629, 5.7882 ],
			"to": [ 6.3047, 15.3629, 6.7882 ],
			"rotation": { "origin": [ 10.5, 19.625, 6.625 ], "axis": "x", "angle": -22.5 },
			"faces": {
				"down": { "uv": [ 8, 2, 8.5, 2.5 ], "texture": "#nagaspellsinger" },
				"up": { "uv": [ 8, 2.5, 8.5, 3 ], "texture": "#nagaspellsinger" },
				"north": { "uv": [ 6.5, 2.5, 6, 1 ], "texture": "#nagaspellsinger" },
				"south": { "uv": [ 6.5, 2.5, 6, 1 ], "texture": "#nagaspellsinger" },
				"west": { "uv": [ 6, 1, 6.5, 2.5 ], "texture": "#nagaspellsinger", "rotation": 180 },
				"east": { "uv": [ 6, 1, 6.5, 2.5 ], "texture": "#nagaspellsinger", "rotation": 180 }
			}
		},
		{
			"__comment": "Box17",
			"from": [ 5.1893, 15.9236, 12.9614 ],
			"to": [ 6.54305, 17.27735, 15.9614 ],
			"rotation": { "origin": [ 10.5, 19.625, 6.625 ], "axis": "x", "angle": 45 },
			"faces": {
				"down": { "uv": [ 6.5, 5, 7, 6.5 ], "texture": "#nagaspellsinger" },
				"up": { "uv": [ 7, 6.5, 6.5, 5 ], "texture": "#nagaspellsinger" },
				"north": { "uv": [ 9, 7.5, 8.5, 7 ], "texture": "#nagaspellsinger" },
				"south": { "uv": [ 9, 7, 9.5, 7.5 ], "texture": "#nagaspellsinger" },
				"west": { "uv": [ 6.5, 5, 7, 6.5 ], "texture": "#nagaspellsinger", "rotation": 90 },
				"east": { "uv": [ 6.5, 5, 7, 6.5 ], "texture": "#nagaspellsinger", "rotation": 270 }
			}
		},
		{
			"__comment": "PlaneX29",
			"from": [ 8.75, 12.125, 10.25 ],
			"to": [ 12.75, 16.125, 10.251 ],
			"rotation": { "origin": [ 3.5, 12.125, 10.25 ], "axis": "x", "angle": 45 },
			"faces": {
				"north": { "uv": [ 10, 12, 8, 14 ], "texture": "#nagaspellsinger", "rotation": 180 },
				"south": { "uv": [ 8, 12, 10, 14 ], "texture": "#nagaspellsinger", "rotation": 180 }
			}
		},
		{
			"__comment": "PlaneX29",
			"from": [ 2.875, 12.1226, 6.3269 ],
			"to": [ 6.875, 12.1236, 10.3269 ],
			"rotation": { "origin": [ 3.5, 12.125, 10.25 ], "axis": "x", "angle": -22.5 },
			"faces": {
				"down": { "uv": [ 13, 14, 11, 16 ], "texture": "#nagaspellsinger", "rotation": 180 },
				"up": { "uv": [ 13, 16, 11, 14 ], "texture": "#nagaspellsinger", "rotation": 180 }
			}
		},
		{
			"__comment": "PlaneX29",
			"from": [ 4.375, 16.125, 10.25 ],
			"to": [ 11.875, 20.125, 10.251 ],
			"rotation": { "origin": [ 3.5, 12.125, 10.25 ], "axis": "x", "angle": 45 },
			"faces": {
				"north": { "uv": [ 0, 14, 3.5, 16 ], "texture": "#nagaspellsinger", "rotation": 180 },
				"south": { "uv": [ 3.5, 14, 0, 16 ], "texture": "#nagaspellsinger", "rotation": 180 }
			}
		},
		{
			"__comment": "PlaneX29",
			"from": [ 3.5, 12.125, 10.25 ],
			"to": [ 7.5, 16.125, 10.251 ],
			"rotation": { "origin": [ 3.5, 12.125, 10.25 ], "axis": "x", "angle": 45 },
			"faces": {
				"north": { "uv": [ 8, 12, 10, 14 ], "texture": "#nagaspellsinger", "rotation": 180 },
				"south": { "uv": [ 10, 12, 8, 14 ], "texture": "#nagaspellsinger", "rotation": 180 }
			}
		},
		{
			"__comment": "PlaneX29",
			"from": [ 6.7828, 5.0892, 11.4844 ],
			"to": [ 6.783649, 12.05479, 15.50301 ],
			"faces": {
				"west": { "uv": [ 0, 2, 2, 5 ], "texture": "#nagaspellsinger", "rotation": 180 },
				"east": { "uv": [ 2, 2, 0, 5 ], "texture": "#nagaspellsinger", "rotation": 180 }
			}
		},
		{
			"__comment": "Box1",
			"from": [ 10.5, 13.5369, 2.125 ],
			"to": [ 11.08806, 14.12496, 12.12202 ],
			"rotation": { "origin": [ 10.5, 14.125, 2.125 ], "axis": "x", "angle": -22.5 },
			"faces": {
				"down": { "uv": [ 0, 0, 1, 7.5 ], "texture": "#nagaspear" },
				"up": { "uv": [ 1, 7.5, 0, 0 ], "texture": "#nagaspear" },
				"north": { "uv": [ 1, 11, 0, 10 ], "texture": "#nagaspear" },
				"south": { "uv": [ 0, 9, 1, 10 ], "texture": "#nagaspear" },
				"west": { "uv": [ 0, 0, 1, 7.5 ], "texture": "#nagaspear", "rotation": 90 },
				"east": { "uv": [ 0, 0, 1, 7.5 ], "texture": "#nagaspear", "rotation": 270 }
			}
		},
		{
			"__comment": "Box1",
			"from": [ 10.3529, 13.3721, 1.3989 ],
			"to": [ 11.2529, 14.2721, 2.2989 ],
			"rotation": { "origin": [ 10.5, 14.125, 2.125 ], "axis": "x", "angle": -22.5 },
			"faces": {
				"down": { "uv": [ 1, 0, 2.5, 1.5 ], "texture": "#nagaspear" },
				"up": { "uv": [ 2.5, 1.5, 1, 0 ], "texture": "#nagaspear" },
				"north": { "uv": [ 2.5, 1.5, 1, 0 ], "texture": "#nagaspear" },
				"south": { "uv": [ 1, 0, 2.5, 1.5 ], "texture": "#nagaspear" },
				"west": { "uv": [ 1, 0, 2.5, 1.5 ], "texture": "#nagaspear", "rotation": 90 },
				"east": { "uv": [ 1, 0, 2.5, 1.5 ], "texture": "#nagaspear", "rotation": 270 }
			}
		},
		{
			"__comment": "PlaneX23",
			"from": [ 10.7941, 13.9977, 9.2883 ],
			"to": [ 10.7959, 17.5977, 11.9883 ],
			"rotation": { "origin": [ 10.5, 14.125, 2.125 ], "axis": "x", "angle": -22.5 },
			"faces": {
				"west": { "uv": [ 4, 2, 9, 7 ], "texture": "#nagaspear", "rotation": 90 },
				"east": { "uv": [ 9, 2, 4, 7 ], "texture": "#nagaspear", "rotation": 270 }
			}
		},
		{
			"__comment": "Box4",
			"from": [ 10.6773, 13.7056, 16.3061 ],
			"to": [ 10.91916, 14.00793, 17.3861 ],
			"rotation": { "origin": [ 10.5, 14.125, 2.125 ], "axis": "x", "angle": -22.5 },
			"faces": {
				"down": { "uv": [ 4, 14, 5, 15 ], "texture": "#nagaspear" },
				"up": { "uv": [ 5, 16, 4, 15 ], "texture": "#nagaspear" },
				"north": { "uv": [ 4, 10, 3, 9 ], "texture": "#nagaspear" },
				"south": { "uv": [ 3, 8, 4, 9 ], "texture": "#nagaspear" },
				"west": { "uv": [ 4, 13, 5, 14 ], "texture": "#nagaspear", "rotation": 90 },
				"east": { "uv": [ 4, 12, 5, 13 ], "texture": "#nagaspear", "rotation": 270 }
			}
		},
		{
			"__comment": "Box4",
			"from": [ 10.5571, 13.675, 12.0941 ],
			"to": [ 11.0179, 14.575, 13.7141 ],
			"rotation": { "origin": [ 10.5, 14.125, 2.125 ], "axis": "x", "angle": -22.5 },
			"faces": {
				"down": { "uv": [ 4, 8, 5, 9 ], "texture": "#nagaspear" },
				"up": { "uv": [ 5, 10, 4, 9 ], "texture": "#nagaspear" },
				"north": { "uv": [ 5, 12, 4, 11 ], "texture": "#nagaspear" },
				"south": { "uv": [ 4, 10, 5, 11 ], "texture": "#nagaspear" },
				"west": { "uv": [ 5, 15, 6, 16 ], "texture": "#nagaspear", "rotation": 90 },
				"east": { "uv": [ 5, 14, 6, 15 ], "texture": "#nagaspear", "rotation": 270 }
			}
		},
		{
			"__comment": "Box4",
			"from": [ 10.6355, 19.481, 15.2905 ],
			"to": [ 10.93783, 19.89765, 16.3705 ],
			"faces": {
				"down": { "uv": [ 5, 10, 6, 11 ], "texture": "#nagaspear" },
				"up": { "uv": [ 6, 12, 5, 11 ], "texture": "#nagaspear" },
				"north": { "uv": [ 6, 14, 5, 13 ], "texture": "#nagaspear" },
				"south": { "uv": [ 5, 12, 6, 13 ], "texture": "#nagaspear" },
				"west": { "uv": [ 5, 9, 6, 10 ], "texture": "#nagaspear", "rotation": 270 },
				"east": { "uv": [ 5, 8, 6, 9 ], "texture": "#nagaspear", "rotation": 90 }
			}
		},
		{
			"__comment": "Box4",
			"from": [ 10.6769, 13.7156, 14.7941 ],
			"to": [ 10.91876, 14.18799, 16.3493 ],
			"rotation": { "origin": [ 10.5, 14.125, 2.125 ], "axis": "x", "angle": -22.5 },
			"faces": {
				"down": { "uv": [ 6, 12, 7, 13 ], "texture": "#nagaspear" },
				"up": { "uv": [ 7, 14, 6, 13 ], "texture": "#nagaspear" },
				"north": { "uv": [ 7, 16, 6, 15 ], "texture": "#nagaspear" },
				"south": { "uv": [ 6, 14, 7, 15 ], "texture": "#nagaspear" },
				"west": { "uv": [ 6, 11, 7, 12 ], "texture": "#nagaspear", "rotation": 90 },
				"east": { "uv": [ 6, 10, 7, 11 ], "texture": "#nagaspear", "rotation": 270 }
			}
		},
		{
			"__comment": "Box4",
			"from": [ 10.6357, 13.7235, 13.7141 ],
			"to": [ 10.93803, 14.31399, 14.7941 ],
			"rotation": { "origin": [ 10.5, 14.125, 2.125 ], "axis": "x", "angle": -22.5 },
			"faces": {
				"down": { "uv": [ 7, 14, 8, 15 ], "texture": "#nagaspear" },
				"up": { "uv": [ 8, 16, 7, 15 ], "texture": "#nagaspear" },
				"north": { "uv": [ 7, 10, 6, 9 ], "texture": "#nagaspear" },
				"south": { "uv": [ 6, 8, 7, 9 ], "texture": "#nagaspear" },
				"west": { "uv": [ 7, 13, 8, 14 ], "texture": "#nagaspear", "rotation": 90 },
				"east": { "uv": [ 7, 12, 8, 13 ], "texture": "#nagaspear", "rotation": 270 }
			}
		},
		{
			"__comment": "Box4",
			"from": [ 10.6355, 18.2736, 11.3349 ],
			"to": [ 10.93783, 18.86409, 12.4149 ],
			"faces": {
				"down": { "uv": [ 7, 8, 8, 9 ], "texture": "#nagaspear" },
				"up": { "uv": [ 8, 10, 7, 9 ], "texture": "#nagaspear" },
				"north": { "uv": [ 8, 12, 7, 11 ], "texture": "#nagaspear" },
				"south": { "uv": [ 7, 10, 8, 11 ], "texture": "#nagaspear" },
				"west": { "uv": [ 8, 15, 9, 16 ], "texture": "#nagaspear", "rotation": 270 },
				"east": { "uv": [ 9, 15, 10, 16 ], "texture": "#nagaspear", "rotation": 90 }
			}
		},
		{
			"__comment": "Box4",
			"from": [ 10.6354, 18.4804, 11.8338 ],
			"to": [ 10.93773, 19.07089, 12.9138 ],
			"faces": {
				"down": { "uv": [ 13, 15, 14, 16 ], "texture": "#nagaspear" },
				"up": { "uv": [ 13, 16, 12, 15 ], "texture": "#nagaspear" },
				"north": { "uv": [ 11, 16, 10, 15 ], "texture": "#nagaspear" },
				"south": { "uv": [ 11, 15, 12, 16 ], "texture": "#nagaspear" },
				"west": { "uv": [ 14, 15, 15, 16 ], "texture": "#nagaspear", "rotation": 270 },
				"east": { "uv": [ 15, 15, 16, 16 ], "texture": "#nagaspear", "rotation": 90 }
			}
		},
		{
			"__comment": "Box4",
			"from": [ 10.6355, 18.7904, 12.5821 ],
			"to": [ 10.93783, 19.38089, 13.6621 ],
			"faces": {
				"down": { "uv": [ 8, 11, 9, 12 ], "texture": "#nagaspear" },
				"up": { "uv": [ 9, 13, 8, 12 ], "texture": "#nagaspear" },
				"north": { "uv": [ 9, 15, 8, 14 ], "texture": "#nagaspear" },
				"south": { "uv": [ 8, 13, 9, 14 ], "texture": "#nagaspear" },
				"west": { "uv": [ 8, 10, 9, 11 ], "texture": "#nagaspear", "rotation": 270 },
				"east": { "uv": [ 8, 9, 9, 10 ], "texture": "#nagaspear", "rotation": 90 }
			}
		},
		{
			"__comment": "Box4",
			"from": [ 10.6354, 19.0207, 13.4125 ],
			"to": [ 10.93773, 19.49309, 14.4925 ],
			"faces": {
				"down": { "uv": [ 11, 14, 12, 15 ], "texture": "#nagaspear" },
				"up": { "uv": [ 11, 15, 10, 14 ], "texture": "#nagaspear" },
				"north": { "uv": [ 9, 9, 8, 8 ], "texture": "#nagaspear" },
				"south": { "uv": [ 9, 14, 10, 15 ], "texture": "#nagaspear" },
				"west": { "uv": [ 12, 14, 13, 15 ], "texture": "#nagaspear", "rotation": 270 },
				"east": { "uv": [ 13, 14, 14, 15 ], "texture": "#nagaspear", "rotation": 90 }
			}
		},
		{
			"__comment": "Box4",
			"from": [ 10.6355, 19.2606, 13.8976 ],
			"to": [ 10.93783, 19.73299, 14.9776 ],
			"faces": {
				"down": { "uv": [ 9, 12, 10, 13 ], "texture": "#nagaspear" },
				"up": { "uv": [ 10, 14, 9, 13 ], "texture": "#nagaspear" },
				"north": { "uv": [ 15, 15, 14, 14 ], "texture": "#nagaspear" },
				"south": { "uv": [ 15, 14, 16, 15 ], "texture": "#nagaspear" },
				"west": { "uv": [ 9, 11, 10, 12 ], "texture": "#nagaspear", "rotation": 270 },
				"east": { "uv": [ 9, 10, 10, 11 ], "texture": "#nagaspear", "rotation": 90 }
			}
		},
		{
			"__comment": "Box4",
			"from": [ 10.6354, 19.4672, 14.3965 ],
			"to": [ 10.93773, 19.93959, 15.4765 ],
			"faces": {
				"down": { "uv": [ 11, 13, 12, 14 ], "texture": "#nagaspear" },
				"up": { "uv": [ 11, 14, 10, 13 ], "texture": "#nagaspear" },
				"north": { "uv": [ 10, 10, 9, 9 ], "texture": "#nagaspear" },
				"south": { "uv": [ 9, 8, 10, 9 ], "texture": "#nagaspear" },
				"west": { "uv": [ 12, 13, 13, 14 ], "texture": "#nagaspear", "rotation": 270 },
				"east": { "uv": [ 13, 13, 14, 14 ], "texture": "#nagaspear", "rotation": 90 }
			}
		}
	],
	"display": {
		"thirdperson_righthand": {
			"rotation":  [ 10, 0, 0 ],
			"translation":  [ 0.0026, -1.366, -2.086 ]
		},
		"thirdperson_lefthand": {
			"rotation":  [ 10, 0, 0 ],
			"translation":  [ 0.0026, -1.366, -2.086 ]
		},
		"firstperson_righthand": {
			"rotation":  [ 0, -7, 0 ],
			"translation":  [ -5.565, -12.52, 0 ],
			"scale":  [ 1.2695, 2, 1.9304 ]
		},
		"firstperson_lefthand": {
			"rotation":  [ 0, -9, 0 ],
			"translation":  [ -3.478, -13.21, 0 ],
			"scale":  [ 1.4086, 2, 2 ]
		},
		"gui": {
			"rotation":  [ 0, 172, 0 ],
			"translation":  [ 0.6956, -0.691, 0 ],
			"scale":  [ 0.8, 0.8, 0.8 ]
		},
		"head": {
			"translation":  [ -2.086, -9.042, -9.739 ],
			"scale":  [ 4, 4, 4 ]
		},
		"ground": {
			"rotation":  [ 90, 90, 0 ],
			"translation":  [ -1.39, 0, -0.69 ],
			"scale":  [ 0.5, 0.5, 0.5 ]
		},
		"fixed": {
			"rotation":  [ -90, 0, 0 ],
			"translation":  [ -2.086, -18.07, -34.08 ],
			"scale":  [ 4, 4, 4 ]
		}
	}
}