{
	"__comment": "Designed by Sefreneth with Cubik Studio - https://cubik.studio",
	"textures": {
		"nagaspellsinger": "item/nagaspellsinger",
		"nagaspear": "item/nagaspear"
	},
	"elements": [ 	 
		{
			"__comment": "Box1",
			"from": [ 13.4413, -0.9322, 14.0429 ],
			"to": [ 14.24502, 0.1394299, 16.18616 ],
			"rotation": { "origin": [ 18.625, -1, 17.875 ], "axis": "y", "angle": -22.5 },
			"faces": {
				"down": { "uv": [ 8, 8.5, 8.5, 9.5 ], "texture": "#nagaspellsinger", "rotation": 180 },
				"up": { "uv": [ 12, 8.5, 12.5, 9.5 ], "texture": "#nagaspellsinger", "rotation": 180 },
				"north": { "uv": [ 12.5, 8.5625, 13, 9.0625 ], "texture": "#nagaspellsinger" },
				"south": { "uv": [ 6.5, 0, 7, 0.5 ], "texture": "#nagaspellsinger" },
				"west": { "uv": [ 13.5, 10, 14.5, 9.5 ], "texture": "#nagaspellsinger", "rotation": 270 },
				"east": { "uv": [ 13.5, 9.5, 14.5, 10 ], "texture": "#nagaspellsinger", "rotation": 270 }
			}
		},
		{
			"__comment": "Box1",
			"from": [ 6.5471, -0.8637, -3.1057 ],
			"to": [ 10.0471, 1.1363, -2.6057 ],
			"rotation": { "origin": [ 10.17968, 1.297575, 3.211885 ], "axis": "x", "angle": 0 },
			"faces": {
				"down": { "uv": [ 8, 10, 6.5, 9.5 ], "texture": "#nagaspellsinger" },
				"up": { "uv": [ 14.5, 10, 16, 10.5 ], "texture": "#nagaspellsinger" },
				"north": { "uv": [ 3.5, 9, 2, 7.5 ], "texture": "#nagaspellsinger" },
				"south": { "uv": [ 2, 9, 3.5, 10.5 ], "texture": "#nagaspellsinger" },
				"west": { "uv": [ 8, 9.5, 9.5, 10 ], "texture": "#nagaspellsinger", "rotation": 270 },
				"east": { "uv": [ 14.5, 10.5, 16, 11 ], "texture": "#nagaspellsinger", "rotation": 90 }
			}
		},
		{
			"__comment": "Box1",
			"from": [ 6.6819, -0.7353, -0.6153 ],
			"to": [ 10.1819, 1.2647, 2.8847 ],
			"faces": {
				"down": { "uv": [ 3.5, 4.5, 2, 3 ], "texture": "#nagaspellsinger" },
				"up": { "uv": [ 2, 1.5, 3.5, 3 ], "texture": "#nagaspellsinger" },
				"north": { "uv": [ 12.5, 12, 11, 11 ], "texture": "#nagaspellsinger" },
				"south": { "uv": [ 3.5, 5, 4.5, 6.5 ], "texture": "#nagaspellsinger" },
				"west": { "uv": [ 3.5, 8, 4.5, 9.5 ], "texture": "#nagaspellsinger", "rotation": 270 },
				"east": { "uv": [ 4.5, 8, 3.5, 9.5 ], "texture": "#nagaspellsinger", "rotation": 90 }
			}
		},
		{
			"__comment": "Box1",
			"from": [ 6.4659, -0.829, 2.19 ],
			"to": [ 10.4659, 2.171, 6.19 ],
			"faces": {
				"down": { "uv": [ 14.5, 14, 13, 12 ], "texture": "#nagaspellsinger" },
				"up": { "uv": [ 11.5, 12, 13, 14 ], "texture": "#nagaspellsinger" },
				"north": { "uv": [ 3.5, 12, 2, 10.5 ], "texture": "#nagaspellsinger" },
				"south": { "uv": [ 2, 0, 3.5, 1.5 ], "texture": "#nagaspellsinger" },
				"west": { "uv": [ 10, 12, 11.5, 14 ], "texture": "#nagaspellsinger", "rotation": 270 },
				"east": { "uv": [ 11.5, 12, 10, 14 ], "texture": "#nagaspellsinger", "rotation": 90 }
			}
		},
		{
			"__comment": "Box1",
			"from": [ 6.9748, -0.8727, 5.5447 ],
			"to": [ 9.921782, 2.342191, 8.491682 ],
			"faces": {
				"down": { "uv": [ 12.5, 11, 11.5, 10 ], "texture": "#nagaspellsinger" },
				"up": { "uv": [ 10.5, 10, 11.5, 11 ], "texture": "#nagaspellsinger" },
				"north": { "uv": [ 4.5, 6.5, 3.5, 5 ], "texture": "#nagaspellsinger" },
				"south": { "uv": [ 3.5, 6.5, 4.5, 8 ], "texture": "#nagaspellsinger" },
				"west": { "uv": [ 5, 11, 6.5, 12 ], "texture": "#nagaspellsinger", "rotation": 270 },
				"east": { "uv": [ 6.5, 11, 5, 12 ], "texture": "#nagaspellsinger", "rotation": 90 }
			}
		},
		{
			"__comment": "Box1",
			"from": [ 7.1087, -0.9044999, 8.064 ],
			"to": [ 9.787775, 2.04248, 11.01098 ],
			"faces": {
				"down": { "uv": [ 13.5, 12, 12.5, 11 ], "texture": "#nagaspellsinger" },
				"up": { "uv": [ 13.5, 11, 14.5, 12 ], "texture": "#nagaspellsinger" },
				"north": { "uv": [ 14.5, 11, 13.5, 10 ], "texture": "#nagaspellsinger" },
				"south": { "uv": [ 12.5, 10, 13.5, 11 ], "texture": "#nagaspellsinger" },
				"west": { "uv": [ 14.5, 11, 15.5, 12 ], "texture": "#nagaspellsinger", "rotation": 270 },
				"east": { "uv": [ 15.5, 11, 14.5, 12 ], "texture": "#nagaspellsinger", "rotation": 90 }
			}
		},
		{
			"__comment": "Box1",
			"from": [ 7.2427, -0.8366, 10.9038 ],
			"to": [ 9.653866, 1.842475, 13.58288 ],
			"faces": {
				"down": { "uv": [ 3.5, 1.5, 4.5, 2.5 ], "texture": "#nagaspellsinger" },
				"up": { "uv": [ 3.5, 0.5, 4.5, 1.5 ], "texture": "#nagaspellsinger" },
				"north": { "uv": [ 4.5, 10, 5.5, 11 ], "texture": "#nagaspellsinger" },
				"south": { "uv": [ 4.5, 9, 5.5, 10 ], "texture": "#nagaspellsinger" },
				"west": { "uv": [ 4.5, 8, 5.5, 9 ], "texture": "#nagaspellsinger", "rotation": 270 },
				"east": { "uv": [ 4.5, 9, 5.5, 8 ], "texture": "#nagaspellsinger", "rotation": 270 }
			}
		},
		{
			"__comment": "Box1",
			"from": [ 9.0203, -0.8374, 12.734 ],
			"to": [ 11.16356, 1.573767, 14.87726 ],
			"rotation": { "origin": [ 9.399177, -0.8374774, 15.03418 ], "axis": "y", "angle": 45 },
			"faces": {
				"down": { "uv": [ 4.5, 6, 5.5, 7 ], "texture": "#nagaspellsinger" },
				"up": { "uv": [ 4.5, 5, 5.5, 6 ], "texture": "#nagaspellsinger" },
				"north": { "uv": [ 4.5, 4, 5.5, 5 ], "texture": "#nagaspellsinger" },
				"south": { "uv": [ 4.5, 3, 5.5, 4 ], "texture": "#nagaspellsinger" },
				"west": { "uv": [ 4.5, 2, 5.5, 3 ], "texture": "#nagaspellsinger", "rotation": 270 },
				"east": { "uv": [ 4.5, 3, 5.5, 2 ], "texture": "#nagaspellsinger", "rotation": 270 }
			}
		},
		{
			"__comment": "Box1",
			"from": [ 11.1962, -0.7697, 14.3219 ],
			"to": [ 13.33946, 0.8377448, 15.66144 ],
			"rotation": { "origin": [ 9.524177, -0.8374774, 15.78418 ], "axis": "y", "angle": 0 },
			"faces": {
				"down": { "uv": [ 7.5, 8.5, 8, 9.5 ], "texture": "#nagaspellsinger", "rotation": 90 },
				"up": { "uv": [ 7, 8.5, 7.5, 9.5 ], "texture": "#nagaspellsinger", "rotation": 270 },
				"north": { "uv": [ 11.5, 10, 12.5, 9.5 ], "texture": "#nagaspellsinger", "rotation": 270 },
				"south": { "uv": [ 11.5, 9.5, 12.5, 10 ], "texture": "#nagaspellsinger", "rotation": 270 },
				"west": { "uv": [ 15.5, 8, 16, 8.5 ], "texture": "#nagaspellsinger" },
				"east": { "uv": [ 7.5, 3.5, 8, 4 ], "texture": "#nagaspellsinger" }
			}
		},
		{
			"__comment": "Box1",
			"from": [ 14.0378, -0.7705, 15.4071 ],
			"to": [ 16.18106, 0.5690375, 16.47873 ],
			"rotation": { "origin": [ 11.27418, -0.8374774, 18.03418 ], "axis": "y", "angle": 22.5 },
			"faces": {
				"down": { "uv": [ 6.5, 1.5, 7, 2.5 ], "texture": "#nagaspellsinger", "rotation": 90 },
				"up": { "uv": [ 6, 0, 6.5, 1 ], "texture": "#nagaspellsinger", "rotation": 270 },
				"north": { "uv": [ 10, 9.5, 11, 9 ], "texture": "#nagaspellsinger", "rotation": 270 },
				"south": { "uv": [ 10, 9, 11, 9.5 ], "texture": "#nagaspellsinger", "rotation": 270 },
				"west": { "uv": [ 10.5, 7.5, 11, 8 ], "texture": "#nagaspellsinger" },
				"east": { "uv": [ 11, 7.5, 11.5, 8 ], "texture": "#nagaspellsinger" }
			}
		},
		{
			"__comment": "Box1",
			"from": [ 9.2191, -0.7705, 13.488 ],
			"to": [ 11.36236, 1.104852, 15.09544 ],
			"rotation": { "origin": [ 9.399177, -0.8374774, 15.03418 ], "axis": "y", "angle": -22.5 },
			"faces": {
				"down": { "uv": [ 9, 8.5, 9.5, 9.5 ], "texture": "#nagaspellsinger", "rotation": 90 },
				"up": { "uv": [ 11, 8.5, 11.5, 9.5 ], "texture": "#nagaspellsinger", "rotation": 270 },
				"north": { "uv": [ 10, 9, 11, 8.5 ], "texture": "#nagaspellsinger", "rotation": 270 },
				"south": { "uv": [ 10, 8.5, 11, 9 ], "texture": "#nagaspellsinger", "rotation": 270 },
				"west": { "uv": [ 11.5, 7.5, 12, 8 ], "texture": "#nagaspellsinger" },
				"east": { "uv": [ 12, 7.5, 12.5, 8 ], "texture": "#nagaspellsinger" }
			}
		},
		{
			"__comment": "Box1",
			"from": [ 7.623, -0.1699, -4.9433 ],
			"to": [ 8.973, 1.1801, -3.4433 ],
			"faces": {
				"down": { "uv": [ 5.5, 1, 4.5, 0 ], "texture": "#nagaspellsinger" },
				"up": { "uv": [ 13.5, 7.5, 14, 8 ], "texture": "#nagaspellsinger" },
				"north": { "uv": [ 13.5, 8, 13, 7.5 ], "texture": "#nagaspellsinger" },
				"south": { "uv": [ 12.5, 7.5, 13, 8 ], "texture": "#nagaspellsinger" },
				"west": { "uv": [ 14, 7.5, 14.5, 8 ], "texture": "#nagaspellsinger", "rotation": 90 },
				"east": { "uv": [ 14.5, 7.5, 14, 8 ], "texture": "#nagaspellsinger", "rotation": 270 }
			}
		},
		{
			"__comment": "Box17",
			"from": [ 10.0643, -0.1608, -2.8239 ],
			"to": [ 11.41805, 1.19295, 0.1761 ],
			"faces": {
				"down": { "uv": [ 6, 8.5, 5.5, 7 ], "texture": "#nagaspellsinger" },
				"up": { "uv": [ 5.5, 7, 6, 8.5 ], "texture": "#nagaspellsinger" },
				"north": { "uv": [ 16, 8, 15.5, 7.5 ], "texture": "#nagaspellsinger" },
				"south": { "uv": [ 15, 7.5, 15.5, 8 ], "texture": "#nagaspellsinger" },
				"west": { "uv": [ 5.5, 7, 6, 8.5 ], "texture": "#nagaspellsinger", "rotation": 270 },
				"east": { "uv": [ 5.5, 7, 6, 8.5 ], "texture": "#nagaspellsinger", "rotation": 90 }
			}
		},
		{
			"__comment": "Box17",
			"from": [ 10.1797, -3.9061, 1.756 ],
			"to": [ 11.2822, -2.8036, 2.756 ],
			"rotation": { "origin": [ 7.108709, -4.279454, 9.38591 ], "axis": "x", "angle": 22.5 },
			"faces": {
				"down": { "uv": [ 8, 5, 8.5, 4.5 ], "texture": "#nagaspellsinger" },
				"up": { "uv": [ 8, 4.5, 8.5, 5 ], "texture": "#nagaspellsinger" },
				"north": { "uv": [ 8.5, 7, 8, 6.5 ], "texture": "#nagaspellsinger" },
				"south": { "uv": [ 9, 6.5, 8.5, 7 ], "texture": "#nagaspellsinger" },
				"west": { "uv": [ 8, 1, 8.5, 1.5 ], "texture": "#nagaspellsinger", "rotation": 270 },
				"east": { "uv": [ 8, 3.5, 8.5, 4 ], "texture": "#nagaspellsinger", "rotation": 90 }
			}
		},
		{
			"__comment": "Box17",
			"from": [ 10.1797, -3.9061, -1.2085 ],
			"to": [ 11.1797, -2.9061, 1.7915 ],
			"rotation": { "origin": [ 7.108709, -4.279454, 9.38591 ], "axis": "x", "angle": 22.5 },
			"faces": {
				"down": { "uv": [ 6.5, 10, 6, 8.5 ], "texture": "#nagaspellsinger" },
				"up": { "uv": [ 6, 8.5, 6.5, 10 ], "texture": "#nagaspellsinger" },
				"north": { "uv": [ 10, 7.5, 9.5, 7 ], "texture": "#nagaspellsinger" },
				"south": { "uv": [ 8, 0, 8.5, 0.5 ], "texture": "#nagaspellsinger" },
				"west": { "uv": [ 6, 8.5, 6.5, 10 ], "texture": "#nagaspellsinger", "rotation": 270 },
				"east": { "uv": [ 6, 8.5, 6.5, 10 ], "texture": "#nagaspellsinger", "rotation": 90 }
			}
		},
		{
			"__comment": "PlaneX29",
			"from": [ 9.8637, 0.8947999, -3.1643 ],
			"to": [ 9.864551, 4.91341, 3.80129 ],
			"faces": {
				"west": { "uv": [ 0, 2, 2, 5 ], "texture": "#nagaspellsinger", "rotation": 90 },
				"east": { "uv": [ 2, 2, 0, 5 ], "texture": "#nagaspellsinger", "rotation": 270 }
			}
		},
		{
			"__comment": "PlaneX29",
			"from": [ 9.5328, -5.1356, -4.3227 ],
			"to": [ 13.5328, -5.1346, -0.3227 ],
			"rotation": { "origin": [ 7.108709, -4.279454, 9.38591 ], "axis": "x", "angle": 22.5 },
			"faces": {
				"down": { "uv": [ 11, 16, 13, 14 ], "texture": "#nagaspellsinger", "rotation": 180 },
				"up": { "uv": [ 11, 14, 13, 16 ], "texture": "#nagaspellsinger", "rotation": 180 }
			}
		},
		{
			"__comment": "PlaneX29",
			"from": [ 13.8097, 0.1421, 14.0941 ],
			"to": [ 13.81055, 2.017452, 15.96945 ],
			"rotation": { "origin": [ 18.625, -1, 17.875 ], "axis": "y", "angle": -22.5 },
			"faces": {
				"west": { "uv": [ 9, 15.5, 10, 14.5 ], "texture": "#nagaspellsinger", "rotation": 270 },
				"east": { "uv": [ 9, 14.5, 10, 15.5 ], "texture": "#nagaspellsinger", "rotation": 270 }
			}
		},
		{
			"__comment": "PlaneX29",
			"from": [ 8.4482, 1.5771, 11.8875 ],
			"to": [ 8.449051, 3.452452, 13.49494 ],
			"faces": {
				"west": { "uv": [ 13, 14, 14, 15 ], "texture": "#nagaspellsinger", "rotation": 90 },
				"east": { "uv": [ 13, 15, 14, 14 ], "texture": "#nagaspellsinger", "rotation": 90 }
			}
		},
		{
			"__comment": "PlaneX29",
			"from": [ 10.0849, 1.5763, 13.0633 ],
			"to": [ 10.08575, 3.451652, 14.93865 ],
			"rotation": { "origin": [ 9.399177, -0.8374774, 15.03418 ], "axis": "y", "angle": 45 },
			"faces": {
				"west": { "uv": [ 13, 14, 14, 15 ], "texture": "#nagaspellsinger", "rotation": 90 },
				"east": { "uv": [ 13, 15, 14, 14 ], "texture": "#nagaspellsinger", "rotation": 90 }
			}
		},
		{
			"__comment": "PlaneX29",
			"from": [ 11.4209, 0.8404, 14.983 ],
			"to": [ 13.29625, 2.715752, 14.98385 ],
			"rotation": { "origin": [ 9.524177, -0.8374774, 15.78418 ], "axis": "y", "angle": 0 },
			"faces": {
				"north": { "uv": [ 13, 15, 14, 14 ], "texture": "#nagaspellsinger", "rotation": 90 },
				"south": { "uv": [ 13, 14, 14, 15 ], "texture": "#nagaspellsinger", "rotation": 90 }
			}
		},
		{
			"__comment": "PlaneX29",
			"from": [ 14.3502, 0.4377, 15.932 ],
			"to": [ 16.22555, 2.313052, 15.93285 ],
			"rotation": { "origin": [ 11.27418, -0.8374774, 18.03418 ], "axis": "y", "angle": 22.5 },
			"faces": {
				"north": { "uv": [ 14, 15, 15, 14 ], "texture": "#nagaspellsinger", "rotation": 270 },
				"south": { "uv": [ 14, 14, 15, 15 ], "texture": "#nagaspellsinger", "rotation": 270 }
			}
		},
		{
			"__comment": "PlaneX29",
			"from": [ 9.5352, 1.1075, 14.2631 ],
			"to": [ 11.41055, 2.982852, 14.26395 ],
			"rotation": { "origin": [ 9.399177, -0.8374774, 15.03418 ], "axis": "y", "angle": -22.5 },
			"faces": {
				"north": { "uv": [ 13, 15, 14, 14 ], "texture": "#nagaspellsinger", "rotation": 90 },
				"south": { "uv": [ 13, 14, 14, 15 ], "texture": "#nagaspellsinger", "rotation": 90 }
			}
		},
		{
			"__comment": "PlaneX29",
			"from": [ 10.5503, -2.9867, -0.7802 ],
			"to": [ 10.5513, -1.4867, 1.7198 ],
			"rotation": { "origin": [ 7.108709, -4.279454, 9.38591 ], "axis": "x", "angle": 22.5 },
			"faces": {
				"west": { "uv": [ 9.5, 8.5, 10, 9.5 ], "texture": "#nagaspellsinger", "rotation": 90 },
				"east": { "uv": [ 10, 8.5, 9.5, 9.5 ], "texture": "#nagaspellsinger", "rotation": 270 }
			}
		},
		{
			"__comment": "Box1",
			"from": [ 7.5877, -0.7746, -5.2195 ],
			"to": [ 9.0877, 1.2254, -4.7195 ],
			"faces": {
				"down": { "uv": [ 13.5, 9.5, 12.5, 9.0625 ], "texture": "#nagaspellsinger", "rotation": 180 },
				"up": { "uv": [ 15.5, 9.5, 16, 10 ], "texture": "#nagaspellsinger" },
				"north": { "uv": [ 7, 1.5, 6.5, 0.5 ], "texture": "#nagaspellsinger", "rotation": 90 },
				"south": { "uv": [ 5.5, 0, 6, 1 ], "texture": "#nagaspellsinger" },
				"west": { "uv": [ 9.5, 9.5, 10.5, 10 ], "texture": "#nagaspellsinger", "rotation": 270 },
				"east": { "uv": [ 10.5, 9.5, 9.5, 10 ], "texture": "#nagaspellsinger", "rotation": 90 }
			}
		},
		{
			"__comment": "Box1",
			"from": [ 8.7932, -1.6493, -2.3262 ],
			"to": [ 9.83864, -0.9292997, -1.0194 ],
			"rotation": { "origin": [ 10.17968, 1.297575, 3.211885 ], "axis": "x", "angle": 0 },
			"faces": {
				"down": { "uv": [ 7, 4, 7.5, 3.5 ], "texture": "#nagaspellsinger" },
				"up": { "uv": [ 14, 9, 14.5, 9.5 ], "texture": "#nagaspellsinger" },
				"north": { "uv": [ 7.5, 4, 7, 4.5 ], "texture": "#nagaspellsinger", "rotation": 90 },
				"south": { "uv": [ 7, 5, 7.5, 4.5 ], "texture": "#nagaspellsinger", "rotation": 270 },
				"west": { "uv": [ 7.5, 2, 7, 2.5 ], "texture": "#nagaspellsinger", "rotation": 270 },
				"east": { "uv": [ 7.5, 2.5, 7, 3 ], "texture": "#nagaspellsinger", "rotation": 90 }
			}
		},
		{
			"__comment": "Box1",
			"from": [ 8.575399, -1.3733, -2.6529 ],
			"to": [ 10.14356, -0.5092996, -0.9104998 ],
			"rotation": { "origin": [ 10.17968, 1.297575, 3.211885 ], "axis": "x", "angle": 0 },
			"faces": {
				"down": { "uv": [ 7, 1, 7.5, 0.5 ], "texture": "#nagaspellsinger" },
				"up": { "uv": [ 15, 8.5, 15.5, 9 ], "texture": "#nagaspellsinger" },
				"north": { "uv": [ 7.5, 1, 7, 1.5 ], "texture": "#nagaspellsinger", "rotation": 90 },
				"south": { "uv": [ 7, 1.5, 7.5, 2 ], "texture": "#nagaspellsinger", "rotation": 270 },
				"west": { "uv": [ 8.5, 8, 8, 8.5 ], "texture": "#nagaspellsinger", "rotation": 270 },
				"east": { "uv": [ 8, 8, 7.5, 8.5 ], "texture": "#nagaspellsinger", "rotation": 90 }
			}
		},
		{
			"__comment": "Box1",
			"from": [ 8.6701, -0.9593, -1.1283 ],
			"to": [ 9.9769, -0.5992994, -0.6926997 ],
			"rotation": { "origin": [ 10.17968, 1.297575, 3.211885 ], "axis": "x", "angle": 0 },
			"faces": {
				"down": { "uv": [ 10, 8.5, 9.5, 8 ], "texture": "#nagaspellsinger" },
				"up": { "uv": [ 7, 6, 7.5, 6.5 ], "texture": "#nagaspellsinger" },
				"north": { "uv": [ 7.5, 7.5, 7, 7 ], "texture": "#nagaspellsinger", "rotation": 90 },
				"south": { "uv": [ 8.5, 8, 9, 8.5 ], "texture": "#nagaspellsinger", "rotation": 270 },
				"west": { "uv": [ 7, 5.5, 7.5, 6 ], "texture": "#nagaspellsinger", "rotation": 270 },
				"east": { "uv": [ 7, 5, 7.5, 5.5 ], "texture": "#nagaspellsinger", "rotation": 90 }
			}
		},
		{
			"__comment": "Box1",
			"from": [ 6.9035, -1.6493, -2.3262 ],
			"to": [ 7.948938, -0.9292997, -1.0194 ],
			"rotation": { "origin": [ 10.17968, 1.297575, 3.211885 ], "axis": "x", "angle": 0 },
			"faces": {
				"down": { "uv": [ 7.5, 4, 7, 3.5 ], "texture": "#nagaspellsinger" },
				"up": { "uv": [ 7, 3, 7.5, 3.5 ], "texture": "#nagaspellsinger" },
				"north": { "uv": [ 7.5, 4.5, 7, 4 ], "texture": "#nagaspellsinger", "rotation": 90 },
				"south": { "uv": [ 7, 4.5, 7.5, 5 ], "texture": "#nagaspellsinger", "rotation": 270 },
				"west": { "uv": [ 7, 2.5, 7.5, 3 ], "texture": "#nagaspellsinger", "rotation": 270 },
				"east": { "uv": [ 7, 2, 7.5, 2.5 ], "texture": "#nagaspellsinger", "rotation": 90 }
			}
		},
		{
			"__comment": "Box1",
			"from": [ 6.555, -1.3733, -2.6529 ],
			"to": [ 8.123159, -0.5092996, -0.9104998 ],
			"rotation": { "origin": [ 10.17968, 1.297575, 3.211885 ], "axis": "x", "angle": 0 },
			"faces": {
				"down": { "uv": [ 7.5, 1, 7, 0.5 ], "texture": "#nagaspellsinger" },
				"up": { "uv": [ 7, 0, 7.5, 0.5 ], "texture": "#nagaspellsinger" },
				"north": { "uv": [ 7.5, 1.5, 7, 1 ], "texture": "#nagaspellsinger", "rotation": 90 },
				"south": { "uv": [ 7, 1.5, 7.5, 2 ], "texture": "#nagaspellsinger", "rotation": 270 },
				"west": { "uv": [ 7.5, 8, 8, 8.5 ], "texture": "#nagaspellsinger", "rotation": 270 },
				"east": { "uv": [ 8, 8, 8.5, 8.5 ], "texture": "#nagaspellsinger", "rotation": 90 }
			}
		},
		{
			"__comment": "Box1",
			"from": [ 6.7205, -0.9593, -1.1283 ],
			"to": [ 8.027299, -0.5992994, -0.6926997 ],
			"rotation": { "origin": [ 10.17968, 1.297575, 3.211885 ], "axis": "x", "angle": 0 },
			"faces": {
				"down": { "uv": [ 10, 8.5, 9.5, 8 ], "texture": "#nagaspellsinger" },
				"up": { "uv": [ 10, 8, 10.5, 8.5 ], "texture": "#nagaspellsinger" },
				"north": { "uv": [ 9.5, 8.5, 9, 8 ], "texture": "#nagaspellsinger", "rotation": 90 },
				"south": { "uv": [ 8.5, 8, 9, 8.5 ], "texture": "#nagaspellsinger", "rotation": 270 },
				"west": { "uv": [ 10.5, 8, 11, 8.5 ], "texture": "#nagaspellsinger", "rotation": 270 },
				"east": { "uv": [ 11, 8, 11.5, 8.5 ], "texture": "#nagaspellsinger", "rotation": 90 }
			}
		},
		{
			"__comment": "Box1",
			"from": [ 8.5121, -12.223, -3.5868 ],
			"to": [ 8.675074, -12.04835, -3.41215 ],
			"rotation": { "origin": [ 7.108709, -4.279454, 9.38591 ], "axis": "x", "angle": 45 },
			"faces": {
				"down": { "uv": [ 12, 8, 12.5, 8.5 ], "texture": "#nagaspellsinger", "rotation": 270 },
				"up": { "uv": [ 11.5, 8, 12, 8.5 ], "texture": "#nagaspellsinger", "rotation": 90 },
				"north": { "uv": [ 13.5, 8.5, 13, 8 ], "texture": "#nagaspellsinger", "rotation": 270 },
				"south": { "uv": [ 13, 8.5, 12.5, 8 ], "texture": "#nagaspellsinger", "rotation": 90 },
				"west": { "uv": [ 13.5, 8, 14, 8.5 ], "texture": "#nagaspellsinger", "rotation": 180 },
				"east": { "uv": [ 14, 8, 14.5, 8.5 ], "texture": "#nagaspellsinger", "rotation": 180 }
			}
		},
		{
			"__comment": "Box1",
			"from": [ 8.1248, -7.1082, -7.2636 ],
			"to": [ 8.512919, -6.720079, -5.82612 ],
			"rotation": { "origin": [ 7.108709, -4.279454, 9.38591 ], "axis": "x", "angle": 22.5 },
			"faces": {
				"down": { "uv": [ 7, 3.5, 6.5, 2.5 ], "texture": "#nagaspellsinger" },
				"up": { "uv": [ 7.5, 7.5, 8, 8 ], "texture": "#nagaspellsinger", "rotation": 270 },
				"north": { "uv": [ 15.5, 8.5, 15, 8 ], "texture": "#nagaspellsinger", "rotation": 270 },
				"south": { "uv": [ 14.5, 8, 15, 8.5 ], "texture": "#nagaspellsinger", "rotation": 90 },
				"west": { "uv": [ 7.5, 7, 8, 7.5 ], "texture": "#nagaspellsinger", "rotation": 270 },
				"east": { "uv": [ 7.5, 6.5, 8, 7 ], "texture": "#nagaspellsinger", "rotation": 90 }
			}
		},
		{
			"__comment": "Box1",
			"from": [ 8.0567, -12.2875, -3.5842 ],
			"to": [ 8.559703, -12.11285, -3.409546 ],
			"rotation": { "origin": [ 7.108709, -4.279454, 9.38591 ], "axis": "x", "angle": 45 },
			"faces": {
				"down": { "uv": [ 7.5, 5.5, 8, 6 ], "texture": "#nagaspellsinger" },
				"up": { "uv": [ 7.5, 6, 8, 6.5 ], "texture": "#nagaspellsinger", "rotation": 90 },
				"north": { "uv": [ 8, 5, 7.5, 4.5 ], "texture": "#nagaspellsinger", "rotation": 270 },
				"south": { "uv": [ 8, 5.5, 7.5, 5 ], "texture": "#nagaspellsinger", "rotation": 180 },
				"west": { "uv": [ 7.5, 4, 8, 4.5 ], "texture": "#nagaspellsinger", "rotation": 180 },
				"east": { "uv": [ 8, 5.5, 8.5, 6 ], "texture": "#nagaspellsinger", "rotation": 180 }
			}
		},
		{
			"__comment": "Box1",
			"from": [ 8.1085, 4.4611, -2.7213 ],
			"to": [ 8.515932, 4.635754, -2.546651 ],
			"rotation": { "origin": [ 7.108709, -4.279454, 9.38591 ], "axis": "x", "angle": -22.5 },
			"faces": {
				"down": { "uv": [ 8, 2.5, 7.5, 2 ], "texture": "#nagaspellsinger", "rotation": 180 },
				"up": { "uv": [ 7.5, 1.5, 8, 2 ], "texture": "#nagaspellsinger", "rotation": 270 },
				"north": { "uv": [ 8, 3, 7.5, 2.5 ], "texture": "#nagaspellsinger", "rotation": 270 },
				"south": { "uv": [ 7.5, 3, 8, 3.5 ], "texture": "#nagaspellsinger", "rotation": 90 },
				"west": { "uv": [ 7.5, 1, 8, 1.5 ], "texture": "#nagaspellsinger", "rotation": 270 },
				"east": { "uv": [ 7.5, 0.5, 8, 1 ], "texture": "#nagaspellsinger", "rotation": 90 }
			}
		},
		{
			"__comment": "Box1",
			"from": [ 7.9498, -12.223, -3.5868 ],
			"to": [ 8.112774, -12.04835, -3.41215 ],
			"rotation": { "origin": [ 7.108709, -4.279454, 9.38591 ], "axis": "x", "angle": 45 },
			"faces": {
				"down": { "uv": [ 8, 7.5, 8.5, 8 ], "texture": "#nagaspellsinger", "rotation": 270 },
				"up": { "uv": [ 7.5, 0, 8, 0.5 ], "texture": "#nagaspellsinger", "rotation": 90 },
				"north": { "uv": [ 9.5, 8, 9, 7.5 ], "texture": "#nagaspellsinger", "rotation": 270 },
				"south": { "uv": [ 9, 8, 8.5, 7.5 ], "texture": "#nagaspellsinger", "rotation": 90 },
				"west": { "uv": [ 9.5, 7.5, 10, 8 ], "texture": "#nagaspellsinger", "rotation": 180 },
				"east": { "uv": [ 10, 7.5, 10.5, 8 ], "texture": "#nagaspellsinger", "rotation": 180 }
			}
		},
		{
			"__comment": "Box1",
			"from": [ 7.2627, -0.7746, -7.5483 ],
			"to": [ 9.418919, 1.38162, -5.21958 ],
			"faces": {
				"down": { "uv": [ 6, 14, 4, 12 ], "texture": "#nagaspellsinger" },
				"up": { "uv": [ 6.5, 10, 7.5, 11 ], "texture": "#nagaspellsinger", "rotation": 90 },
				"north": { "uv": [ 7.5, 11, 6.5, 10 ], "texture": "#nagaspellsinger", "rotation": 90 },
				"south": { "uv": [ 5.5, 10, 6.5, 11 ], "texture": "#nagaspellsinger", "rotation": 270 },
				"west": { "uv": [ 9.5, 10, 10.5, 11 ], "texture": "#nagaspellsinger", "rotation": 270 },
				"east": { "uv": [ 10.5, 10, 9.5, 11 ], "texture": "#nagaspellsinger", "rotation": 90 }
			}
		},
		{
			"__comment": "Box1",
			"from": [ 6.5461, -0.664, -3.4373 ],
			"to": [ 10.0461, 1.336, -0.4373 ],
			"faces": {
				"down": { "uv": [ 3.5, 6, 2, 4.5 ], "texture": "#nagaspellsinger" },
				"up": { "uv": [ 2, 6, 3.5, 7.5 ], "texture": "#nagaspellsinger" },
				"north": { "uv": [ 11, 12, 9.5, 11 ], "texture": "#nagaspellsinger" },
				"south": { "uv": [ 3.5, 11, 5, 12 ], "texture": "#nagaspellsinger" },
				"west": { "uv": [ 3.5, 3.5, 4.5, 5 ], "texture": "#nagaspellsinger", "rotation": 270 },
				"east": { "uv": [ 4.5, 3.5, 3.5, 5 ], "texture": "#nagaspellsinger", "rotation": 90 }
			}
		},
		{
			"__comment": "PlaneX29",
			"from": [ 5.6753, -2.7733, -0.8266 ],
			"to": [ 5.6763, -1.2733, 1.6734 ],
			"rotation": { "origin": [ 7.108709, -4.279454, 9.38591 ], "axis": "x", "angle": 22.5 },
			"faces": {
				"west": { "uv": [ 9.5, 8.5, 10, 9.5 ], "texture": "#nagaspellsinger", "rotation": 90 },
				"east": { "uv": [ 10, 8.5, 9.5, 9.5 ], "texture": "#nagaspellsinger", "rotation": 270 }
			}
		},
		{
			"__comment": "Box17",
			"from": [ 5.3047, -3.7811, 1.756 ],
			"to": [ 6.4072, -2.6786, 2.756 ],
			"rotation": { "origin": [ 7.108709, -4.279454, 9.38591 ], "axis": "x", "angle": 22.5 },
			"faces": {
				"down": { "uv": [ 8.5, 5, 8, 4.5 ], "texture": "#nagaspellsinger" },
				"up": { "uv": [ 8.5, 4.5, 8, 5 ], "texture": "#nagaspellsinger" },
				"north": { "uv": [ 8.5, 5.5, 8, 5 ], "texture": "#nagaspellsinger" },
				"south": { "uv": [ 8.5, 6.5, 9, 7 ], "texture": "#nagaspellsinger" },
				"west": { "uv": [ 8, 3.5, 8.5, 4 ], "texture": "#nagaspellsinger", "rotation": 270 },
				"east": { "uv": [ 8, 3, 8.5, 3.5 ], "texture": "#nagaspellsinger", "rotation": 90 }
			}
		},
		{
			"__comment": "Box17",
			"from": [ 5.3047, -3.7811, -1.2085 ],
			"to": [ 6.3047, -2.7811, 1.7915 ],
			"rotation": { "origin": [ 7.108709, -4.279454, 9.38591 ], "axis": "x", "angle": 22.5 },
			"faces": {
				"down": { "uv": [ 6.5, 2.5, 6, 1 ], "texture": "#nagaspellsinger" },
				"up": { "uv": [ 6, 1, 6.5, 2.5 ], "texture": "#nagaspellsinger" },
				"north": { "uv": [ 8.5, 2.5, 8, 2 ], "texture": "#nagaspellsinger" },
				"south": { "uv": [ 8, 2.5, 8.5, 3 ], "texture": "#nagaspellsinger" },
				"west": { "uv": [ 6, 1, 6.5, 2.5 ], "texture": "#nagaspellsinger", "rotation": 270 },
				"east": { "uv": [ 6, 1, 6.5, 2.5 ], "texture": "#nagaspellsinger", "rotation": 90 }
			}
		},
		{
			"__comment": "Box17",
			"from": [ 5.1893, -0.0453, -2.776 ],
			"to": [ 6.54305, 1.30845, 0.224 ],
			"faces": {
				"down": { "uv": [ 7, 6.5, 6.5, 5 ], "texture": "#nagaspellsinger" },
				"up": { "uv": [ 6.5, 5, 7, 6.5 ], "texture": "#nagaspellsinger" },
				"north": { "uv": [ 9.5, 7.5, 9, 7 ], "texture": "#nagaspellsinger" },
				"south": { "uv": [ 8.5, 7, 9, 7.5 ], "texture": "#nagaspellsinger" },
				"west": { "uv": [ 6.5, 5, 7, 6.5 ], "texture": "#nagaspellsinger", "rotation": 270 },
				"east": { "uv": [ 6.5, 5, 7, 6.5 ], "texture": "#nagaspellsinger", "rotation": 90 }
			}
		},
		{
			"__comment": "PlaneX29",
			"from": [ 8.9078, 0.1448, -7.5363 ],
			"to": [ 12.9078, 0.1458004, -3.536301 ],
			"faces": {
				"down": { "uv": [ 8, 14, 10, 12 ], "texture": "#nagaspellsinger", "rotation": 180 },
				"up": { "uv": [ 8, 12, 10, 14 ], "texture": "#nagaspellsinger", "rotation": 180 }
			}
		},
		{
			"__comment": "PlaneX29",
			"from": [ 3.0328, -5.1356, -4.3227 ],
			"to": [ 7.0328, -5.1346, -0.3227 ],
			"rotation": { "origin": [ 7.108709, -4.279454, 9.38591 ], "axis": "x", "angle": 22.5 },
			"faces": {
				"down": { "uv": [ 13, 16, 11, 14 ], "texture": "#nagaspellsinger", "rotation": 180 },
				"up": { "uv": [ 13, 14, 11, 16 ], "texture": "#nagaspellsinger", "rotation": 180 }
			}
		},
		{
			"__comment": "PlaneX29",
			"from": [ 4.5328, 0.1448, -11.5363 ],
			"to": [ 12.0328, 0.1458004, -7.5363 ],
			"faces": {
				"down": { "uv": [ 3.5, 16, 0, 14 ], "texture": "#nagaspellsinger", "rotation": 180 },
				"up": { "uv": [ 3.5, 14, 0, 16 ], "texture": "#nagaspellsinger", "rotation": 180 }
			}
		},
		{
			"__comment": "PlaneX29",
			"from": [ 3.6578, 0.1448, -7.5363 ],
			"to": [ 7.6578, 0.1458004, -3.536301 ],
			"faces": {
				"down": { "uv": [ 10, 14, 8, 12 ], "texture": "#nagaspellsinger", "rotation": 180 },
				"up": { "uv": [ 10, 12, 8, 14 ], "texture": "#nagaspellsinger", "rotation": 180 }
			}
		},
		{
			"__comment": "PlaneX29",
			"from": [ 6.7828, 0.8947999, -3.3769 ],
			"to": [ 6.783649, 4.91341, 3.58869 ],
			"faces": {
				"west": { "uv": [ 0, 2, 2, 5 ], "texture": "#nagaspellsinger", "rotation": 90 },
				"east": { "uv": [ 2, 2, 0, 5 ], "texture": "#nagaspellsinger", "rotation": 270 }
			}
		},
		{
			"__comment": "Box1",
			"from": [ 12.375, -0.25, 3.878 ],
			"to": [ 12.96306, 0.3380604, 13.87502 ],
			"faces": {
				"down": { "uv": [ 1, 7.5, 0, 0 ], "texture": "#nagaspear" },
				"up": { "uv": [ 0, 0, 1, 7.5 ], "texture": "#nagaspear" },
				"north": { "uv": [ 1, 10, 0, 9 ], "texture": "#nagaspear" },
				"south": { "uv": [ 0, 10, 1, 11 ], "texture": "#nagaspear" },
				"west": { "uv": [ 0, 0, 1, 7.5 ], "texture": "#nagaspear", "rotation": 270 },
				"east": { "uv": [ 0, 0, 1, 7.5 ], "texture": "#nagaspear", "rotation": 90 }
			}
		},
		{
			"__comment": "Box1",
			"from": [ 12.2279, -0.3971, 13.7011 ],
			"to": [ 13.1279, 0.5029006, 14.6011 ],
			"faces": {
				"down": { "uv": [ 2.5, 1.5, 1, 0 ], "texture": "#nagaspear" },
				"up": { "uv": [ 1, 0, 2.5, 1.5 ], "texture": "#nagaspear" },
				"north": { "uv": [ 2.5, 1.5, 1, 0 ], "texture": "#nagaspear" },
				"south": { "uv": [ 1, 0, 2.5, 1.5 ], "texture": "#nagaspear" },
				"west": { "uv": [ 1, 0, 2.5, 1.5 ], "texture": "#nagaspear", "rotation": 270 },
				"east": { "uv": [ 1, 0, 2.5, 1.5 ], "texture": "#nagaspear", "rotation": 90 }
			}
		},
		{
			"__comment": "PlaneX23",
			"from": [ 12.6691, -3.7227, 4.0116 ],
			"to": [ 12.6709, -0.1226995, 6.711601 ],
			"faces": {
				"west": { "uv": [ 4, 2, 9, 7 ], "texture": "#nagaspear", "rotation": 270 },
				"east": { "uv": [ 9, 2, 4, 7 ], "texture": "#nagaspear", "rotation": 90 }
			}
		},
		{
			"__comment": "Box4",
			"from": [ 12.5523, -0.1329, -1.3861 ],
			"to": [ 12.79416, 0.16943, -0.3061 ],
			"faces": {
				"down": { "uv": [ 5, 16, 4, 15 ], "texture": "#nagaspear" },
				"up": { "uv": [ 4, 14, 5, 15 ], "texture": "#nagaspear" },
				"north": { "uv": [ 4, 9, 3, 8 ], "texture": "#nagaspear" },
				"south": { "uv": [ 3, 9, 4, 10 ], "texture": "#nagaspear" },
				"west": { "uv": [ 4, 13, 5, 14 ], "texture": "#nagaspear", "rotation": 270 },
				"east": { "uv": [ 4, 12, 5, 13 ], "texture": "#nagaspear", "rotation": 90 }
			}
		},
		{
			"__comment": "Box4",
			"from": [ 12.4321, -0.7, 2.2859 ],
			"to": [ 12.8929, 0.1999996, 3.9059 ],
			"faces": {
				"down": { "uv": [ 5, 10, 4, 9 ], "texture": "#nagaspear" },
				"up": { "uv": [ 4, 8, 5, 9 ], "texture": "#nagaspear" },
				"north": { "uv": [ 5, 11, 4, 10 ], "texture": "#nagaspear" },
				"south": { "uv": [ 4, 11, 5, 12 ], "texture": "#nagaspear" },
				"west": { "uv": [ 5, 15, 6, 16 ], "texture": "#nagaspear", "rotation": 270 },
				"east": { "uv": [ 5, 14, 6, 15 ], "texture": "#nagaspear", "rotation": 90 }
			}
		},
		{
			"__comment": "Box4",
			"from": [ 12.5105, -6.0226, -0.3705 ],
			"to": [ 12.81283, -5.605951, 0.7095009 ],
			"rotation": { "origin": [ 12.375, -0.25, 13.875 ], "axis": "x", "angle": 22.5 },
			"faces": {
				"down": { "uv": [ 6, 12, 5, 11 ], "texture": "#nagaspear" },
				"up": { "uv": [ 5, 10, 6, 11 ], "texture": "#nagaspear" },
				"north": { "uv": [ 6, 13, 5, 12 ], "texture": "#nagaspear" },
				"south": { "uv": [ 5, 13, 6, 14 ], "texture": "#nagaspear" },
				"west": { "uv": [ 5, 9, 6, 10 ], "texture": "#nagaspear", "rotation": 90 },
				"east": { "uv": [ 5, 8, 6, 9 ], "texture": "#nagaspear", "rotation": 270 }
			}
		},
		{
			"__comment": "Box4",
			"from": [ 12.5519, -0.313, -0.3493 ],
			"to": [ 12.79376, 0.1593902, 1.205901 ],
			"faces": {
				"down": { "uv": [ 7, 14, 6, 13 ], "texture": "#nagaspear" },
				"up": { "uv": [ 6, 12, 7, 13 ], "texture": "#nagaspear" },
				"north": { "uv": [ 7, 15, 6, 14 ], "texture": "#nagaspear" },
				"south": { "uv": [ 6, 15, 7, 16 ], "texture": "#nagaspear" },
				"west": { "uv": [ 6, 11, 7, 12 ], "texture": "#nagaspear", "rotation": 270 },
				"east": { "uv": [ 6, 10, 7, 11 ], "texture": "#nagaspear", "rotation": 90 }
			}
		},
		{
			"__comment": "Box4",
			"from": [ 12.5107, -0.439, 1.2059 ],
			"to": [ 12.81303, 0.1514904, 2.2859 ],
			"faces": {
				"down": { "uv": [ 8, 16, 7, 15 ], "texture": "#nagaspear" },
				"up": { "uv": [ 7, 14, 8, 15 ], "texture": "#nagaspear" },
				"north": { "uv": [ 7, 9, 6, 8 ], "texture": "#nagaspear" },
				"south": { "uv": [ 6, 9, 7, 10 ], "texture": "#nagaspear" },
				"west": { "uv": [ 7, 13, 8, 14 ], "texture": "#nagaspear", "rotation": 270 },
				"east": { "uv": [ 7, 12, 8, 13 ], "texture": "#nagaspear", "rotation": 90 }
			}
		},
		{
			"__comment": "Box4",
			"from": [ 12.5105, -4.989, 3.5851 ],
			"to": [ 12.81283, -4.398511, 4.6651 ],
			"rotation": { "origin": [ 12.375, -0.25, 13.875 ], "axis": "x", "angle": 22.5 },
			"faces": {
				"down": { "uv": [ 8, 10, 7, 9 ], "texture": "#nagaspear" },
				"up": { "uv": [ 7, 8, 8, 9 ], "texture": "#nagaspear" },
				"north": { "uv": [ 8, 11, 7, 10 ], "texture": "#nagaspear" },
				"south": { "uv": [ 7, 11, 8, 12 ], "texture": "#nagaspear" },
				"west": { "uv": [ 8, 15, 9, 16 ], "texture": "#nagaspear", "rotation": 90 },
				"east": { "uv": [ 9, 15, 10, 16 ], "texture": "#nagaspear", "rotation": 270 }
			}
		},
		{
			"__comment": "Box4",
			"from": [ 12.5104, -5.1958, 3.0862 ],
			"to": [ 12.81273, -4.605311, 4.1662 ],
			"rotation": { "origin": [ 12.375, -0.25, 13.875 ], "axis": "x", "angle": 22.5 },
			"faces": {
				"down": { "uv": [ 13, 16, 12, 15 ], "texture": "#nagaspear" },
				"up": { "uv": [ 13, 15, 14, 16 ], "texture": "#nagaspear" },
				"north": { "uv": [ 12, 16, 11, 15 ], "texture": "#nagaspear" },
				"south": { "uv": [ 10, 15, 11, 16 ], "texture": "#nagaspear" },
				"west": { "uv": [ 14, 15, 15, 16 ], "texture": "#nagaspear", "rotation": 90 },
				"east": { "uv": [ 15, 15, 16, 16 ], "texture": "#nagaspear", "rotation": 270 }
			}
		},
		{
			"__comment": "Box4",
			"from": [ 12.5105, -5.5058, 2.3379 ],
			"to": [ 12.81283, -4.915311, 3.4179 ],
			"rotation": { "origin": [ 12.375, -0.25, 13.875 ], "axis": "x", "angle": 22.5 },
			"faces": {
				"down": { "uv": [ 9, 13, 8, 12 ], "texture": "#nagaspear" },
				"up": { "uv": [ 8, 11, 9, 12 ], "texture": "#nagaspear" },
				"north": { "uv": [ 9, 14, 8, 13 ], "texture": "#nagaspear" },
				"south": { "uv": [ 8, 14, 9, 15 ], "texture": "#nagaspear" },
				"west": { "uv": [ 8, 10, 9, 11 ], "texture": "#nagaspear", "rotation": 90 },
				"east": { "uv": [ 8, 9, 9, 10 ], "texture": "#nagaspear", "rotation": 270 }
			}
		},
		{
			"__comment": "Box4",
			"from": [ 12.5104, -5.618, 1.5075 ],
			"to": [ 12.81273, -5.145609, 2.5875 ],
			"rotation": { "origin": [ 12.375, -0.25, 13.875 ], "axis": "x", "angle": 22.5 },
			"faces": {
				"down": { "uv": [ 11, 15, 10, 14 ], "texture": "#nagaspear" },
				"up": { "uv": [ 11, 14, 12, 15 ], "texture": "#nagaspear" },
				"north": { "uv": [ 10, 15, 9, 14 ], "texture": "#nagaspear" },
				"south": { "uv": [ 8, 8, 9, 9 ], "texture": "#nagaspear" },
				"west": { "uv": [ 12, 14, 13, 15 ], "texture": "#nagaspear", "rotation": 90 },
				"east": { "uv": [ 13, 14, 14, 15 ], "texture": "#nagaspear", "rotation": 270 }
			}
		},
		{
			"__comment": "Box4",
			"from": [ 12.5105, -5.8579, 1.0224 ],
			"to": [ 12.81283, -5.385509, 2.1024 ],
			"rotation": { "origin": [ 12.375, -0.25, 13.875 ], "axis": "x", "angle": 22.5 },
			"faces": {
				"down": { "uv": [ 10, 14, 9, 13 ], "texture": "#nagaspear" },
				"up": { "uv": [ 9, 12, 10, 13 ], "texture": "#nagaspear" },
				"north": { "uv": [ 16, 15, 15, 14 ], "texture": "#nagaspear" },
				"south": { "uv": [ 14, 14, 15, 15 ], "texture": "#nagaspear" },
				"west": { "uv": [ 9, 11, 10, 12 ], "texture": "#nagaspear", "rotation": 90 },
				"east": { "uv": [ 9, 10, 10, 11 ], "texture": "#nagaspear", "rotation": 270 }
			}
		},
		{
			"__comment": "Box4",
			"from": [ 12.5104, -6.0645, 0.5235 ],
			"to": [ 12.81273, -5.592109, 1.6035 ],
			"rotation": { "origin": [ 12.375, -0.25, 13.875 ], "axis": "x", "angle": 22.5 },
			"faces": {
				"down": { "uv": [ 11, 14, 10, 13 ], "texture": "#nagaspear" },
				"up": { "uv": [ 11, 13, 12, 14 ], "texture": "#nagaspear" },
				"north": { "uv": [ 10, 9, 9, 8 ], "texture": "#nagaspear" },
				"south": { "uv": [ 9, 9, 10, 10 ], "texture": "#nagaspear" },
				"west": { "uv": [ 12, 13, 13, 14 ], "texture": "#nagaspear", "rotation": 90 },
				"east": { "uv": [ 13, 13, 14, 14 ], "texture": "#nagaspear", "rotation": 270 }
			}
		}
	],
	"display": {
		"thirdperson_righthand": {
			"rotation":  [ 10, 0, 0 ],
			"translation":  [ 0.0026, -1.366, -2.086 ]
		},
		"thirdperson_lefthand": {
			"rotation":  [ 10, 0, 0 ],
			"translation":  [ 0.0026, -1.366, -2.086 ]
		},
		"firstperson_righthand": {
			"rotation":  [ 0, -7, 0 ],
			"translation":  [ -5.565, -12.52, 0 ],
			"scale":  [ 1.2695, 2, 1.9304 ]
		},
		"firstperson_lefthand": {
			"rotation":  [ 0, -9, 0 ],
			"translation":  [ -3.478, -13.21, 0 ],
			"scale":  [ 1.4086, 2, 2 ]
		},
		"gui": {
			"rotation":  [ 0, 172, 0 ],
			"translation":  [ 0.6956, -0.691, 0 ],
			"scale":  [ 0.8, 0.8, 0.8 ]
		},
		"head": {
			"translation":  [ -2.086, -9.042, -9.739 ],
			"scale":  [ 4, 4, 4 ]
		},
		"ground": {
			"rotation":  [ 90, 90, 0 ],
			"translation":  [ -1.39, 0, -0.69 ],
			"scale":  [ 0.5, 0.5, 0.5 ]
		},
		"fixed": {
			"rotation":  [ -90, 0, 0 ],
			"translation":  [ -2.086, -18.07, -34.08 ],
			"scale":  [ 4, 4, 4 ]
		}
	}
}