{
	"__comment": "Designed by Sefreneth with Cubik Studio - https://cubik.studio",
	"textures": {
		"nagaspellsinger": "item/nagaspellsinger",
		"nagaspear": "item/nagaspear"
	},
	"elements": [ 	 
		{
			"__comment": "Box1",
			"from": [ 2.7841, -0.7697, 18.5759 ],
			"to": [ 4.927359, 0.3019299, 19.37962 ],
			"rotation": { "origin": [ 9.309999, 1.1075, 22.3913 ], "axis": "y", "angle": 0 },
			"faces": {
				"down": { "uv": [ 8, 8.5, 8.5, 9.5 ], "texture": "#nagaspellsinger", "rotation": 270 },
				"up": { "uv": [ 12, 8.5, 12.5, 9.5 ], "texture": "#nagaspellsinger", "rotation": 90 },
				"north": { "uv": [ 13.5, 9.5, 14.5, 10 ], "texture": "#nagaspellsinger", "rotation": 270 },
				"south": { "uv": [ 13.5, 10, 14.5, 9.5 ], "texture": "#nagaspellsinger", "rotation": 270 },
				"west": { "uv": [ 12.5, 8.5625, 13, 9.0625 ], "texture": "#nagaspellsinger" },
				"east": { "uv": [ 6.5, 0, 7, 0.5 ], "texture": "#nagaspellsinger" }
			}
		},
		{
			"__comment": "Box1",
			"from": [ 6.5471, 11.7402, 8.9256 ],
			"to": [ 10.0471, 12.2402, 10.9256 ],
			"rotation": { "origin": [ 6.465801, 4.216949, 7.974745 ], "axis": "x", "angle": -22.5 },
			"faces": {
				"down": { "uv": [ 2, 9, 3.5, 10.5 ], "texture": "#nagaspellsinger" },
				"up": { "uv": [ 2, 7.5, 3.5, 9 ], "texture": "#nagaspellsinger" },
				"north": { "uv": [ 6.5, 9.5, 8, 10 ], "texture": "#nagaspellsinger" },
				"south": { "uv": [ 14.5, 10, 16, 10.5 ], "texture": "#nagaspellsinger" },
				"west": { "uv": [ 8, 9.5, 9.5, 10 ], "texture": "#nagaspellsinger" },
				"east": { "uv": [ 14.5, 10.5, 16, 11 ], "texture": "#nagaspellsinger" }
			}
		},
		{
			"__comment": "Box1",
			"from": [ 6.6819, 6.2932, 9.3544 ],
			"to": [ 10.1819, 9.7932, 11.3544 ],
			"rotation": { "origin": [ 6.465801, 4.216949, 7.974745 ], "axis": "x", "angle": -22.5 },
			"faces": {
				"down": { "uv": [ 3.5, 5, 4.5, 6.5 ], "texture": "#nagaspellsinger" },
				"up": { "uv": [ 11, 11, 12.5, 12 ], "texture": "#nagaspellsinger" },
				"north": { "uv": [ 2, 3, 3.5, 4.5 ], "texture": "#nagaspellsinger" },
				"south": { "uv": [ 2, 1.5, 3.5, 3 ], "texture": "#nagaspellsinger" },
				"west": { "uv": [ 3.5, 8, 4.5, 9.5 ], "texture": "#nagaspellsinger" },
				"east": { "uv": [ 4.5, 8, 3.5, 9.5 ], "texture": "#nagaspellsinger" }
			}
		},
		{
			"__comment": "Box1",
			"from": [ 6.4659, 4.217, 7.9747 ],
			"to": [ 10.4659, 8.217, 10.9747 ],
			"rotation": { "origin": [ 6.465801, 4.216949, 7.974745 ], "axis": "x", "angle": 0 },
			"faces": {
				"down": { "uv": [ 2, 0, 3.5, 1.5 ], "texture": "#nagaspellsinger" },
				"up": { "uv": [ 2, 10.5, 3.5, 12 ], "texture": "#nagaspellsinger" },
				"north": { "uv": [ 13, 12, 14.5, 14 ], "texture": "#nagaspellsinger" },
				"south": { "uv": [ 11.5, 12, 13, 14 ], "texture": "#nagaspellsinger" },
				"west": { "uv": [ 10, 12, 11.5, 14 ], "texture": "#nagaspellsinger" },
				"east": { "uv": [ 11.5, 12, 10, 14 ], "texture": "#nagaspellsinger" }
			}
		},
		{
			"__comment": "Box1",
			"from": [ 6.9748, 1.4129, 8.3587 ],
			"to": [ 9.921782, 4.359882, 11.57359 ],
			"faces": {
				"down": { "uv": [ 3.5, 6.5, 4.5, 8 ], "texture": "#nagaspellsinger" },
				"up": { "uv": [ 3.5, 5, 4.5, 6.5 ], "texture": "#nagaspellsinger" },
				"north": { "uv": [ 11.5, 10, 12.5, 11 ], "texture": "#nagaspellsinger" },
				"south": { "uv": [ 10.5, 10, 11.5, 11 ], "texture": "#nagaspellsinger" },
				"west": { "uv": [ 5, 11, 6.5, 12 ], "texture": "#nagaspellsinger" },
				"east": { "uv": [ 6.5, 11, 5, 12 ], "texture": "#nagaspellsinger" }
			}
		},
		{
			"__comment": "Box1",
			"from": [ 7.1087, -0.6545, 10.5109 ],
			"to": [ 9.787775, 2.292482, 13.45788 ],
			"rotation": { "origin": [ 7.108709, -0.6544545, 10.51091 ], "axis": "x", "angle": -45 },
			"faces": {
				"down": { "uv": [ 12.5, 10, 13.5, 11 ], "texture": "#nagaspellsinger" },
				"up": { "uv": [ 13.5, 10, 14.5, 11 ], "texture": "#nagaspellsinger" },
				"north": { "uv": [ 12.5, 11, 13.5, 12 ], "texture": "#nagaspellsinger" },
				"south": { "uv": [ 13.5, 11, 14.5, 12 ], "texture": "#nagaspellsinger" },
				"west": { "uv": [ 14.5, 11, 15.5, 12 ], "texture": "#nagaspellsinger" },
				"east": { "uv": [ 15.5, 11, 14.5, 12 ], "texture": "#nagaspellsinger" }
			}
		},
		{
			"__comment": "Box1",
			"from": [ 7.2427, -0.8366, 10.9038 ],
			"to": [ 9.653866, 1.842475, 13.58288 ],
			"faces": {
				"down": { "uv": [ 3.5, 1.5, 4.5, 2.5 ], "texture": "#nagaspellsinger" },
				"up": { "uv": [ 3.5, 0.5, 4.5, 1.5 ], "texture": "#nagaspellsinger" },
				"north": { "uv": [ 4.5, 10, 5.5, 11 ], "texture": "#nagaspellsinger" },
				"south": { "uv": [ 4.5, 9, 5.5, 10 ], "texture": "#nagaspellsinger" },
				"west": { "uv": [ 4.5, 8, 5.5, 9 ], "texture": "#nagaspellsinger", "rotation": 270 },
				"east": { "uv": [ 4.5, 9, 5.5, 8 ], "texture": "#nagaspellsinger", "rotation": 270 }
			}
		},
		{
			"__comment": "Box1",
			"from": [ 7.4107, -0.8374, 13.249 ],
			"to": [ 9.55396, 1.573767, 15.39226 ],
			"rotation": { "origin": [ 8.434999, 1.1075, 15.3913 ], "axis": "y", "angle": 0 },
			"faces": {
				"down": { "uv": [ 4.5, 6, 5.5, 7 ], "texture": "#nagaspellsinger" },
				"up": { "uv": [ 4.5, 5, 5.5, 6 ], "texture": "#nagaspellsinger" },
				"north": { "uv": [ 4.5, 4, 5.5, 5 ], "texture": "#nagaspellsinger" },
				"south": { "uv": [ 4.5, 3, 5.5, 4 ], "texture": "#nagaspellsinger" },
				"west": { "uv": [ 4.5, 2, 5.5, 3 ], "texture": "#nagaspellsinger", "rotation": 270 },
				"east": { "uv": [ 4.5, 3, 5.5, 2 ], "texture": "#nagaspellsinger", "rotation": 270 }
			}
		},
		{
			"__comment": "Box1",
			"from": [ 7.977, -0.7697, 18.3977 ],
			"to": [ 9.316538, 0.8377448, 20.54096 ],
			"rotation": { "origin": [ 9.934999, 1.1075, 16.8913 ], "axis": "y", "angle": -45 },
			"faces": {
				"down": { "uv": [ 7.5, 8.5, 8, 9.5 ], "texture": "#nagaspellsinger" },
				"up": { "uv": [ 7, 8.5, 7.5, 9.5 ], "texture": "#nagaspellsinger" },
				"north": { "uv": [ 15.5, 8, 16, 8.5 ], "texture": "#nagaspellsinger" },
				"south": { "uv": [ 7.5, 3.5, 8, 4 ], "texture": "#nagaspellsinger" },
				"west": { "uv": [ 11.5, 9.5, 12.5, 10 ], "texture": "#nagaspellsinger", "rotation": 270 },
				"east": { "uv": [ 11.5, 10, 12.5, 9.5 ], "texture": "#nagaspellsinger", "rotation": 270 }
			}
		},
		{
			"__comment": "Box1",
			"from": [ 6.3373, -0.7705, 17.1098 ],
			"to": [ 8.480558, 0.5690375, 18.18143 ],
			"rotation": { "origin": [ 9.309999, 1.1075, 22.3913 ], "axis": "y", "angle": 22.5 },
			"faces": {
				"down": { "uv": [ 6.5, 1.5, 7, 2.5 ], "texture": "#nagaspellsinger", "rotation": 270 },
				"up": { "uv": [ 6, 0, 6.5, 1 ], "texture": "#nagaspellsinger", "rotation": 90 },
				"north": { "uv": [ 10, 9, 11, 9.5 ], "texture": "#nagaspellsinger", "rotation": 270 },
				"south": { "uv": [ 10, 9.5, 11, 9 ], "texture": "#nagaspellsinger", "rotation": 270 },
				"west": { "uv": [ 11, 7.5, 11.5, 8 ], "texture": "#nagaspellsinger" },
				"east": { "uv": [ 10.5, 7.5, 11, 8 ], "texture": "#nagaspellsinger" }
			}
		},
		{
			"__comment": "Box1",
			"from": [ 7.2285, -0.7705, 15.8252 ],
			"to": [ 8.835945, 1.104852, 17.96846 ],
			"rotation": { "origin": [ 9.934999, 1.1075, 16.8913 ], "axis": "y", "angle": -22.5 },
			"faces": {
				"down": { "uv": [ 9, 8.5, 9.5, 9.5 ], "texture": "#nagaspellsinger" },
				"up": { "uv": [ 11, 8.5, 11.5, 9.5 ], "texture": "#nagaspellsinger" },
				"north": { "uv": [ 11.5, 7.5, 12, 8 ], "texture": "#nagaspellsinger" },
				"south": { "uv": [ 12, 7.5, 12.5, 8 ], "texture": "#nagaspellsinger" },
				"west": { "uv": [ 10, 8.5, 11, 9 ], "texture": "#nagaspellsinger", "rotation": 270 },
				"east": { "uv": [ 10, 9, 11, 8.5 ], "texture": "#nagaspellsinger", "rotation": 270 }
			}
		},
		{
			"__comment": "Box1",
			"from": [ 7.623, 12.6212, 6.1697 ],
			"to": [ 8.973, 14.1212, 7.5197 ],
			"faces": {
				"down": { "uv": [ 12.5, 7.5, 13, 8 ], "texture": "#nagaspellsinger" },
				"up": { "uv": [ 13, 7.5, 13.5, 8 ], "texture": "#nagaspellsinger" },
				"north": { "uv": [ 4.5, 0, 5.5, 1 ], "texture": "#nagaspellsinger" },
				"south": { "uv": [ 13.5, 7.5, 14, 8 ], "texture": "#nagaspellsinger" },
				"west": { "uv": [ 14, 7.5, 14.5, 8 ], "texture": "#nagaspellsinger", "rotation": 180 },
				"east": { "uv": [ 14.5, 7.5, 14, 8 ], "texture": "#nagaspellsinger", "rotation": 180 }
			}
		},
		{
			"__comment": "Box17",
			"from": [ 10.0643, 9.3532, 6.5507 ],
			"to": [ 11.41805, 12.3532, 7.90445 ],
			"faces": {
				"down": { "uv": [ 15, 7.5, 15.5, 8 ], "texture": "#nagaspellsinger" },
				"up": { "uv": [ 15.5, 7.5, 16, 8 ], "texture": "#nagaspellsinger" },
				"north": { "uv": [ 5.5, 7, 6, 8.5 ], "texture": "#nagaspellsinger" },
				"south": { "uv": [ 5.5, 7, 6, 8.5 ], "texture": "#nagaspellsinger" },
				"west": { "uv": [ 5.5, 7, 6, 8.5 ], "texture": "#nagaspellsinger" },
				"east": { "uv": [ 5.5, 7, 6, 8.5 ], "texture": "#nagaspellsinger" }
			}
		},
		{
			"__comment": "Box17",
			"from": [ 10.1797, 5.8666, 5.5603 ],
			"to": [ 11.2822, 6.8666, 6.662799 ],
			"rotation": { "origin": [ 6.4658, 4.4669, 3.3497 ], "axis": "x", "angle": 0 },
			"faces": {
				"down": { "uv": [ 9, 6.5, 8.5, 7 ], "texture": "#nagaspellsinger" },
				"up": { "uv": [ 8, 6.5, 8.5, 7 ], "texture": "#nagaspellsinger" },
				"north": { "uv": [ 8.5, 4.5, 8, 5 ], "texture": "#nagaspellsinger" },
				"south": { "uv": [ 8, 4.5, 8.5, 5 ], "texture": "#nagaspellsinger" },
				"west": { "uv": [ 8, 1, 8.5, 1.5 ], "texture": "#nagaspellsinger" },
				"east": { "uv": [ 8, 3.5, 8.5, 4 ], "texture": "#nagaspellsinger" }
			}
		},
		{
			"__comment": "Box17",
			"from": [ 10.1797, 7.8311, 4.8103 ],
			"to": [ 11.1797, 10.8311, 5.810299 ],
			"rotation": { "origin": [ 6.4658, 5.4669, 2.5997 ], "axis": "x", "angle": 22.5 },
			"faces": {
				"down": { "uv": [ 8, 0, 8.5, 0.5 ], "texture": "#nagaspellsinger" },
				"up": { "uv": [ 9.5, 7, 10, 7.5 ], "texture": "#nagaspellsinger" },
				"north": { "uv": [ 6, 8.5, 6.5, 10 ], "texture": "#nagaspellsinger" },
				"south": { "uv": [ 6, 8.5, 6.5, 10 ], "texture": "#nagaspellsinger" },
				"west": { "uv": [ 6, 8.5, 6.5, 10 ], "texture": "#nagaspellsinger" },
				"east": { "uv": [ 6, 8.5, 6.5, 10 ], "texture": "#nagaspellsinger" }
			}
		},
		{
			"__comment": "PlaneX29",
			"from": [ 9.8637, 5.3766, 10.7344 ],
			"to": [ 9.864551, 12.34219, 14.75301 ],
			"rotation": { "origin": [ 6.465801, 4.216949, 7.974745 ], "axis": "x", "angle": -22.5 },
			"faces": {
				"west": { "uv": [ 0, 2, 2, 5 ], "texture": "#nagaspellsinger", "rotation": 180 },
				"east": { "uv": [ 2, 2, 0, 5 ], "texture": "#nagaspellsinger", "rotation": 180 }
			}
		},
		{
			"__comment": "PlaneX29",
			"from": [ 9.5328, 8.9134, 3.0811 ],
			"to": [ 13.5328, 12.9134, 3.0821 ],
			"rotation": { "origin": [ 6.465801, 4.216949, 4.474745 ], "axis": "x", "angle": 22.5 },
			"faces": {
				"north": { "uv": [ 13, 14, 11, 16 ], "texture": "#nagaspellsinger", "rotation": 180 },
				"south": { "uv": [ 11, 14, 13, 16 ], "texture": "#nagaspellsinger", "rotation": 180 }
			}
		},
		{
			"__comment": "PlaneX29",
			"from": [ 2.8353, 0.3046, 19.0103 ],
			"to": [ 4.710651, 2.179952, 19.01115 ],
			"rotation": { "origin": [ 9.309999, 1.1075, 22.3913 ], "axis": "y", "angle": 0 },
			"faces": {
				"north": { "uv": [ 9, 14.5, 10, 15.5 ], "texture": "#nagaspellsinger", "rotation": 270 },
				"south": { "uv": [ 9, 15.5, 10, 14.5 ], "texture": "#nagaspellsinger", "rotation": 270 }
			}
		},
		{
			"__comment": "PlaneX29",
			"from": [ 8.4482, 1.5771, 11.8875 ],
			"to": [ 8.449051, 3.452452, 13.49494 ],
			"faces": {
				"west": { "uv": [ 13, 14, 14, 15 ], "texture": "#nagaspellsinger", "rotation": 90 },
				"east": { "uv": [ 13, 15, 14, 14 ], "texture": "#nagaspellsinger", "rotation": 90 }
			}
		},
		{
			"__comment": "PlaneX29",
			"from": [ 8.4482, 1.5763, 13.5919 ],
			"to": [ 8.449051, 3.451652, 15.46725 ],
			"faces": {
				"west": { "uv": [ 13, 14, 14, 15 ], "texture": "#nagaspellsinger", "rotation": 90 },
				"east": { "uv": [ 13, 15, 14, 14 ], "texture": "#nagaspellsinger", "rotation": 90 }
			}
		},
		{
			"__comment": "PlaneX29",
			"from": [ 8.6545, 0.8404, 18.6224 ],
			"to": [ 8.655351, 2.715752, 20.49775 ],
			"rotation": { "origin": [ 9.934999, 1.1075, 16.8913 ], "axis": "y", "angle": -45 },
			"faces": {
				"west": { "uv": [ 13, 14, 14, 15 ], "texture": "#nagaspellsinger", "rotation": 90 },
				"east": { "uv": [ 13, 15, 14, 14 ], "texture": "#nagaspellsinger", "rotation": 90 }
			}
		},
		{
			"__comment": "PlaneX29",
			"from": [ 6.2928, 0.4377, 17.6556 ],
			"to": [ 8.168151, 2.313052, 17.65645 ],
			"rotation": { "origin": [ 9.309999, 1.1075, 22.3913 ], "axis": "y", "angle": 22.5 },
			"faces": {
				"north": { "uv": [ 14, 14, 15, 15 ], "texture": "#nagaspellsinger", "rotation": 270 },
				"south": { "uv": [ 14, 15, 15, 14 ], "texture": "#nagaspellsinger", "rotation": 270 }
			}
		},
		{
			"__comment": "PlaneX29",
			"from": [ 8.059999, 1.1075, 16.1413 ],
			"to": [ 8.06085, 2.982852, 18.01665 ],
			"rotation": { "origin": [ 9.934999, 1.1075, 16.8913 ], "axis": "y", "angle": -22.5 },
			"faces": {
				"west": { "uv": [ 13, 14, 14, 15 ], "texture": "#nagaspellsinger", "rotation": 90 },
				"east": { "uv": [ 13, 15, 14, 14 ], "texture": "#nagaspellsinger", "rotation": 90 }
			}
		},
		{
			"__comment": "PlaneX29",
			"from": [ 10.5503, 7.2777, 11.1047 ],
			"to": [ 10.5513, 9.777699, 12.6047 ],
			"rotation": { "origin": [ 6.465801, 4.216949, 7.974745 ], "axis": "x", "angle": -22.5 },
			"faces": {
				"west": { "uv": [ 9.5, 8.5, 10, 9.5 ], "texture": "#nagaspellsinger", "rotation": 180 },
				"east": { "uv": [ 10, 8.5, 9.5, 9.5 ], "texture": "#nagaspellsinger", "rotation": 180 }
			}
		},
		{
			"__comment": "Box1",
			"from": [ 7.5877, 13.8974, 5.565 ],
			"to": [ 9.0877, 14.3974, 7.565 ],
			"faces": {
				"down": { "uv": [ 5.5, 0, 6, 1 ], "texture": "#nagaspellsinger" },
				"up": { "uv": [ 6.5, 0.5, 7, 1.5 ], "texture": "#nagaspellsinger", "rotation": 90 },
				"north": { "uv": [ 12.5, 9.0625, 13.5, 9.5 ], "texture": "#nagaspellsinger", "rotation": 180 },
				"south": { "uv": [ 15.5, 9.5, 16, 10 ], "texture": "#nagaspellsinger" },
				"west": { "uv": [ 9.5, 9.5, 10.5, 10 ], "texture": "#nagaspellsinger" },
				"east": { "uv": [ 10.5, 9.5, 9.5, 10 ], "texture": "#nagaspellsinger" }
			}
		},
		{
			"__comment": "Box1",
			"from": [ 8.7932, 10.1539, 8.139999 ],
			"to": [ 9.83864, 11.4607, 8.86 ],
			"rotation": { "origin": [ 6.465801, 4.216949, 7.974745 ], "axis": "x", "angle": -22.5 },
			"faces": {
				"down": { "uv": [ 7, 5, 7.5, 4.5 ], "texture": "#nagaspellsinger", "rotation": 270 },
				"up": { "uv": [ 7, 4.5, 7.5, 4 ], "texture": "#nagaspellsinger", "rotation": 90 },
				"north": { "uv": [ 7.5, 3.5, 7, 4 ], "texture": "#nagaspellsinger" },
				"south": { "uv": [ 14, 9, 14.5, 9.5 ], "texture": "#nagaspellsinger" },
				"west": { "uv": [ 7.5, 2, 7, 2.5 ], "texture": "#nagaspellsinger" },
				"east": { "uv": [ 7.5, 2.5, 7, 3 ], "texture": "#nagaspellsinger" }
			}
		},
		{
			"__comment": "Box1",
			"from": [ 8.575399, 10.045, 8.415999 ],
			"to": [ 10.14356, 11.7874, 9.28 ],
			"rotation": { "origin": [ 6.465801, 4.216949, 7.974745 ], "axis": "x", "angle": -22.5 },
			"faces": {
				"down": { "uv": [ 7, 1.5, 7.5, 2 ], "texture": "#nagaspellsinger", "rotation": 270 },
				"up": { "uv": [ 7, 1.5, 7.5, 1 ], "texture": "#nagaspellsinger", "rotation": 90 },
				"north": { "uv": [ 7.5, 0.5, 7, 1 ], "texture": "#nagaspellsinger" },
				"south": { "uv": [ 15, 8.5, 15.5, 9 ], "texture": "#nagaspellsinger" },
				"west": { "uv": [ 8.5, 8, 8, 8.5 ], "texture": "#nagaspellsinger" },
				"east": { "uv": [ 8, 8, 7.5, 8.5 ], "texture": "#nagaspellsinger" }
			}
		},
		{
			"__comment": "Box1",
			"from": [ 8.6701, 9.8272, 8.83 ],
			"to": [ 9.9769, 10.2628, 9.190001 ],
			"rotation": { "origin": [ 6.465801, 4.216949, 7.974745 ], "axis": "x", "angle": -22.5 },
			"faces": {
				"down": { "uv": [ 8.5, 8, 9, 8.5 ], "texture": "#nagaspellsinger", "rotation": 270 },
				"up": { "uv": [ 7, 7, 7.5, 7.5 ], "texture": "#nagaspellsinger", "rotation": 90 },
				"north": { "uv": [ 9.5, 8, 10, 8.5 ], "texture": "#nagaspellsinger" },
				"south": { "uv": [ 7, 6, 7.5, 6.5 ], "texture": "#nagaspellsinger" },
				"west": { "uv": [ 7, 5.5, 7.5, 6 ], "texture": "#nagaspellsinger" },
				"east": { "uv": [ 7, 5, 7.5, 5.5 ], "texture": "#nagaspellsinger" }
			}
		},
		{
			"__comment": "Box1",
			"from": [ 6.9035, 10.1539, 8.139999 ],
			"to": [ 7.948938, 11.4607, 8.86 ],
			"rotation": { "origin": [ 6.465801, 4.216949, 7.974745 ], "axis": "x", "angle": -22.5 },
			"faces": {
				"down": { "uv": [ 7, 4.5, 7.5, 5 ], "texture": "#nagaspellsinger", "rotation": 270 },
				"up": { "uv": [ 7, 4, 7.5, 4.5 ], "texture": "#nagaspellsinger", "rotation": 90 },
				"north": { "uv": [ 7, 3.5, 7.5, 4 ], "texture": "#nagaspellsinger" },
				"south": { "uv": [ 7, 3, 7.5, 3.5 ], "texture": "#nagaspellsinger" },
				"west": { "uv": [ 7, 2.5, 7.5, 3 ], "texture": "#nagaspellsinger" },
				"east": { "uv": [ 7, 2, 7.5, 2.5 ], "texture": "#nagaspellsinger" }
			}
		},
		{
			"__comment": "Box1",
			"from": [ 6.555, 10.045, 8.415999 ],
			"to": [ 8.123159, 11.7874, 9.28 ],
			"rotation": { "origin": [ 6.465801, 4.216949, 7.974745 ], "axis": "x", "angle": -22.5 },
			"faces": {
				"down": { "uv": [ 7, 1.5, 7.5, 2 ], "texture": "#nagaspellsinger", "rotation": 270 },
				"up": { "uv": [ 7, 1, 7.5, 1.5 ], "texture": "#nagaspellsinger", "rotation": 90 },
				"north": { "uv": [ 7, 0.5, 7.5, 1 ], "texture": "#nagaspellsinger" },
				"south": { "uv": [ 7, 0, 7.5, 0.5 ], "texture": "#nagaspellsinger" },
				"west": { "uv": [ 7.5, 8, 8, 8.5 ], "texture": "#nagaspellsinger" },
				"east": { "uv": [ 8, 8, 8.5, 8.5 ], "texture": "#nagaspellsinger" }
			}
		},
		{
			"__comment": "Box1",
			"from": [ 6.7205, 9.8272, 8.83 ],
			"to": [ 8.027299, 10.2628, 9.190001 ],
			"rotation": { "origin": [ 6.465801, 4.216949, 7.974745 ], "axis": "x", "angle": -22.5 },
			"faces": {
				"down": { "uv": [ 8.5, 8, 9, 8.5 ], "texture": "#nagaspellsinger", "rotation": 270 },
				"up": { "uv": [ 9, 8, 9.5, 8.5 ], "texture": "#nagaspellsinger", "rotation": 90 },
				"north": { "uv": [ 9.5, 8, 10, 8.5 ], "texture": "#nagaspellsinger" },
				"south": { "uv": [ 10, 8, 10.5, 8.5 ], "texture": "#nagaspellsinger" },
				"west": { "uv": [ 10.5, 8, 11, 8.5 ], "texture": "#nagaspellsinger" },
				"east": { "uv": [ 11, 8, 11.5, 8.5 ], "texture": "#nagaspellsinger" }
			}
		},
		{
			"__comment": "Box1",
			"from": [ 8.5121, 12.1788, -2.0472 ],
			"to": [ 8.675074, 12.35345, -1.87255 ],
			"rotation": { "origin": [ 6.465801, 4.216949, 4.474745 ], "axis": "x", "angle": 45 },
			"faces": {
				"down": { "uv": [ 13, 8.5, 12.5, 8 ], "texture": "#nagaspellsinger", "rotation": 90 },
				"up": { "uv": [ 13, 8, 13.5, 8.5 ], "texture": "#nagaspellsinger", "rotation": 270 },
				"north": { "uv": [ 12.5, 8.5, 12, 8 ], "texture": "#nagaspellsinger", "rotation": 270 },
				"south": { "uv": [ 11.5, 8, 12, 8.5 ], "texture": "#nagaspellsinger", "rotation": 90 },
				"west": { "uv": [ 13.5, 8, 14, 8.5 ], "texture": "#nagaspellsinger", "rotation": 270 },
				"east": { "uv": [ 14, 8, 14.5, 8.5 ], "texture": "#nagaspellsinger", "rotation": 90 }
			}
		},
		{
			"__comment": "Box1",
			"from": [ 8.1248, 14.4164, 1.1084 ],
			"to": [ 8.512919, 15.85388, 1.496521 ],
			"rotation": { "origin": [ 6.465801, 4.216949, 4.474745 ], "axis": "x", "angle": 22.5 },
			"faces": {
				"down": { "uv": [ 14.5, 8, 15, 8.5 ], "texture": "#nagaspellsinger", "rotation": 90 },
				"up": { "uv": [ 15, 8, 15.5, 8.5 ], "texture": "#nagaspellsinger", "rotation": 270 },
				"north": { "uv": [ 6.5, 2.5, 7, 3.5 ], "texture": "#nagaspellsinger" },
				"south": { "uv": [ 7.5, 7.5, 8, 8 ], "texture": "#nagaspellsinger", "rotation": 270 },
				"west": { "uv": [ 7.5, 7, 8, 7.5 ], "texture": "#nagaspellsinger" },
				"east": { "uv": [ 7.5, 6.5, 8, 7 ], "texture": "#nagaspellsinger" }
			}
		},
		{
			"__comment": "Box1",
			"from": [ 8.0567, 12.1763, -2.1117 ],
			"to": [ 8.559703, 12.35095, -1.93705 ],
			"rotation": { "origin": [ 6.465801, 4.216949, 4.474745 ], "axis": "x", "angle": 45 },
			"faces": {
				"down": { "uv": [ 8, 5.5, 7.5, 5 ], "texture": "#nagaspellsinger", "rotation": 180 },
				"up": { "uv": [ 7.5, 4.5, 8, 5 ], "texture": "#nagaspellsinger", "rotation": 270 },
				"north": { "uv": [ 8, 6, 7.5, 5.5 ], "texture": "#nagaspellsinger" },
				"south": { "uv": [ 7.5, 6, 8, 6.5 ], "texture": "#nagaspellsinger", "rotation": 90 },
				"west": { "uv": [ 7.5, 4, 8, 4.5 ], "texture": "#nagaspellsinger", "rotation": 270 },
				"east": { "uv": [ 8, 5.5, 8.5, 6 ], "texture": "#nagaspellsinger", "rotation": 90 }
			}
		},
		{
			"__comment": "Box1",
			"from": [ 8.1085, 12.9854, 9.2912 ],
			"to": [ 8.515932, 13.16005, 9.465854 ],
			"rotation": { "origin": [ 6.465801, 4.216949, 4.474745 ], "axis": "x", "angle": -22.5 },
			"faces": {
				"down": { "uv": [ 7.5, 3, 8, 3.5 ], "texture": "#nagaspellsinger", "rotation": 90 },
				"up": { "uv": [ 7.5, 2.5, 8, 3 ], "texture": "#nagaspellsinger", "rotation": 270 },
				"north": { "uv": [ 7.5, 2, 8, 2.5 ], "texture": "#nagaspellsinger", "rotation": 180 },
				"south": { "uv": [ 7.5, 1.5, 8, 2 ], "texture": "#nagaspellsinger", "rotation": 270 },
				"west": { "uv": [ 7.5, 1, 8, 1.5 ], "texture": "#nagaspellsinger" },
				"east": { "uv": [ 7.5, 0.5, 8, 1 ], "texture": "#nagaspellsinger" }
			}
		},
		{
			"__comment": "Box1",
			"from": [ 7.9498, 12.1788, -2.0472 ],
			"to": [ 8.112774, 12.35345, -1.87255 ],
			"rotation": { "origin": [ 6.465801, 4.216949, 4.474745 ], "axis": "x", "angle": 45 },
			"faces": {
				"down": { "uv": [ 9, 8, 8.5, 7.5 ], "texture": "#nagaspellsinger", "rotation": 90 },
				"up": { "uv": [ 9, 7.5, 9.5, 8 ], "texture": "#nagaspellsinger", "rotation": 270 },
				"north": { "uv": [ 8.5, 8, 8, 7.5 ], "texture": "#nagaspellsinger", "rotation": 270 },
				"south": { "uv": [ 7.5, 0, 8, 0.5 ], "texture": "#nagaspellsinger", "rotation": 90 },
				"west": { "uv": [ 9.5, 7.5, 10, 8 ], "texture": "#nagaspellsinger", "rotation": 270 },
				"east": { "uv": [ 10, 7.5, 10.5, 8 ], "texture": "#nagaspellsinger", "rotation": 90 }
			}
		},
		{
			"__comment": "Box1",
			"from": [ 7.2627, 14.3974, 5.565 ],
			"to": [ 9.418919, 16.72612, 7.72122 ],
			"faces": {
				"down": { "uv": [ 5.5, 10, 6.5, 11 ], "texture": "#nagaspellsinger", "rotation": 270 },
				"up": { "uv": [ 6.5, 10, 7.5, 11 ], "texture": "#nagaspellsinger", "rotation": 90 },
				"north": { "uv": [ 4, 12, 6, 14 ], "texture": "#nagaspellsinger" },
				"south": { "uv": [ 6.5, 10, 7.5, 11 ], "texture": "#nagaspellsinger", "rotation": 90 },
				"west": { "uv": [ 9.5, 10, 10.5, 11 ], "texture": "#nagaspellsinger" },
				"east": { "uv": [ 10.5, 10, 9.5, 11 ], "texture": "#nagaspellsinger" }
			}
		},
		{
			"__comment": "Box1",
			"from": [ 6.5461, 9.6152, 9.1756 ],
			"to": [ 10.0461, 12.6152, 11.1756 ],
			"rotation": { "origin": [ 6.465801, 4.216949, 7.974745 ], "axis": "x", "angle": -22.5 },
			"faces": {
				"down": { "uv": [ 3.5, 11, 5, 12 ], "texture": "#nagaspellsinger" },
				"up": { "uv": [ 9.5, 11, 11, 12 ], "texture": "#nagaspellsinger" },
				"north": { "uv": [ 2, 4.5, 3.5, 6 ], "texture": "#nagaspellsinger" },
				"south": { "uv": [ 2, 6, 3.5, 7.5 ], "texture": "#nagaspellsinger" },
				"west": { "uv": [ 3.5, 3.5, 4.5, 5 ], "texture": "#nagaspellsinger" },
				"east": { "uv": [ 4.5, 3.5, 3.5, 5 ], "texture": "#nagaspellsinger" }
			}
		},
		{
			"__comment": "PlaneX29",
			"from": [ 5.4376, 6.9842, 12.0748 ],
			"to": [ 5.4386, 9.4842, 13.5748 ],
			"rotation": { "origin": [ 6.465801, 4.216949, 7.974745 ], "axis": "x", "angle": -22.5 },
			"faces": {
				"west": { "uv": [ 9.5, 8.5, 10, 9.5 ], "texture": "#nagaspellsinger", "rotation": 180 },
				"east": { "uv": [ 10, 8.5, 9.5, 9.5 ], "texture": "#nagaspellsinger", "rotation": 180 }
			}
		},
		{
			"__comment": "Box17",
			"from": [ 5.067, 5.9016, 11.067 ],
			"to": [ 6.1695, 6.9016, 12.1695 ],
			"rotation": { "origin": [ 6.465801, 4.216949, 7.974745 ], "axis": "x", "angle": -22.5 },
			"faces": {
				"down": { "uv": [ 8.5, 6.5, 9, 7 ], "texture": "#nagaspellsinger" },
				"up": { "uv": [ 8, 5, 8.5, 5.5 ], "texture": "#nagaspellsinger" },
				"north": { "uv": [ 8, 4.5, 8.5, 5 ], "texture": "#nagaspellsinger" },
				"south": { "uv": [ 8.5, 4.5, 8, 5 ], "texture": "#nagaspellsinger" },
				"west": { "uv": [ 8, 3.5, 8.5, 4 ], "texture": "#nagaspellsinger" },
				"east": { "uv": [ 8, 3, 8.5, 3.5 ], "texture": "#nagaspellsinger" }
			}
		},
		{
			"__comment": "Box17",
			"from": [ 5.067, 6.8661, 11.067 ],
			"to": [ 6.067, 9.8661, 12.067 ],
			"rotation": { "origin": [ 6.465801, 4.216949, 7.974745 ], "axis": "x", "angle": -22.5 },
			"faces": {
				"down": { "uv": [ 8, 2.5, 8.5, 3 ], "texture": "#nagaspellsinger" },
				"up": { "uv": [ 8, 2, 8.5, 2.5 ], "texture": "#nagaspellsinger" },
				"north": { "uv": [ 6, 1, 6.5, 2.5 ], "texture": "#nagaspellsinger" },
				"south": { "uv": [ 6, 1, 6.5, 2.5 ], "texture": "#nagaspellsinger" },
				"west": { "uv": [ 6, 1, 6.5, 2.5 ], "texture": "#nagaspellsinger" },
				"east": { "uv": [ 6, 1, 6.5, 2.5 ], "texture": "#nagaspellsinger" }
			}
		},
		{
			"__comment": "Box17",
			"from": [ 4.9516, 7.8174, 12.7128 ],
			"to": [ 6.30535, 10.8174, 14.06655 ],
			"rotation": { "origin": [ 6.465801, 4.216949, 7.974745 ], "axis": "x", "angle": -45 },
			"faces": {
				"down": { "uv": [ 8.5, 7, 9, 7.5 ], "texture": "#nagaspellsinger" },
				"up": { "uv": [ 9, 7, 9.5, 7.5 ], "texture": "#nagaspellsinger" },
				"north": { "uv": [ 6.5, 5, 7, 6.5 ], "texture": "#nagaspellsinger" },
				"south": { "uv": [ 6.5, 5, 7, 6.5 ], "texture": "#nagaspellsinger" },
				"west": { "uv": [ 6.5, 5, 7, 6.5 ], "texture": "#nagaspellsinger" },
				"east": { "uv": [ 6.5, 5, 7, 6.5 ], "texture": "#nagaspellsinger" }
			}
		},
		{
			"__comment": "PlaneX29",
			"from": [ 8.9078, 12.7142, 6.4844 ],
			"to": [ 12.9078, 16.7142, 6.4854 ],
			"faces": {
				"north": { "uv": [ 10, 12, 8, 14 ], "texture": "#nagaspellsinger", "rotation": 180 },
				"south": { "uv": [ 8, 12, 10, 14 ], "texture": "#nagaspellsinger", "rotation": 180 }
			}
		},
		{
			"__comment": "PlaneX29",
			"from": [ 3.0328, 8.9134, 3.0811 ],
			"to": [ 7.0328, 12.9134, 3.0821 ],
			"rotation": { "origin": [ 6.465801, 4.216949, 4.474745 ], "axis": "x", "angle": 22.5 },
			"faces": {
				"north": { "uv": [ 11, 14, 13, 16 ], "texture": "#nagaspellsinger", "rotation": 180 },
				"south": { "uv": [ 13, 14, 11, 16 ], "texture": "#nagaspellsinger", "rotation": 180 }
			}
		},
		{
			"__comment": "PlaneX29",
			"from": [ 4.5328, 16.7142, 6.4844 ],
			"to": [ 12.0328, 20.7142, 6.4854 ],
			"faces": {
				"north": { "uv": [ 0, 14, 3.5, 16 ], "texture": "#nagaspellsinger", "rotation": 180 },
				"south": { "uv": [ 3.5, 14, 0, 16 ], "texture": "#nagaspellsinger", "rotation": 180 }
			}
		},
		{
			"__comment": "PlaneX29",
			"from": [ 3.6578, 12.7142, 6.4844 ],
			"to": [ 7.6578, 16.7142, 6.4854 ],
			"faces": {
				"north": { "uv": [ 8, 12, 10, 14 ], "texture": "#nagaspellsinger", "rotation": 180 },
				"south": { "uv": [ 10, 12, 8, 14 ], "texture": "#nagaspellsinger", "rotation": 180 }
			}
		},
		{
			"__comment": "PlaneX29",
			"from": [ 6.7828, 5.5892, 10.7344 ],
			"to": [ 6.783649, 12.55479, 14.75301 ],
			"rotation": { "origin": [ 6.465801, 4.216949, 7.974745 ], "axis": "x", "angle": -22.5 },
			"faces": {
				"west": { "uv": [ 0, 2, 2, 5 ], "texture": "#nagaspellsinger", "rotation": 180 },
				"east": { "uv": [ 2, 2, 0, 5 ], "texture": "#nagaspellsinger", "rotation": 180 }
			}
		},
		{
			"__comment": "Box1",
			"from": [ 10.5, 6.125, 0.253 ],
			"to": [ 11.08806, 6.71306, 10.25002 ],
			"rotation": { "origin": [ 6.4658, 4.4669, 3.3497 ], "axis": "x", "angle": 0 },
			"faces": {
				"down": { "uv": [ 1, 7.5, 0, 0 ], "texture": "#nagaspear" },
				"up": { "uv": [ 0, 0, 1, 7.5 ], "texture": "#nagaspear" },
				"north": { "uv": [ 1, 10, 0, 9 ], "texture": "#nagaspear" },
				"south": { "uv": [ 0, 10, 1, 11 ], "texture": "#nagaspear" },
				"west": { "uv": [ 0, 0, 1, 7.5 ], "texture": "#nagaspear", "rotation": 270 },
				"east": { "uv": [ 0, 0, 1, 7.5 ], "texture": "#nagaspear", "rotation": 90 }
			}
		},
		{
			"__comment": "Box1",
			"from": [ 10.3529, 5.9779, 10.0761 ],
			"to": [ 11.2529, 6.877901, 10.9761 ],
			"rotation": { "origin": [ 6.4658, 4.4669, 3.3497 ], "axis": "x", "angle": 0 },
			"faces": {
				"down": { "uv": [ 2.5, 1.5, 1, 0 ], "texture": "#nagaspear" },
				"up": { "uv": [ 1, 0, 2.5, 1.5 ], "texture": "#nagaspear" },
				"north": { "uv": [ 2.5, 1.5, 1, 0 ], "texture": "#nagaspear" },
				"south": { "uv": [ 1, 0, 2.5, 1.5 ], "texture": "#nagaspear" },
				"west": { "uv": [ 1, 0, 2.5, 1.5 ], "texture": "#nagaspear", "rotation": 270 },
				"east": { "uv": [ 1, 0, 2.5, 1.5 ], "texture": "#nagaspear", "rotation": 90 }
			}
		},
		{
			"__comment": "PlaneX23",
			"from": [ 10.7941, 2.6523, 0.3867 ],
			"to": [ 10.7959, 6.2523, 3.086701 ],
			"rotation": { "origin": [ 6.4658, 4.4669, 3.3497 ], "axis": "x", "angle": 0 },
			"faces": {
				"west": { "uv": [ 4, 2, 9, 7 ], "texture": "#nagaspear", "rotation": 270 },
				"east": { "uv": [ 9, 2, 4, 7 ], "texture": "#nagaspear", "rotation": 90 }
			}
		},
		{
			"__comment": "Box4",
			"from": [ 10.6773, 6.2421, -5.0111 ],
			"to": [ 10.91916, 6.54443, -3.9311 ],
			"rotation": { "origin": [ 6.4658, 4.4669, 3.3497 ], "axis": "x", "angle": 0 },
			"faces": {
				"down": { "uv": [ 5, 16, 4, 15 ], "texture": "#nagaspear" },
				"up": { "uv": [ 4, 14, 5, 15 ], "texture": "#nagaspear" },
				"north": { "uv": [ 4, 9, 3, 8 ], "texture": "#nagaspear" },
				"south": { "uv": [ 3, 9, 4, 10 ], "texture": "#nagaspear" },
				"west": { "uv": [ 4, 13, 5, 14 ], "texture": "#nagaspear", "rotation": 270 },
				"east": { "uv": [ 4, 12, 5, 13 ], "texture": "#nagaspear", "rotation": 90 }
			}
		},
		{
			"__comment": "Box4",
			"from": [ 10.5571, 5.675, -1.3391 ],
			"to": [ 11.0179, 6.574999, 0.2808999 ],
			"rotation": { "origin": [ 6.4658, 4.4669, 3.3497 ], "axis": "x", "angle": 0 },
			"faces": {
				"down": { "uv": [ 5, 10, 4, 9 ], "texture": "#nagaspear" },
				"up": { "uv": [ 4, 8, 5, 9 ], "texture": "#nagaspear" },
				"north": { "uv": [ 5, 11, 4, 10 ], "texture": "#nagaspear" },
				"south": { "uv": [ 4, 11, 5, 12 ], "texture": "#nagaspear" },
				"west": { "uv": [ 5, 15, 6, 16 ], "texture": "#nagaspear", "rotation": 270 },
				"east": { "uv": [ 5, 14, 6, 15 ], "texture": "#nagaspear", "rotation": 90 }
			}
		},
		{
			"__comment": "Box4",
			"from": [ 10.6355, 2.8668, -5.1553 ],
			"to": [ 10.93783, 3.283448, -4.075299 ],
			"rotation": { "origin": [ 6.4658, 4.4669, 3.3497 ], "axis": "x", "angle": 22.5 },
			"faces": {
				"down": { "uv": [ 6, 12, 5, 11 ], "texture": "#nagaspear" },
				"up": { "uv": [ 5, 10, 6, 11 ], "texture": "#nagaspear" },
				"north": { "uv": [ 6, 13, 5, 12 ], "texture": "#nagaspear" },
				"south": { "uv": [ 5, 13, 6, 14 ], "texture": "#nagaspear" },
				"west": { "uv": [ 5, 9, 6, 10 ], "texture": "#nagaspear", "rotation": 90 },
				"east": { "uv": [ 5, 8, 6, 9 ], "texture": "#nagaspear", "rotation": 270 }
			}
		},
		{
			"__comment": "Box4",
			"from": [ 10.6769, 6.0621, -3.9743 ],
			"to": [ 10.91876, 6.53449, -2.419099 ],
			"rotation": { "origin": [ 6.4658, 4.4669, 3.3497 ], "axis": "x", "angle": 0 },
			"faces": {
				"down": { "uv": [ 7, 14, 6, 13 ], "texture": "#nagaspear" },
				"up": { "uv": [ 6, 12, 7, 13 ], "texture": "#nagaspear" },
				"north": { "uv": [ 7, 15, 6, 14 ], "texture": "#nagaspear" },
				"south": { "uv": [ 6, 15, 7, 16 ], "texture": "#nagaspear" },
				"west": { "uv": [ 6, 11, 7, 12 ], "texture": "#nagaspear", "rotation": 270 },
				"east": { "uv": [ 6, 10, 7, 11 ], "texture": "#nagaspear", "rotation": 90 }
			}
		},
		{
			"__comment": "Box4",
			"from": [ 10.6357, 5.936, -2.4191 ],
			"to": [ 10.93803, 6.52649, -1.3391 ],
			"rotation": { "origin": [ 6.4658, 4.4669, 3.3497 ], "axis": "x", "angle": 0 },
			"faces": {
				"down": { "uv": [ 8, 16, 7, 15 ], "texture": "#nagaspear" },
				"up": { "uv": [ 7, 14, 8, 15 ], "texture": "#nagaspear" },
				"north": { "uv": [ 7, 9, 6, 8 ], "texture": "#nagaspear" },
				"south": { "uv": [ 6, 9, 7, 10 ], "texture": "#nagaspear" },
				"west": { "uv": [ 7, 13, 8, 14 ], "texture": "#nagaspear", "rotation": 270 },
				"east": { "uv": [ 7, 12, 8, 13 ], "texture": "#nagaspear", "rotation": 90 }
			}
		},
		{
			"__comment": "Box4",
			"from": [ 10.6355, 3.9004, -1.1997 ],
			"to": [ 10.93783, 4.490889, -0.1197001 ],
			"rotation": { "origin": [ 6.4658, 4.4669, 3.3497 ], "axis": "x", "angle": 22.5 },
			"faces": {
				"down": { "uv": [ 8, 10, 7, 9 ], "texture": "#nagaspear" },
				"up": { "uv": [ 7, 8, 8, 9 ], "texture": "#nagaspear" },
				"north": { "uv": [ 8, 11, 7, 10 ], "texture": "#nagaspear" },
				"south": { "uv": [ 7, 11, 8, 12 ], "texture": "#nagaspear" },
				"west": { "uv": [ 8, 15, 9, 16 ], "texture": "#nagaspear", "rotation": 90 },
				"east": { "uv": [ 9, 15, 10, 16 ], "texture": "#nagaspear", "rotation": 270 }
			}
		},
		{
			"__comment": "Box4",
			"from": [ 10.6354, 3.6936, -1.6986 ],
			"to": [ 10.93773, 4.284089, -0.6186 ],
			"rotation": { "origin": [ 6.4658, 4.4669, 3.3497 ], "axis": "x", "angle": 22.5 },
			"faces": {
				"down": { "uv": [ 13, 16, 12, 15 ], "texture": "#nagaspear" },
				"up": { "uv": [ 13, 15, 14, 16 ], "texture": "#nagaspear" },
				"north": { "uv": [ 12, 16, 11, 15 ], "texture": "#nagaspear" },
				"south": { "uv": [ 10, 15, 11, 16 ], "texture": "#nagaspear" },
				"west": { "uv": [ 14, 15, 15, 16 ], "texture": "#nagaspear", "rotation": 90 },
				"east": { "uv": [ 15, 15, 16, 16 ], "texture": "#nagaspear", "rotation": 270 }
			}
		},
		{
			"__comment": "Box4",
			"from": [ 10.6355, 3.3836, -2.4469 ],
			"to": [ 10.93783, 3.974089, -1.3669 ],
			"rotation": { "origin": [ 6.4658, 4.4669, 3.3497 ], "axis": "x", "angle": 22.5 },
			"faces": {
				"down": { "uv": [ 9, 13, 8, 12 ], "texture": "#nagaspear" },
				"up": { "uv": [ 8, 11, 9, 12 ], "texture": "#nagaspear" },
				"north": { "uv": [ 9, 14, 8, 13 ], "texture": "#nagaspear" },
				"south": { "uv": [ 8, 14, 9, 15 ], "texture": "#nagaspear" },
				"west": { "uv": [ 8, 10, 9, 11 ], "texture": "#nagaspear", "rotation": 90 },
				"east": { "uv": [ 8, 9, 9, 10 ], "texture": "#nagaspear", "rotation": 270 }
			}
		},
		{
			"__comment": "Box4",
			"from": [ 10.6354, 3.2714, -3.2773 ],
			"to": [ 10.93773, 3.743791, -2.1973 ],
			"rotation": { "origin": [ 6.4658, 4.4669, 3.3497 ], "axis": "x", "angle": 22.5 },
			"faces": {
				"down": { "uv": [ 11, 15, 10, 14 ], "texture": "#nagaspear" },
				"up": { "uv": [ 11, 14, 12, 15 ], "texture": "#nagaspear" },
				"north": { "uv": [ 10, 15, 9, 14 ], "texture": "#nagaspear" },
				"south": { "uv": [ 8, 8, 9, 9 ], "texture": "#nagaspear" },
				"west": { "uv": [ 12, 14, 13, 15 ], "texture": "#nagaspear", "rotation": 90 },
				"east": { "uv": [ 13, 14, 14, 15 ], "texture": "#nagaspear", "rotation": 270 }
			}
		},
		{
			"__comment": "Box4",
			"from": [ 10.6355, 3.0315, -3.7624 ],
			"to": [ 10.93783, 3.503891, -2.6824 ],
			"rotation": { "origin": [ 6.4658, 4.4669, 3.3497 ], "axis": "x", "angle": 22.5 },
			"faces": {
				"down": { "uv": [ 10, 14, 9, 13 ], "texture": "#nagaspear" },
				"up": { "uv": [ 9, 12, 10, 13 ], "texture": "#nagaspear" },
				"north": { "uv": [ 16, 15, 15, 14 ], "texture": "#nagaspear" },
				"south": { "uv": [ 14, 14, 15, 15 ], "texture": "#nagaspear" },
				"west": { "uv": [ 9, 11, 10, 12 ], "texture": "#nagaspear", "rotation": 90 },
				"east": { "uv": [ 9, 10, 10, 11 ], "texture": "#nagaspear", "rotation": 270 }
			}
		},
		{
			"__comment": "Box4",
			"from": [ 10.6354, 2.8249, -4.2613 ],
			"to": [ 10.93773, 3.297291, -3.1813 ],
			"rotation": { "origin": [ 6.4658, 4.4669, 3.3497 ], "axis": "x", "angle": 22.5 },
			"faces": {
				"down": { "uv": [ 11, 14, 10, 13 ], "texture": "#nagaspear" },
				"up": { "uv": [ 11, 13, 12, 14 ], "texture": "#nagaspear" },
				"north": { "uv": [ 10, 9, 9, 8 ], "texture": "#nagaspear" },
				"south": { "uv": [ 9, 9, 10, 10 ], "texture": "#nagaspear" },
				"west": { "uv": [ 12, 13, 13, 14 ], "texture": "#nagaspear", "rotation": 90 },
				"east": { "uv": [ 13, 13, 14, 14 ], "texture": "#nagaspear", "rotation": 270 }
			}
		}
	],
	"display": {
		"thirdperson_righthand": {
			"rotation":  [ 10, 0, 0 ],
			"translation":  [ 0.0026, -1.366, -2.086 ]
		},
		"thirdperson_lefthand": {
			"rotation":  [ 10, 0, 0 ],
			"translation":  [ 0.0026, -1.366, -2.086 ]
		},
		"firstperson_righthand": {
			"rotation":  [ 0, -7, 0 ],
			"translation":  [ -5.565, -12.52, 0 ],
			"scale":  [ 1.2695, 2, 1.9304 ]
		},
		"firstperson_lefthand": {
			"rotation":  [ 0, -9, 0 ],
			"translation":  [ -3.478, -13.21, 0 ],
			"scale":  [ 1.4086, 2, 2 ]
		},
		"gui": {
			"rotation":  [ 0, 172, 0 ],
			"translation":  [ 0.6956, -0.691, 0 ],
			"scale":  [ 0.8, 0.8, 0.8 ]
		},
		"head": {
			"translation":  [ -2.086, -9.042, -9.739 ],
			"scale":  [ 4, 4, 4 ]
		},
		"ground": {
			"rotation":  [ 90, 90, 0 ],
			"translation":  [ -1.39, 0, -0.69 ],
			"scale":  [ 0.5, 0.5, 0.5 ]
		},
		"fixed": {
			"rotation":  [ -90, 0, 0 ],
			"translation":  [ -2.086, -18.07, -34.08 ],
			"scale":  [ 4, 4, 4 ]
		}
	}
}