{
	"__comment": "Designed by Sefreneth with Cubik Studio - https://cubik.studio",
	"textures": {
		"nagamyrmidon": "item/nagamyrmidon",
		"nagaglaive": "item/nagaglaive"
	},
	"elements": [ 	 
		{
			"__comment": "Box1",
			"from": [ 7.5931, -0.999, 16.3956 ],
			"to": [ 8.538099, 0.261, 18.9156 ],
			"rotation": { "origin": [ 6.114901, -1.19, 10.0026 ], "axis": "y", "angle": 22.5 },
			"faces": {
				"down": { "uv": [ 6.5, 11.75, 6.75, 12.25 ], "texture": "#nagamyrmidon" },
				"up": { "uv": [ 4.5, 11.75, 4.75, 12.25 ], "texture": "#nagamyrmidon" },
				"north": { "uv": [ 6, 8.25, 6.25, 8.5 ], "texture": "#nagamyrmidon" },
				"south": { "uv": [ 0, 0.25, 0.25, 0.5 ], "texture": "#nagamyrmidon" },
				"west": { "uv": [ 7.5, 14, 8, 14.25 ], "texture": "#nagamyrmidon", "rotation": 270 },
				"east": { "uv": [ 7.5, 14.25, 8, 14 ], "texture": "#nagamyrmidon", "rotation": 270 }
			}
		},
		{
			"__comment": "Box1",
			"from": [ 5.2988, 9.992499, 1.7062 ],
			"to": [ 10.6538, 14.0875, 6.4312 ],
			"faces": {
				"down": { "uv": [ 4, 14, 5.25, 15 ], "texture": "#nagamyrmidon" },
				"up": { "uv": [ 5.25, 15, 6.5, 16 ], "texture": "#nagamyrmidon" },
				"north": { "uv": [ 4, 15, 5.25, 16 ], "texture": "#nagamyrmidon" },
				"south": { "uv": [ 5.25, 14, 6.5, 15 ], "texture": "#nagamyrmidon" },
				"west": { "uv": [ 0, 13, 1, 14 ], "texture": "#nagamyrmidon" },
				"east": { "uv": [ 1, 13, 2, 14 ], "texture": "#nagamyrmidon" }
			}
		},
		{
			"__comment": "Box1",
			"from": [ 5.9288, 6.5275, 2.6512 ],
			"to": [ 10.0238, 9.992498, 6.7462 ],
			"faces": {
				"down": { "uv": [ 2, 13, 3, 14 ], "texture": "#nagamyrmidon" },
				"up": { "uv": [ 3, 13, 4, 14 ], "texture": "#nagamyrmidon" },
				"north": { "uv": [ 3.75, 12.25, 4.75, 13 ], "texture": "#nagamyrmidon" },
				"south": { "uv": [ 4.75, 12.25, 5.75, 13 ], "texture": "#nagamyrmidon" },
				"west": { "uv": [ 5.75, 12.25, 6.75, 13 ], "texture": "#nagamyrmidon" },
				"east": { "uv": [ 16, 12, 15, 12.75 ], "texture": "#nagamyrmidon" }
			}
		},
		{
			"__comment": "Box1",
			"from": [ 6.0863, 4.0863, 1.47 ],
			"to": [ 9.8663, 8.4963, 5.25 ],
			"rotation": { "origin": [ 6.08625, 4.08625, 1.47 ], "axis": "x", "angle": 22.5 },
			"faces": {
				"down": { "uv": [ 3, 11, 3.75, 11.75 ], "texture": "#nagamyrmidon" },
				"up": { "uv": [ 3.75, 11, 4.5, 11.75 ], "texture": "#nagamyrmidon" },
				"north": { "uv": [ 6.75, 13, 7.5, 14 ], "texture": "#nagamyrmidon" },
				"south": { "uv": [ 6, 13, 6.75, 14 ], "texture": "#nagamyrmidon" },
				"west": { "uv": [ 3, 12, 3.75, 13 ], "texture": "#nagamyrmidon" },
				"east": { "uv": [ 13.5, 12, 12.75, 13 ], "texture": "#nagamyrmidon" }
			}
		},
		{
			"__comment": "Box1",
			"from": [ 6.2438, 0.9363, 1.6275 ],
			"to": [ 9.708799, 4.4013, 5.4075 ],
			"faces": {
				"down": { "uv": [ 6.75, 10, 7.5, 10.75 ], "texture": "#nagamyrmidon" },
				"up": { "uv": [ 6, 10, 6.75, 10.75 ], "texture": "#nagamyrmidon" },
				"north": { "uv": [ 5.25, 10, 6, 10.75 ], "texture": "#nagamyrmidon" },
				"south": { "uv": [ 4.5, 10, 5.25, 10.75 ], "texture": "#nagamyrmidon" },
				"west": { "uv": [ 3.75, 10, 4.5, 10.75 ], "texture": "#nagamyrmidon" },
				"east": { "uv": [ 13.5, 10, 12.75, 10.75 ], "texture": "#nagamyrmidon" }
			}
		},
		{
			"__comment": "Box1",
			"from": [ 6.4012, -1.3475, 4.305 ],
			"to": [ 9.5512, 2.1175, 7.77 ],
			"rotation": { "origin": [ 6.40125, -1.347499, 4.305 ], "axis": "x", "angle": -45 },
			"faces": {
				"down": { "uv": [ 1.5, 10, 2.25, 10.75 ], "texture": "#nagamyrmidon" },
				"up": { "uv": [ 6, 11, 6.75, 11.75 ], "texture": "#nagamyrmidon" },
				"north": { "uv": [ 2.25, 10, 3, 10.75 ], "texture": "#nagamyrmidon" },
				"south": { "uv": [ 4.5, 11, 5.25, 11.75 ], "texture": "#nagamyrmidon" },
				"west": { "uv": [ 5.25, 11, 6, 11.75 ], "texture": "#nagamyrmidon" },
				"east": { "uv": [ 12, 10, 11.25, 10.75 ], "texture": "#nagamyrmidon" }
			}
		},
		{
			"__comment": "Box1",
			"from": [ 6.5588, -1.2677, 4.62 ],
			"to": [ 9.393799, 1.8823, 7.77 ],
			"faces": {
				"down": { "uv": [ 7.5, 11, 8, 11.75 ], "texture": "#nagamyrmidon" },
				"up": { "uv": [ 7.5, 10, 8, 10.75 ], "texture": "#nagamyrmidon" },
				"north": { "uv": [ 0.75, 9.25, 1.25, 10 ], "texture": "#nagamyrmidon" },
				"south": { "uv": [ 1.25, 9.25, 1.75, 10 ], "texture": "#nagamyrmidon" },
				"west": { "uv": [ 1.5, 11, 2.25, 11.75 ], "texture": "#nagamyrmidon", "rotation": 270 },
				"east": { "uv": [ 11.5, 9, 12.25, 8.25 ], "texture": "#nagamyrmidon", "rotation": 270 }
			}
		},
		{
			"__comment": "Box1",
			"from": [ 6.7392, -1.2687, 7.6146 ],
			"to": [ 9.259199, 1.5663, 10.1346 ],
			"faces": {
				"down": { "uv": [ 13.5, 0, 14, 0.5 ], "texture": "#nagamyrmidon" },
				"up": { "uv": [ 6.75, 9.5, 7.25, 10 ], "texture": "#nagamyrmidon" },
				"north": { "uv": [ 7.25, 9.5, 7.75, 10 ], "texture": "#nagamyrmidon" },
				"south": { "uv": [ 0, 8.75, 0.5, 9.25 ], "texture": "#nagamyrmidon" },
				"west": { "uv": [ 0.5, 8.75, 1, 9.25 ], "texture": "#nagamyrmidon", "rotation": 270 },
				"east": { "uv": [ 12, 7, 12.5, 6.5 ], "texture": "#nagamyrmidon", "rotation": 270 }
			}
		},
		{
			"__comment": "Box1",
			"from": [ 6.4806, 10.7062, -2.9196 ],
			"to": [ 9.6306, 11.9662, -1.0296 ],
			"rotation": { "origin": [ 6.4806, 10.7062, -2.9196 ], "axis": "x", "angle": -22.5 },
			"faces": {
				"down": { "uv": [ 1.5, 10.75, 2.25, 11 ], "texture": "#nagamyrmidon" },
				"up": { "uv": [ 2.25, 10.75, 3, 11 ], "texture": "#nagamyrmidon" },
				"north": { "uv": [ 3, 10.75, 3.75, 11 ], "texture": "#nagamyrmidon" },
				"south": { "uv": [ 4, 8.25, 4.75, 8.5 ], "texture": "#nagamyrmidon" },
				"west": { "uv": [ 4.25, 8, 4.5, 8.25 ], "texture": "#nagamyrmidon", "rotation": 270 },
				"east": { "uv": [ 4.5, 8, 4.25, 8.25 ], "texture": "#nagamyrmidon", "rotation": 270 }
			}
		},
		{
			"__comment": "Box1",
			"from": [ 6.5523, -1.189, 12.2829 ],
			"to": [ 8.127298, 0.7009999, 14.8029 ],
			"rotation": { "origin": [ 6.114901, -1.19, 10.0026 ], "axis": "y", "angle": 22.5 },
			"faces": {
				"down": { "uv": [ 0, 1, 0.25, 1.5 ], "texture": "#nagamyrmidon" },
				"up": { "uv": [ 0, 1.5, 0.25, 2 ], "texture": "#nagamyrmidon" },
				"north": { "uv": [ 4, 8, 4.25, 8.25 ], "texture": "#nagamyrmidon" },
				"south": { "uv": [ 1.5, 8, 1.75, 8.25 ], "texture": "#nagamyrmidon" },
				"west": { "uv": [ 0.25, 8, 0.75, 8.25 ], "texture": "#nagamyrmidon", "rotation": 270 },
				"east": { "uv": [ 12.5, 5.5, 13, 5.25 ], "texture": "#nagamyrmidon", "rotation": 270 }
			}
		},
		{
			"__comment": "Box1",
			"from": [ 4.921, -1, 14.2773 ],
			"to": [ 6.181, 0.575, 16.7973 ],
			"rotation": { "origin": [ 6.114901, -1.19, 10.0026 ], "axis": "y", "angle": 45 },
			"faces": {
				"down": { "uv": [ 0, 2, 0.25, 2.5 ], "texture": "#nagamyrmidon" },
				"up": { "uv": [ 0, 2.5, 0.25, 3 ], "texture": "#nagamyrmidon" },
				"north": { "uv": [ 2.75, 8, 3, 8.25 ], "texture": "#nagamyrmidon" },
				"south": { "uv": [ 2.5, 8, 2.75, 8.25 ], "texture": "#nagamyrmidon" },
				"west": { "uv": [ 6.25, 9.25, 6.75, 9.5 ], "texture": "#nagamyrmidon", "rotation": 270 },
				"east": { "uv": [ 13.5, 5.5, 14, 5.25 ], "texture": "#nagamyrmidon", "rotation": 270 }
			}
		},
		{
			"__comment": "Box1",
			"from": [ 7.1825, -1.19, 9.4159 ],
			"to": [ 9.0725, 1.015, 11.9359 ],
			"faces": {
				"down": { "uv": [ 7.75, 9.5, 8, 10 ], "texture": "#nagamyrmidon" },
				"up": { "uv": [ 6.75, 8.25, 7, 8.75 ], "texture": "#nagamyrmidon" },
				"north": { "uv": [ 6.5, 8.25, 6.75, 8.75 ], "texture": "#nagamyrmidon" },
				"south": { "uv": [ 6.25, 8.25, 6.5, 8.75 ], "texture": "#nagamyrmidon" },
				"west": { "uv": [ 3.5, 8.75, 4, 9.25 ], "texture": "#nagamyrmidon", "rotation": 270 },
				"east": { "uv": [ 13.5, 7, 14, 6.5 ], "texture": "#nagamyrmidon", "rotation": 270 }
			}
		},
		{
			"__comment": "Box1",
			"from": [ 6.804, 11.3497, -0.8348 ],
			"to": [ 9.323999, 13.8697, 1.6852 ],
			"rotation": { "origin": [ 6.9525, 11.2525, 1.785 ], "axis": "x", "angle": 22.5 },
			"faces": {
				"down": { "uv": [ 11, 11.5, 11.5, 12 ], "texture": "#nagamyrmidon" },
				"up": { "uv": [ 10, 9, 10.5, 9.5 ], "texture": "#nagamyrmidon" },
				"north": { "uv": [ 5.5, 8.75, 6, 9.25 ], "texture": "#nagamyrmidon" },
				"south": { "uv": [ 6, 8.75, 6.5, 9.25 ], "texture": "#nagamyrmidon" },
				"west": { "uv": [ 8.5, 5.5, 9, 6 ], "texture": "#nagamyrmidon", "rotation": 90 },
				"east": { "uv": [ 8.5, 5.5, 9, 6 ], "texture": "#nagamyrmidon", "rotation": 90 }
			}
		},
		{
			"__comment": "Box1",
			"from": [ 6.3046, 10.7062, -1.0411 ],
			"to": [ 9.7696, 11.9662, 1.4789 ],
			"rotation": { "origin": [ 6.4806, 10.7062, -2.9196 ], "axis": "x", "angle": -22.5 },
			"faces": {
				"down": { "uv": [ 6.75, 11.75, 7.5, 12.25 ], "texture": "#nagamyrmidon" },
				"up": { "uv": [ 5.75, 11.75, 6.5, 12.25 ], "texture": "#nagamyrmidon" },
				"north": { "uv": [ 6, 10.75, 6.75, 11 ], "texture": "#nagamyrmidon" },
				"south": { "uv": [ 15.25, 15.75, 16, 16 ], "texture": "#nagamyrmidon" },
				"west": { "uv": [ 4.25, 9.25, 4.75, 9.5 ], "texture": "#nagamyrmidon" },
				"east": { "uv": [ 4.75, 9.25, 4.25, 9.5 ], "texture": "#nagamyrmidon" }
			}
		},
		{
			"__comment": "Box1",
			"from": [ 6.4519, 13.3, -2.0411 ],
			"to": [ 9.6019, 14.56, 0.4789 ],
			"faces": {
				"down": { "uv": [ 3.75, 11.75, 4.5, 12.25 ], "texture": "#nagamyrmidon", "rotation": 90 },
				"up": { "uv": [ 4.75, 11.75, 5.5, 12.25 ], "texture": "#nagamyrmidon" },
				"north": { "uv": [ 4.75, 8.5, 5.5, 8.75 ], "texture": "#nagamyrmidon" },
				"south": { "uv": [ 4.75, 8.25, 5.5, 8.5 ], "texture": "#nagamyrmidon" },
				"west": { "uv": [ 7.5, 15, 8, 15.25 ], "texture": "#nagamyrmidon" },
				"east": { "uv": [ 8, 15, 7.5, 15.25 ], "texture": "#nagamyrmidon" }
			}
		},
		{
			"__comment": "Box1",
			"from": [ 6.6279, 13.3, -3.5988 ],
			"to": [ 9.462898, 14.245, -2.0238 ],
			"faces": {
				"down": { "uv": [ 4.75, 9.25, 5.25, 9.5 ], "texture": "#nagamyrmidon" },
				"up": { "uv": [ 6.75, 9.25, 7.25, 9.5 ], "texture": "#nagamyrmidon" },
				"north": { "uv": [ 5.5, 8.25, 6, 8.5 ], "texture": "#nagamyrmidon" },
				"south": { "uv": [ 7.5, 8.5, 8, 8.75 ], "texture": "#nagamyrmidon" },
				"west": { "uv": [ 5.25, 8, 5.5, 8.25 ], "texture": "#nagamyrmidon", "rotation": 270 },
				"east": { "uv": [ 5.25, 8.25, 5.5, 8 ], "texture": "#nagamyrmidon", "rotation": 270 }
			}
		},
		{
			"__comment": "Box17",
			"from": [ 14.6713, 7.743, 3.7789 ],
			"to": [ 16.5613, 9.318, 5.3539 ],
			"rotation": { "origin": [ 19.4926, 3.4302, 4.3445 ], "axis": "z", "angle": 22.5 },
			"faces": {
				"down": { "uv": [ 15.5, 0, 15, 0.5 ], "texture": "#nagamyrmidon", "rotation": 270 },
				"up": { "uv": [ 3.5, 8, 3.75, 8.25 ], "texture": "#nagamyrmidon", "rotation": 90 },
				"north": { "uv": [ 4.75, 8, 5, 8.25 ], "texture": "#nagamyrmidon" },
				"south": { "uv": [ 15.5, 0, 16, 0.5 ], "texture": "#nagamyrmidon" },
				"west": { "uv": [ 14.5, 0, 15, 0.5 ], "texture": "#nagamyrmidon" },
				"east": { "uv": [ 15, 0, 14.5, 0.5 ], "texture": "#nagamyrmidon" }
			}
		},
		{
			"__comment": "Box17",
			"from": [ 13.972, 12.5967, 3.0057 ],
			"to": [ 16.492, 16.0617, 5.2107 ],
			"rotation": { "origin": [ 19.1176, 3.6802, 3.9695 ], "axis": "z", "angle": 22.5 },
			"faces": {
				"down": { "uv": [ 0, 8.25, 0.5, 8.75 ], "texture": "#nagamyrmidon", "rotation": 270 },
				"up": { "uv": [ 0.5, 8.25, 1, 8.75 ], "texture": "#nagamyrmidon", "rotation": 90 },
				"north": { "uv": [ 3.25, 9.25, 3.75, 10 ], "texture": "#nagamyrmidon" },
				"south": { "uv": [ 8, 13.25, 7.5, 14 ], "texture": "#nagamyrmidon" },
				"west": { "uv": [ 2.25, 9.25, 2.75, 10 ], "texture": "#nagamyrmidon" },
				"east": { "uv": [ 2.75, 9.25, 2.25, 10 ], "texture": "#nagamyrmidon" }
			}
		},
		{
			"__comment": "Box17",
			"from": [ 4.5463, 10.6579, 1.3724 ],
			"to": [ 6.7513, 14.1229, 3.8924 ],
			"faces": {
				"down": { "uv": [ 15.5, 9, 16, 9.5 ], "texture": "#nagamyrmidon" },
				"up": { "uv": [ 1, 8.25, 1.5, 8.75 ], "texture": "#nagamyrmidon" },
				"north": { "uv": [ 2.25, 9.25, 2.75, 10 ], "texture": "#nagamyrmidon" },
				"south": { "uv": [ 2.75, 9.25, 2.25, 10 ], "texture": "#nagamyrmidon" },
				"west": { "uv": [ 7.5, 13.25, 8, 14 ], "texture": "#nagamyrmidon" },
				"east": { "uv": [ 7.5, 14.25, 8, 15 ], "texture": "#nagamyrmidon" }
			}
		},
		{
			"__comment": "Box17",
			"from": [ 5.1562, 6.6491, 1.1966 ],
			"to": [ 7.0462, 8.2241, 2.771601 ],
			"rotation": { "origin": [ 8.375, 10.75, 0.75 ], "axis": "z", "angle": 22.5 },
			"faces": {
				"down": { "uv": [ 15, 0, 15.5, 0.5 ], "texture": "#nagamyrmidon", "rotation": 270 },
				"up": { "uv": [ 6, 8, 6.25, 8.25 ], "texture": "#nagamyrmidon", "rotation": 90 },
				"north": { "uv": [ 16, 0.5, 15.5, 0 ], "texture": "#nagamyrmidon", "rotation": 180 },
				"south": { "uv": [ 1, 8.25, 0.75, 8 ], "texture": "#nagamyrmidon", "rotation": 180 },
				"west": { "uv": [ 14.5, 0.5, 15, 0 ], "texture": "#nagamyrmidon", "rotation": 180 },
				"east": { "uv": [ 15, 0.5, 14.5, 0 ], "texture": "#nagamyrmidon", "rotation": 180 }
			}
		},
		{
			"__comment": "Box17",
			"from": [ 5.7839, 6.3944, 1.4538 ],
			"to": [ 7.6739, 10.1744, 3.3438 ],
			"rotation": { "origin": [ 4.625, 8.125, 0.125 ], "axis": "z", "angle": 22.5 },
			"faces": {
				"down": { "uv": [ 5.5, 8, 5.75, 8.25 ], "texture": "#nagamyrmidon" },
				"up": { "uv": [ 3, 8, 3.25, 8.25 ], "texture": "#nagamyrmidon" },
				"north": { "uv": [ 12, 15, 12.5, 16 ], "texture": "#nagamyrmidon" },
				"south": { "uv": [ 15.5, 7, 16, 8.25 ], "texture": "#nagamyrmidon" },
				"west": { "uv": [ 15.5, 7, 16, 8.25 ], "texture": "#nagamyrmidon" },
				"east": { "uv": [ 15.5, 7, 16, 8.25 ], "texture": "#nagamyrmidon" }
			}
		},
		{
			"__comment": "Box17",
			"from": [ 14.6713, 9.318, 3.4639 ],
			"to": [ 16.5613, 13.098, 5.353899 ],
			"rotation": { "origin": [ 19.4926, 3.4302, 4.3445 ], "axis": "z", "angle": 22.5 },
			"faces": {
				"down": { "uv": [ 1.25, 8, 1.5, 8.25 ], "texture": "#nagamyrmidon", "rotation": 270 },
				"up": { "uv": [ 3.25, 8, 3.5, 8.25 ], "texture": "#nagamyrmidon", "rotation": 90 },
				"north": { "uv": [ 15.5, 7, 16, 8.25 ], "texture": "#nagamyrmidon" },
				"south": { "uv": [ 15.5, 7, 16, 8.25 ], "texture": "#nagamyrmidon" },
				"west": { "uv": [ 15.5, 7, 16, 8.25 ], "texture": "#nagamyrmidon" },
				"east": { "uv": [ 12.5, 15, 12, 16 ], "texture": "#nagamyrmidon" }
			}
		},
		{
			"__comment": "PlaneX23",
			"from": [ 9.4725, 12.985, -3.57 ],
			"to": [ 9.4735, 13.3, 0.2099998 ],
			"faces": {
				"west": { "uv": [ 4.5, 10.75, 6, 11 ], "texture": "#nagamyrmidon", "rotation": 180 },
				"east": { "uv": [ 6, 10.75, 4.5, 11 ], "texture": "#nagamyrmidon", "rotation": 180 }
			}
		},
		{
			"__comment": "PlaneX23",
			"from": [ 6.43, 11.9662, -2.885 ],
			"to": [ 9.58, 12.2812, -2.884 ],
			"rotation": { "origin": [ 6.4806, 10.7062, -2.9196 ], "axis": "x", "angle": -22.5 },
			"faces": {
				"north": { "uv": [ 7, 9, 8.5, 8.5 ], "texture": "#nagamyrmidon", "rotation": 180 },
				"south": { "uv": [ 8.5, 9, 7, 8.5 ], "texture": "#nagamyrmidon", "rotation": 180 }
			}
		},
		{
			"__comment": "PlaneX23",
			"from": [ 9.58, 11.9662, -2.885 ],
			"to": [ 9.581, 12.2812, 1.21 ],
			"rotation": { "origin": [ 6.4806, 10.7062, -2.9196 ], "axis": "x", "angle": -22.5 },
			"faces": {
				"west": { "uv": [ 3.5, 8.5, 1.5, 9 ], "texture": "#nagamyrmidon" },
				"east": { "uv": [ 1.5, 8.5, 3.5, 9 ], "texture": "#nagamyrmidon" }
			}
		},
		{
			"__comment": "PlaneX23",
			"from": [ 6.6375, 12.985, -3.57 ],
			"to": [ 9.4725, 13.3, -3.569 ],
			"faces": {
				"north": { "uv": [ 7, 8.5, 8.5, 9 ], "texture": "#nagamyrmidon", "rotation": 180 },
				"south": { "uv": [ 8.5, 8.5, 7, 9 ], "texture": "#nagamyrmidon", "rotation": 180 }
			}
		},
		{
			"__comment": "PlaneX23",
			"from": [ 6.6375, 12.985, -3.57 ],
			"to": [ 6.6385, 13.3, 0.2099998 ],
			"faces": {
				"west": { "uv": [ 4.5, 10.75, 6, 11 ], "texture": "#nagamyrmidon", "rotation": 180 },
				"east": { "uv": [ 6, 10.75, 4.5, 11 ], "texture": "#nagamyrmidon", "rotation": 180 }
			}
		},
		{
			"__comment": "PlaneX23",
			"from": [ 6.5088, 11.9662, -2.885 ],
			"to": [ 6.5098, 12.2812, 1.21 ],
			"rotation": { "origin": [ 6.4806, 10.7062, -2.9196 ], "axis": "x", "angle": -22.5 },
			"faces": {
				"west": { "uv": [ 3.5, 8.5, 1.5, 9 ], "texture": "#nagamyrmidon" },
				"east": { "uv": [ 1.5, 8.5, 3.5, 9 ], "texture": "#nagamyrmidon" }
			}
		},
		{
			"__comment": "PlaneX29",
			"from": [ 9.708799, 10.3075, 0.2414 ],
			"to": [ 13.4888, 15.6625, 0.2424004 ],
			"rotation": { "origin": [ 9.70875, 10.3075, 0.2424999 ], "axis": "y", "angle": -22.5 },
			"faces": {
				"north": { "uv": [ 2.25, 11.75, 1.5, 13 ], "texture": "#nagamyrmidon" },
				"south": { "uv": [ 1.5, 11.75, 2.25, 13 ], "texture": "#nagamyrmidon" }
			}
		},
		{
			"__comment": "PlaneX29",
			"from": [ 9.787499, 6.7725, 6.0375 ],
			"to": [ 9.7885, 14.9625, 10.7625 ],
			"faces": {
				"west": { "uv": [ 0, 14, 1, 16 ], "texture": "#nagamyrmidon", "rotation": 180 },
				"east": { "uv": [ 1, 14, 0, 16 ], "texture": "#nagamyrmidon", "rotation": 180 }
			}
		},
		{
			"__comment": "PlaneX29",
			"from": [ 2.7, 10.3075, 0.2425 ],
			"to": [ 6.48, 15.6625, 0.2434999 ],
			"rotation": { "origin": [ 6.48, 10.3075, 0.2424999 ], "axis": "y", "angle": 22.5 },
			"faces": {
				"north": { "uv": [ 1.5, 11.75, 2.25, 13 ], "texture": "#nagamyrmidon" },
				"south": { "uv": [ 2.25, 11.75, 1.5, 13 ], "texture": "#nagamyrmidon" }
			}
		},
		{
			"__comment": "PlaneX29",
			"from": [ 8.054999, 14.245, -3.1762 ],
			"to": [ 8.056, 16.135, 0.6037998 ],
			"faces": {
				"west": { "uv": [ 14.5, 14, 15.5, 14.5 ], "texture": "#nagamyrmidon" },
				"east": { "uv": [ 15.5, 14, 14.5, 14.5 ], "texture": "#nagamyrmidon" }
			}
		},
		{
			"__comment": "PlaneX29",
			"from": [ 6.165, 7.0225, 6.0375 ],
			"to": [ 6.166, 15.2125, 10.7625 ],
			"faces": {
				"west": { "uv": [ 0, 14, 1, 16 ], "texture": "#nagamyrmidon", "rotation": 180 },
				"east": { "uv": [ 1, 14, 0, 16 ], "texture": "#nagamyrmidon", "rotation": 180 }
			}
		},
		{
			"__comment": "PlaneX29",
			"from": [ 5.4562, 14.0875, 2.3363 ],
			"to": [ 5.4572, 18.8125, 6.7463 ],
			"rotation": { "origin": [ 5.45625, 14.0875, 2.33625 ], "axis": "x", "angle": 22.5 },
			"faces": {
				"west": { "uv": [ 5, 13, 6, 14 ], "texture": "#nagamyrmidon" },
				"east": { "uv": [ 6, 13, 5, 14 ], "texture": "#nagamyrmidon" }
			}
		},
		{
			"__comment": "PlaneX29",
			"from": [ 8.1039, 0.2641, 16.6505 ],
			"to": [ 8.1049, 2.4691, 18.8555 ],
			"rotation": { "origin": [ 6.114901, -1.19, 10.0026 ], "axis": "y", "angle": 22.5 },
			"faces": {
				"west": { "uv": [ 7.5, 12.25, 8, 11.75 ], "texture": "#nagamyrmidon", "rotation": 270 },
				"east": { "uv": [ 7.5, 11.75, 8, 12.25 ], "texture": "#nagamyrmidon", "rotation": 270 }
			}
		},
		{
			"__comment": "PlaneX29",
			"from": [ 10.4962, 14.0875, 2.3363 ],
			"to": [ 10.4972, 18.8125, 6.7463 ],
			"rotation": { "origin": [ 10.49625, 14.0875, 2.33625 ], "axis": "x", "angle": 22.5 },
			"faces": {
				"west": { "uv": [ 5, 13, 6, 14 ], "texture": "#nagamyrmidon" },
				"east": { "uv": [ 6, 13, 5, 14 ], "texture": "#nagamyrmidon" }
			}
		},
		{
			"__comment": "PlaneX29",
			"from": [ 7.9762, 1.5703, 5.7766 ],
			"to": [ 7.9772, 3.7753, 7.6666 ],
			"faces": {
				"west": { "uv": [ 4.25, 9.5, 4.75, 10 ], "texture": "#nagamyrmidon", "rotation": 90 },
				"east": { "uv": [ 4.25, 10, 4.75, 9.5 ], "texture": "#nagamyrmidon", "rotation": 90 }
			}
		},
		{
			"__comment": "PlaneX29",
			"from": [ 7.991, 1.5693, 8.0019 ],
			"to": [ 7.992, 3.7743, 10.2069 ],
			"faces": {
				"west": { "uv": [ 4.25, 9.5, 4.75, 10 ], "texture": "#nagamyrmidon", "rotation": 90 },
				"east": { "uv": [ 4.25, 10, 4.75, 9.5 ], "texture": "#nagamyrmidon", "rotation": 90 }
			}
		},
		{
			"__comment": "PlaneX29",
			"from": [ 10.1062, 7.1714, 4.823 ],
			"to": [ 13.2562, 10.3214, 4.824 ],
			"rotation": { "origin": [ 13.2562, 7.1714, 4.823 ], "axis": "z", "angle": 22.5 },
			"faces": {
				"north": { "uv": [ 6.75, 11, 7.5, 11.75 ], "texture": "#nagamyrmidon", "rotation": 180 },
				"south": { "uv": [ 7.5, 11, 6.75, 11.75 ], "texture": "#nagamyrmidon", "rotation": 180 }
			}
		},
		{
			"__comment": "PlaneX29",
			"from": [ 7.3489, 0.7041, 12.5471 ],
			"to": [ 7.3499, 2.9091, 14.7521 ],
			"rotation": { "origin": [ 6.114901, -1.19, 10.0026 ], "axis": "y", "angle": 22.5 },
			"faces": {
				"west": { "uv": [ 4.25, 9.5, 4.75, 10 ], "texture": "#nagamyrmidon", "rotation": 90 },
				"east": { "uv": [ 4.25, 10, 4.75, 9.5 ], "texture": "#nagamyrmidon", "rotation": 90 }
			}
		},
		{
			"__comment": "PlaneX29",
			"from": [ 5.5628, 0.4206, 14.6447 ],
			"to": [ 5.5638, 2.6256, 16.8497 ],
			"rotation": { "origin": [ 6.114901, -1.19, 10.0026 ], "axis": "y", "angle": 45 },
			"faces": {
				"west": { "uv": [ 5.75, 10, 6.25, 9.5 ], "texture": "#nagamyrmidon", "rotation": 270 },
				"east": { "uv": [ 5.75, 9.5, 6.25, 10 ], "texture": "#nagamyrmidon", "rotation": 270 }
			}
		},
		{
			"__comment": "PlaneX29",
			"from": [ 8.0925, 1.0181, 9.6243 ],
			"to": [ 8.0935, 3.2231, 11.8293 ],
			"faces": {
				"west": { "uv": [ 4.25, 9.5, 4.75, 10 ], "texture": "#nagamyrmidon", "rotation": 90 },
				"east": { "uv": [ 4.25, 10, 4.75, 9.5 ], "texture": "#nagamyrmidon", "rotation": 90 }
			}
		},
		{
			"__comment": "PlaneX29",
			"from": [ 7.0861, 6.5204, 2.3399 ],
			"to": [ 10.2361, 9.6704, 2.340899 ],
			"rotation": { "origin": [ 3.875, 9.25, 0.25 ], "axis": "z", "angle": 22.5 },
			"faces": {
				"north": { "uv": [ 6.75, 11, 7.5, 11.75 ], "texture": "#nagamyrmidon" },
				"south": { "uv": [ 7.5, 11, 6.75, 11.75 ], "texture": "#nagamyrmidon" }
			}
		},
		{
			"__comment": "Box1",
			"from": [ 2.5039, 6.1105, 4.8789 ],
			"to": [ 15.50003, 6.874979, 5.643378 ],
			"rotation": { "origin": [ 15.5, 6.875, 4.8789 ], "axis": "y", "angle": -22.5 },
			"faces": {
				"down": { "uv": [ 0, 11, 1, 16 ], "texture": "#nagaglaive", "rotation": 270 },
				"up": { "uv": [ 1, 16, 0, 11 ], "texture": "#nagaglaive", "rotation": 90 },
				"north": { "uv": [ 0, 16, 1, 11 ], "texture": "#nagaglaive", "rotation": 90 },
				"south": { "uv": [ 0, 16, 1, 11 ], "texture": "#nagaglaive", "rotation": 270 },
				"west": { "uv": [ 10, 10, 9, 9 ], "texture": "#nagaglaive", "rotation": 270 },
				"east": { "uv": [ 9, 8, 10, 9 ], "texture": "#nagaglaive", "rotation": 90 }
			}
		},
		{
			"__comment": "Box1",
			"from": [ 1.5602, 5.8961, 4.6878 ],
			"to": [ 2.7302, 7.0661, 5.8578 ],
			"rotation": { "origin": [ 15.5, 6.875, 4.8789 ], "axis": "y", "angle": -22.5 },
			"faces": {
				"down": { "uv": [ 1, 9, 2, 10 ], "texture": "#nagaglaive", "rotation": 90 },
				"up": { "uv": [ 2, 10, 1, 9 ], "texture": "#nagaglaive", "rotation": 270 },
				"north": { "uv": [ 1, 9, 2, 10 ], "texture": "#nagaglaive", "rotation": 270 },
				"south": { "uv": [ 1, 9, 2, 10 ], "texture": "#nagaglaive", "rotation": 90 },
				"west": { "uv": [ 2, 10, 1, 9 ], "texture": "#nagaglaive", "rotation": 270 },
				"east": { "uv": [ 1, 9, 2, 10 ], "texture": "#nagaglaive", "rotation": 90 }
			}
		},
		{
			"__comment": "Box1",
			"from": [ 15.5001, 6.3016, 4.3058 ],
			"to": [ 17.79353, 6.683839, 5.834755 ],
			"rotation": { "origin": [ 15.5, 6.875, 4.8789 ], "axis": "y", "angle": -22.5 },
			"faces": {
				"down": { "uv": [ 4, 9, 3, 10 ], "texture": "#nagaglaive", "rotation": 90 },
				"up": { "uv": [ 4, 10, 3, 9 ], "texture": "#nagaglaive", "rotation": 270 },
				"north": { "uv": [ 2, 8, 3, 9 ], "texture": "#nagaglaive", "rotation": 270 },
				"south": { "uv": [ 3, 10, 4, 11 ], "texture": "#nagaglaive", "rotation": 90 },
				"west": { "uv": [ 3, 11, 2, 10 ], "texture": "#nagaglaive", "rotation": 270 },
				"east": { "uv": [ 2, 9, 3, 10 ], "texture": "#nagaglaive", "rotation": 90 }
			}
		},
		{
			"__comment": "Box1",
			"from": [ 17.7935, 6.3016, 4.0191 ],
			"to": [ 18.55798, 6.683839, 5.834733 ],
			"rotation": { "origin": [ 15.5, 6.875, 4.8789 ], "axis": "y", "angle": -22.5 },
			"faces": {
				"down": { "uv": [ 5, 11, 4, 12 ], "texture": "#nagaglaive", "rotation": 90 },
				"up": { "uv": [ 5, 12, 4, 11 ], "texture": "#nagaglaive", "rotation": 270 },
				"north": { "uv": [ 4, 12, 5, 13 ], "texture": "#nagaglaive", "rotation": 270 },
				"south": { "uv": [ 5, 12, 6, 13 ], "texture": "#nagaglaive", "rotation": 90 },
				"west": { "uv": [ 5, 14, 4, 13 ], "texture": "#nagaglaive", "rotation": 270 },
				"east": { "uv": [ 5, 13, 6, 14 ], "texture": "#nagaglaive", "rotation": 90 }
			}
		},
		{
			"__comment": "Box1",
			"from": [ 18.558, 6.3016, 4.0191 ],
			"to": [ 20.46919, 6.683839, 5.834733 ],
			"rotation": { "origin": [ 15.5, 6.875, 4.8789 ], "axis": "y", "angle": -22.5 },
			"faces": {
				"down": { "uv": [ 5, 8, 4, 9 ], "texture": "#nagaglaive", "rotation": 90 },
				"up": { "uv": [ 5, 9, 4, 8 ], "texture": "#nagaglaive", "rotation": 270 },
				"north": { "uv": [ 4, 9, 5, 10 ], "texture": "#nagaglaive", "rotation": 270 },
				"south": { "uv": [ 5, 9, 6, 10 ], "texture": "#nagaglaive", "rotation": 90 },
				"west": { "uv": [ 5, 11, 4, 10 ], "texture": "#nagaglaive", "rotation": 270 },
				"east": { "uv": [ 5, 10, 6, 11 ], "texture": "#nagaglaive", "rotation": 90 }
			}
		},
		{
			"__comment": "Box1",
			"from": [ 20.4691, 6.3016, 3.8279 ],
			"to": [ 21.61581, 6.683839, 5.825099 ],
			"rotation": { "origin": [ 15.5, 6.875, 4.8789 ], "axis": "y", "angle": -22.5 },
			"faces": {
				"down": { "uv": [ 7, 11, 6, 12 ], "texture": "#nagaglaive", "rotation": 90 },
				"up": { "uv": [ 7, 12, 6, 11 ], "texture": "#nagaglaive", "rotation": 270 },
				"north": { "uv": [ 6, 13, 7, 14 ], "texture": "#nagaglaive", "rotation": 270 },
				"south": { "uv": [ 6, 12, 7, 13 ], "texture": "#nagaglaive", "rotation": 90 },
				"west": { "uv": [ 13, 10, 12, 9 ], "texture": "#nagaglaive", "rotation": 270 },
				"east": { "uv": [ 6, 14, 7, 15 ], "texture": "#nagaglaive", "rotation": 90 }
			}
		},
		{
			"__comment": "Box1",
			"from": [ 21.6158, 6.3016, 3.8279 ],
			"to": [ 22.38028, 6.683839, 5.834654 ],
			"rotation": { "origin": [ 15.5, 6.875, 4.8789 ], "axis": "y", "angle": -22.5 },
			"faces": {
				"down": { "uv": [ 8, 13, 7, 14 ], "texture": "#nagaglaive", "rotation": 90 },
				"up": { "uv": [ 8, 14, 7, 13 ], "texture": "#nagaglaive", "rotation": 270 },
				"north": { "uv": [ 7, 15, 8, 16 ], "texture": "#nagaglaive", "rotation": 270 },
				"south": { "uv": [ 7, 14, 8, 15 ], "texture": "#nagaglaive", "rotation": 90 },
				"west": { "uv": [ 7, 10, 6, 9 ], "texture": "#nagaglaive", "rotation": 270 },
				"east": { "uv": [ 6, 8, 7, 9 ], "texture": "#nagaglaive", "rotation": 90 }
			}
		},
		{
			"__comment": "Box1",
			"from": [ 22.3803, 6.3016, 3.9234 ],
			"to": [ 23.14478, 6.683839, 5.834595 ],
			"rotation": { "origin": [ 15.5, 6.875, 4.8789 ], "axis": "y", "angle": -22.5 },
			"faces": {
				"down": { "uv": [ 9, 15, 8, 16 ], "texture": "#nagaglaive", "rotation": 90 },
				"up": { "uv": [ 9, 16, 8, 15 ], "texture": "#nagaglaive", "rotation": 270 },
				"north": { "uv": [ 7, 9, 8, 10 ], "texture": "#nagaglaive", "rotation": 270 },
				"south": { "uv": [ 7, 8, 8, 9 ], "texture": "#nagaglaive", "rotation": 90 },
				"west": { "uv": [ 8, 12, 7, 11 ], "texture": "#nagaglaive", "rotation": 270 },
				"east": { "uv": [ 7, 10, 8, 11 ], "texture": "#nagaglaive", "rotation": 90 }
			}
		},
		{
			"__comment": "Box1",
			"from": [ 20.7549, 6.3009, 11.7089 ],
			"to": [ 21.51938, 6.683139, 12.85561 ],
			"rotation": { "origin": [ 15.5, 6.875, 4.8789 ], "axis": "y", "angle": 22.5 },
			"faces": {
				"down": { "uv": [ 15, 15, 14, 16 ], "texture": "#nagaglaive" },
				"up": { "uv": [ 15, 16, 14, 15 ], "texture": "#nagaglaive" },
				"north": { "uv": [ 10, 15, 11, 16 ], "texture": "#nagaglaive", "rotation": 90 },
				"south": { "uv": [ 12, 16, 11, 15 ], "texture": "#nagaglaive", "rotation": 270 },
				"west": { "uv": [ 14, 16, 13, 15 ], "texture": "#nagaglaive", "rotation": 270 },
				"east": { "uv": [ 13, 16, 12, 15 ], "texture": "#nagaglaive", "rotation": 90 }
			}
		},
		{
			"__comment": "Box1",
			"from": [ 22.2962, 6.3008, 1.2992 ],
			"to": [ 23.44292, 6.683039, 2.828155 ],
			"rotation": { "origin": [ 15.5, 6.875, 4.8789 ], "axis": "y", "angle": -45 },
			"faces": {
				"down": { "uv": [ 9, 10, 8, 11 ], "texture": "#nagaglaive", "rotation": 90 },
				"up": { "uv": [ 9, 11, 8, 10 ], "texture": "#nagaglaive", "rotation": 270 },
				"north": { "uv": [ 9, 13, 8, 12 ], "texture": "#nagaglaive", "rotation": 90 },
				"south": { "uv": [ 9, 12, 8, 11 ], "texture": "#nagaglaive", "rotation": 270 },
				"west": { "uv": [ 8, 14, 9, 15 ], "texture": "#nagaglaive", "rotation": 90 },
				"east": { "uv": [ 9, 14, 8, 13 ], "texture": "#nagaglaive", "rotation": 270 }
			}
		},
		{
			"__comment": "Box1",
			"from": [ 23.3612, 6.3016, 1.6226 ],
			"to": [ 24.12568, 6.683839, 2.769318 ],
			"rotation": { "origin": [ 15.5, 6.875, 4.8789 ], "axis": "y", "angle": -45 },
			"faces": {
				"down": { "uv": [ 13, 14, 12, 15 ], "texture": "#nagaglaive", "rotation": 90 },
				"up": { "uv": [ 13, 15, 12, 14 ], "texture": "#nagaglaive", "rotation": 270 },
				"north": { "uv": [ 11, 15, 10, 14 ], "texture": "#nagaglaive", "rotation": 90 },
				"south": { "uv": [ 12, 15, 11, 14 ], "texture": "#nagaglaive", "rotation": 270 },
				"west": { "uv": [ 8, 8, 9, 9 ], "texture": "#nagaglaive", "rotation": 90 },
				"east": { "uv": [ 10, 15, 9, 14 ], "texture": "#nagaglaive", "rotation": 270 }
			}
		},
		{
			"__comment": "Box22",
			"from": [ 16.1688, 6.1105, 4.1146 ],
			"to": [ 17.31551, 6.874979, 5.261318 ],
			"rotation": { "origin": [ 15.5, 6.875, 4.8789 ], "axis": "y", "angle": -22.5 },
			"faces": {
				"down": { "uv": [ 1, 9, 2, 10 ], "texture": "#nagaglaive", "rotation": 90 },
				"up": { "uv": [ 2, 10, 1, 9 ], "texture": "#nagaglaive", "rotation": 270 },
				"north": { "uv": [ 1, 9, 2, 10 ], "texture": "#nagaglaive", "rotation": 270 },
				"south": { "uv": [ 1, 9, 2, 10 ], "texture": "#nagaglaive", "rotation": 90 },
				"west": { "uv": [ 2, 10, 1, 9 ], "texture": "#nagaglaive", "rotation": 270 },
				"east": { "uv": [ 1, 9, 2, 10 ], "texture": "#nagaglaive", "rotation": 90 }
			}
		},
		{
			"__comment": "PlaneX23",
			"from": [ 0.1165, 6.4903, 3.5819 ],
			"to": [ 3.6265, 6.49264, 8.2619 ],
			"rotation": { "origin": [ 15.5, 6.875, 4.8789 ], "axis": "y", "angle": -22.5 },
			"faces": {
				"down": { "uv": [ 7, 14, 4, 16 ], "texture": "#nagaglaive", "rotation": 90 },
				"up": { "uv": [ 7, 16, 4, 14 ], "texture": "#nagaglaive", "rotation": 270 }
			}
		},
		{
			"__comment": "PlaneX23",
			"from": [ 14.4487, 6.4903, 1.5345 ],
			"to": [ 18.27109, 6.49264, 4.97465 ],
			"rotation": { "origin": [ 15.5, 6.875, 4.8789 ], "axis": "y", "angle": -22.5 },
			"faces": {
				"down": { "uv": [ 12, 12, 10, 14 ], "texture": "#nagaglaive", "rotation": 90 },
				"up": { "uv": [ 12, 14, 10, 12 ], "texture": "#nagaglaive", "rotation": 270 }
			}
		}
	],
	"display": {
		"thirdperson_righthand": {
			"rotation":  [ 10, 0, 0 ],
			"translation":  [ 0.6982, -5.54, 2.0879 ]
		},
		"thirdperson_lefthand": {
			"rotation":  [ 10, 0, 0 ],
			"translation":  [ 0.6982, -5.54, 2.0879 ]
		},
		"firstperson_righthand": {
			"rotation":  [ 0, -7, 0 ],
			"translation":  [ 2.0868, -5.564, 0 ],
			"scale":  [ 1.2695, 2, 1.9304 ]
		},
		"firstperson_lefthand": {
			"rotation":  [ 0, -9, 0 ],
			"translation":  [ 2.7825, -9.042, 0 ],
			"scale":  [ 1.4086, 2, 2 ]
		},
		"gui": {
			"rotation":  [ 0, 90, 0 ],
			"translation":  [ 0.6956, -1.388, 0 ],
			"scale":  [ 0.5, 0.5, 0.5 ]
		},
		"head": {
			"translation":  [ 0.0003, -6.26, 15.304 ],
			"scale":  [ 4, 4, 4 ]
		},
		"ground": {
			"rotation":  [ 90, 90, 0 ],
			"translation":  [ 4.1745, 0, 1.396 ],
			"scale":  [ 0.5, 0.5, 0.5 ]
		},
		"fixed": {
			"rotation":  [ -90, 0, 0 ],
			"translation":  [ 0.0009, 13.217, -36.85 ],
			"scale":  [ 4, 4, 4 ]
		}
	}
}