{
	"__comment": "Designed by Sefreneth with Cubik Studio - https://cubik.studio",
	"textures": {
		"nagamyrmidon": "item/nagamyrmidon",
		"nagaglaive": "item/nagaglaive"
	},
	"elements": [ 	 
		{
			"__comment": "Box1",
			"from": [ 8.2142, -0.999, 16.8038 ],
			"to": [ 9.159201, 0.261, 19.3238 ],
			"rotation": { "origin": [ 9.125, -1, 14.375 ], "axis": "y", "angle": -45 },
			"faces": {
				"down": { "uv": [ 6.5, 11.75, 6.75, 12.25 ], "texture": "#nagamyrmidon" },
				"up": { "uv": [ 4.5, 11.75, 4.75, 12.25 ], "texture": "#nagamyrmidon" },
				"north": { "uv": [ 6, 8.25, 6.25, 8.5 ], "texture": "#nagamyrmidon" },
				"south": { "uv": [ 0, 0.25, 0.25, 0.5 ], "texture": "#nagamyrmidon" },
				"west": { "uv": [ 7.5, 14, 8, 14.25 ], "texture": "#nagamyrmidon", "rotation": 270 },
				"east": { "uv": [ 7.5, 14.25, 8, 14 ], "texture": "#nagamyrmidon", "rotation": 270 }
			}
		},
		{
			"__comment": "Box1",
			"from": [ 5.2988, 9.992499, 1.7062 ],
			"to": [ 10.6538, 14.0875, 6.4312 ],
			"faces": {
				"down": { "uv": [ 4, 14, 5.25, 15 ], "texture": "#nagamyrmidon" },
				"up": { "uv": [ 5.25, 15, 6.5, 16 ], "texture": "#nagamyrmidon" },
				"north": { "uv": [ 4, 15, 5.25, 16 ], "texture": "#nagamyrmidon" },
				"south": { "uv": [ 5.25, 14, 6.5, 15 ], "texture": "#nagamyrmidon" },
				"west": { "uv": [ 0, 13, 1, 14 ], "texture": "#nagamyrmidon" },
				"east": { "uv": [ 1, 13, 2, 14 ], "texture": "#nagamyrmidon" }
			}
		},
		{
			"__comment": "Box1",
			"from": [ 5.9288, 6.5275, 2.6512 ],
			"to": [ 10.0238, 9.992498, 6.7462 ],
			"faces": {
				"down": { "uv": [ 2, 13, 3, 14 ], "texture": "#nagamyrmidon" },
				"up": { "uv": [ 3, 13, 4, 14 ], "texture": "#nagamyrmidon" },
				"north": { "uv": [ 3.75, 12.25, 4.75, 13 ], "texture": "#nagamyrmidon" },
				"south": { "uv": [ 4.75, 12.25, 5.75, 13 ], "texture": "#nagamyrmidon" },
				"west": { "uv": [ 5.75, 12.25, 6.75, 13 ], "texture": "#nagamyrmidon" },
				"east": { "uv": [ 16, 12, 15, 12.75 ], "texture": "#nagamyrmidon" }
			}
		},
		{
			"__comment": "Box1",
			"from": [ 6.0863, 4.0863, 1.47 ],
			"to": [ 9.8663, 8.4963, 5.25 ],
			"rotation": { "origin": [ 6.08625, 4.08625, 1.47 ], "axis": "x", "angle": 22.5 },
			"faces": {
				"down": { "uv": [ 3, 11, 3.75, 11.75 ], "texture": "#nagamyrmidon" },
				"up": { "uv": [ 3.75, 11, 4.5, 11.75 ], "texture": "#nagamyrmidon" },
				"north": { "uv": [ 6.75, 13, 7.5, 14 ], "texture": "#nagamyrmidon" },
				"south": { "uv": [ 6, 13, 6.75, 14 ], "texture": "#nagamyrmidon" },
				"west": { "uv": [ 3, 12, 3.75, 13 ], "texture": "#nagamyrmidon" },
				"east": { "uv": [ 13.5, 12, 12.75, 13 ], "texture": "#nagamyrmidon" }
			}
		},
		{
			"__comment": "Box1",
			"from": [ 6.2438, 0.9363, 1.6275 ],
			"to": [ 9.708799, 4.4013, 5.4075 ],
			"faces": {
				"down": { "uv": [ 6.75, 10, 7.5, 10.75 ], "texture": "#nagamyrmidon" },
				"up": { "uv": [ 6, 10, 6.75, 10.75 ], "texture": "#nagamyrmidon" },
				"north": { "uv": [ 5.25, 10, 6, 10.75 ], "texture": "#nagamyrmidon" },
				"south": { "uv": [ 4.5, 10, 5.25, 10.75 ], "texture": "#nagamyrmidon" },
				"west": { "uv": [ 3.75, 10, 4.5, 10.75 ], "texture": "#nagamyrmidon" },
				"east": { "uv": [ 13.5, 10, 12.75, 10.75 ], "texture": "#nagamyrmidon" }
			}
		},
		{
			"__comment": "Box1",
			"from": [ 6.4012, -1.3475, 4.305 ],
			"to": [ 9.5512, 2.1175, 7.77 ],
			"rotation": { "origin": [ 6.40125, -1.347499, 4.305 ], "axis": "x", "angle": -45 },
			"faces": {
				"down": { "uv": [ 1.5, 10, 2.25, 10.75 ], "texture": "#nagamyrmidon" },
				"up": { "uv": [ 6, 11, 6.75, 11.75 ], "texture": "#nagamyrmidon" },
				"north": { "uv": [ 2.25, 10, 3, 10.75 ], "texture": "#nagamyrmidon" },
				"south": { "uv": [ 4.5, 11, 5.25, 11.75 ], "texture": "#nagamyrmidon" },
				"west": { "uv": [ 5.25, 11, 6, 11.75 ], "texture": "#nagamyrmidon" },
				"east": { "uv": [ 12, 10, 11.25, 10.75 ], "texture": "#nagamyrmidon" }
			}
		},
		{
			"__comment": "Box1",
			"from": [ 6.5588, -1.2677, 4.62 ],
			"to": [ 9.393799, 1.8823, 7.77 ],
			"faces": {
				"down": { "uv": [ 7.5, 11, 8, 11.75 ], "texture": "#nagamyrmidon" },
				"up": { "uv": [ 7.5, 10, 8, 10.75 ], "texture": "#nagamyrmidon" },
				"north": { "uv": [ 0.75, 9.25, 1.25, 10 ], "texture": "#nagamyrmidon" },
				"south": { "uv": [ 1.25, 9.25, 1.75, 10 ], "texture": "#nagamyrmidon" },
				"west": { "uv": [ 1.5, 11, 2.25, 11.75 ], "texture": "#nagamyrmidon", "rotation": 270 },
				"east": { "uv": [ 11.5, 9, 12.25, 8.25 ], "texture": "#nagamyrmidon", "rotation": 270 }
			}
		},
		{
			"__comment": "Box1",
			"from": [ 7.767, -1.2687, 7.5067 ],
			"to": [ 10.287, 1.5663, 10.0267 ],
			"rotation": { "origin": [ 8.212501, -1.268749, 10.21125 ], "axis": "y", "angle": 22.5 },
			"faces": {
				"down": { "uv": [ 13.5, 0, 14, 0.5 ], "texture": "#nagamyrmidon" },
				"up": { "uv": [ 6.75, 9.5, 7.25, 10 ], "texture": "#nagamyrmidon" },
				"north": { "uv": [ 7.25, 9.5, 7.75, 10 ], "texture": "#nagamyrmidon" },
				"south": { "uv": [ 0, 8.75, 0.5, 9.25 ], "texture": "#nagamyrmidon" },
				"west": { "uv": [ 0.5, 8.75, 1, 9.25 ], "texture": "#nagamyrmidon", "rotation": 270 },
				"east": { "uv": [ 12, 7, 12.5, 6.5 ], "texture": "#nagamyrmidon", "rotation": 270 }
			}
		},
		{
			"__comment": "Box1",
			"from": [ 6.4806, 11.7062, -3.6696 ],
			"to": [ 9.6306, 12.9662, -1.7796 ],
			"faces": {
				"down": { "uv": [ 1.5, 10.75, 2.25, 11 ], "texture": "#nagamyrmidon" },
				"up": { "uv": [ 2.25, 10.75, 3, 11 ], "texture": "#nagamyrmidon" },
				"north": { "uv": [ 3, 10.75, 3.75, 11 ], "texture": "#nagamyrmidon" },
				"south": { "uv": [ 4, 8.25, 4.75, 8.5 ], "texture": "#nagamyrmidon" },
				"west": { "uv": [ 4.25, 8, 4.5, 8.25 ], "texture": "#nagamyrmidon", "rotation": 270 },
				"east": { "uv": [ 4.5, 8, 4.25, 8.25 ], "texture": "#nagamyrmidon", "rotation": 270 }
			}
		},
		{
			"__comment": "Box1",
			"from": [ 7.9622, -1.189, 11.3464 ],
			"to": [ 9.537199, 0.7009999, 13.8664 ],
			"rotation": { "origin": [ 7.97625, -1.189, 11.94375 ], "axis": "y", "angle": -22.5 },
			"faces": {
				"down": { "uv": [ 0, 1, 0.25, 1.5 ], "texture": "#nagamyrmidon" },
				"up": { "uv": [ 0, 1.5, 0.25, 2 ], "texture": "#nagamyrmidon" },
				"north": { "uv": [ 4, 8, 4.25, 8.25 ], "texture": "#nagamyrmidon" },
				"south": { "uv": [ 1.5, 8, 1.75, 8.25 ], "texture": "#nagamyrmidon" },
				"west": { "uv": [ 0.25, 8, 0.75, 8.25 ], "texture": "#nagamyrmidon", "rotation": 270 },
				"east": { "uv": [ 12.5, 5.5, 13, 5.25 ], "texture": "#nagamyrmidon", "rotation": 270 }
			}
		},
		{
			"__comment": "Box1",
			"from": [ 7.5, -1, 13.375 ],
			"to": [ 8.76, 0.575, 15.895 ],
			"rotation": { "origin": [ 7.5, -1, 13.375 ], "axis": "y", "angle": -22.5 },
			"faces": {
				"down": { "uv": [ 0, 2, 0.25, 2.5 ], "texture": "#nagamyrmidon" },
				"up": { "uv": [ 0, 2.5, 0.25, 3 ], "texture": "#nagamyrmidon" },
				"north": { "uv": [ 2.75, 8, 3, 8.25 ], "texture": "#nagamyrmidon" },
				"south": { "uv": [ 2.5, 8, 2.75, 8.25 ], "texture": "#nagamyrmidon" },
				"west": { "uv": [ 6.25, 9.25, 6.75, 9.5 ], "texture": "#nagamyrmidon", "rotation": 270 },
				"east": { "uv": [ 13.5, 5.5, 14, 5.25 ], "texture": "#nagamyrmidon", "rotation": 270 }
			}
		},
		{
			"__comment": "Box1",
			"from": [ 7.8649, -1.19, 9.3776 ],
			"to": [ 9.7549, 1.015, 11.8976 ],
			"faces": {
				"down": { "uv": [ 7.75, 9.5, 8, 10 ], "texture": "#nagamyrmidon" },
				"up": { "uv": [ 6.75, 8.25, 7, 8.75 ], "texture": "#nagamyrmidon" },
				"north": { "uv": [ 6.5, 8.25, 6.75, 8.75 ], "texture": "#nagamyrmidon" },
				"south": { "uv": [ 6.25, 8.25, 6.5, 8.75 ], "texture": "#nagamyrmidon" },
				"west": { "uv": [ 3.5, 8.75, 4, 9.25 ], "texture": "#nagamyrmidon", "rotation": 270 },
				"east": { "uv": [ 13.5, 7, 14, 6.5 ], "texture": "#nagamyrmidon", "rotation": 270 }
			}
		},
		{
			"__comment": "Box1",
			"from": [ 6.804, 11.3497, -0.8348 ],
			"to": [ 9.323999, 13.8697, 1.6852 ],
			"rotation": { "origin": [ 6.9525, 11.2525, 1.785 ], "axis": "x", "angle": 22.5 },
			"faces": {
				"down": { "uv": [ 11, 11.5, 11.5, 12 ], "texture": "#nagamyrmidon" },
				"up": { "uv": [ 10, 9, 10.5, 9.5 ], "texture": "#nagamyrmidon" },
				"north": { "uv": [ 5.5, 8.75, 6, 9.25 ], "texture": "#nagamyrmidon" },
				"south": { "uv": [ 6, 8.75, 6.5, 9.25 ], "texture": "#nagamyrmidon" },
				"west": { "uv": [ 8.5, 5.5, 9, 6 ], "texture": "#nagamyrmidon", "rotation": 90 },
				"east": { "uv": [ 8.5, 5.5, 9, 6 ], "texture": "#nagamyrmidon", "rotation": 90 }
			}
		},
		{
			"__comment": "Box1",
			"from": [ 6.3046, 11.7062, -1.7911 ],
			"to": [ 9.7696, 12.9662, 0.7289001 ],
			"faces": {
				"down": { "uv": [ 6.75, 11.75, 7.5, 12.25 ], "texture": "#nagamyrmidon" },
				"up": { "uv": [ 5.75, 11.75, 6.5, 12.25 ], "texture": "#nagamyrmidon" },
				"north": { "uv": [ 6, 10.75, 6.75, 11 ], "texture": "#nagamyrmidon" },
				"south": { "uv": [ 15.25, 15.75, 16, 16 ], "texture": "#nagamyrmidon" },
				"west": { "uv": [ 4.25, 9.25, 4.75, 9.5 ], "texture": "#nagamyrmidon" },
				"east": { "uv": [ 4.75, 9.25, 4.25, 9.5 ], "texture": "#nagamyrmidon" }
			}
		},
		{
			"__comment": "Box1",
			"from": [ 6.4519, 13.3, -2.0411 ],
			"to": [ 9.6019, 14.56, 0.4789 ],
			"faces": {
				"down": { "uv": [ 3.75, 11.75, 4.5, 12.25 ], "texture": "#nagamyrmidon", "rotation": 90 },
				"up": { "uv": [ 4.75, 11.75, 5.5, 12.25 ], "texture": "#nagamyrmidon" },
				"north": { "uv": [ 4.75, 8.5, 5.5, 8.75 ], "texture": "#nagamyrmidon" },
				"south": { "uv": [ 4.75, 8.25, 5.5, 8.5 ], "texture": "#nagamyrmidon" },
				"west": { "uv": [ 7.5, 15, 8, 15.25 ], "texture": "#nagamyrmidon" },
				"east": { "uv": [ 8, 15, 7.5, 15.25 ], "texture": "#nagamyrmidon" }
			}
		},
		{
			"__comment": "Box1",
			"from": [ 6.6279, 13.3, -3.5988 ],
			"to": [ 9.462898, 14.245, -2.0238 ],
			"faces": {
				"down": { "uv": [ 4.75, 9.25, 5.25, 9.5 ], "texture": "#nagamyrmidon" },
				"up": { "uv": [ 6.75, 9.25, 7.25, 9.5 ], "texture": "#nagamyrmidon" },
				"north": { "uv": [ 5.5, 8.25, 6, 8.5 ], "texture": "#nagamyrmidon" },
				"south": { "uv": [ 7.5, 8.5, 8, 8.75 ], "texture": "#nagamyrmidon" },
				"west": { "uv": [ 5.25, 8, 5.5, 8.25 ], "texture": "#nagamyrmidon", "rotation": 270 },
				"east": { "uv": [ 5.25, 8.25, 5.5, 8 ], "texture": "#nagamyrmidon", "rotation": 270 }
			}
		},
		{
			"__comment": "Box17",
			"from": [ 9.552, 5.993, 5.2758 ],
			"to": [ 11.127, 7.568, 7.1658 ],
			"faces": {
				"down": { "uv": [ 15.5, 0, 15, 0.5 ], "texture": "#nagamyrmidon" },
				"up": { "uv": [ 3.5, 8, 3.75, 8.25 ], "texture": "#nagamyrmidon" },
				"north": { "uv": [ 15, 0, 14.5, 0.5 ], "texture": "#nagamyrmidon" },
				"south": { "uv": [ 14.5, 0, 15, 0.5 ], "texture": "#nagamyrmidon" },
				"west": { "uv": [ 4.75, 8, 5, 8.25 ], "texture": "#nagamyrmidon" },
				"east": { "uv": [ 15.5, 0, 16, 0.5 ], "texture": "#nagamyrmidon" }
			}
		},
		{
			"__comment": "Box17",
			"from": [ 9.1538, 10.5967, 11.9701 ],
			"to": [ 11.3588, 14.0617, 14.4901 ],
			"rotation": { "origin": [ 10.1176, 1.6802, 9.3445 ], "axis": "x", "angle": -45 },
			"faces": {
				"down": { "uv": [ 0, 8.25, 0.5, 8.75 ], "texture": "#nagamyrmidon" },
				"up": { "uv": [ 0.5, 8.25, 1, 8.75 ], "texture": "#nagamyrmidon" },
				"north": { "uv": [ 2.75, 9.25, 2.25, 10 ], "texture": "#nagamyrmidon" },
				"south": { "uv": [ 2.25, 9.25, 2.75, 10 ], "texture": "#nagamyrmidon" },
				"west": { "uv": [ 3.25, 9.25, 3.75, 10 ], "texture": "#nagamyrmidon" },
				"east": { "uv": [ 8, 13.25, 7.5, 14 ], "texture": "#nagamyrmidon" }
			}
		},
		{
			"__comment": "Box17",
			"from": [ 6.1713, 10.2829, 1.3724 ],
			"to": [ 8.3763, 13.7479, 3.8924 ],
			"rotation": { "origin": [ 6.25, 7.75, 0.375 ], "axis": "z", "angle": 22.5 },
			"faces": {
				"down": { "uv": [ 15.5, 9, 16, 9.5 ], "texture": "#nagamyrmidon" },
				"up": { "uv": [ 1, 8.25, 1.5, 8.75 ], "texture": "#nagamyrmidon" },
				"north": { "uv": [ 2.25, 9.25, 2.75, 10 ], "texture": "#nagamyrmidon" },
				"south": { "uv": [ 2.75, 9.25, 2.25, 10 ], "texture": "#nagamyrmidon" },
				"west": { "uv": [ 7.5, 13.25, 8, 14 ], "texture": "#nagamyrmidon" },
				"east": { "uv": [ 7.5, 14.25, 8, 15 ], "texture": "#nagamyrmidon" }
			}
		},
		{
			"__comment": "Box17",
			"from": [ 8.566, 8.751599, 1.7038 ],
			"to": [ 10.141, 10.3266, 3.5938 ],
			"rotation": { "origin": [ 4.75, 7.5, 0.375 ], "axis": "z", "angle": -22.5 },
			"faces": {
				"down": { "uv": [ 16, 0.5, 15.5, 0 ], "texture": "#nagamyrmidon", "rotation": 90 },
				"up": { "uv": [ 0.75, 8, 1, 8.25 ], "texture": "#nagamyrmidon", "rotation": 270 },
				"north": { "uv": [ 15, 0.5, 14.5, 0 ], "texture": "#nagamyrmidon", "rotation": 270 },
				"south": { "uv": [ 14.5, 0.5, 15, 0 ], "texture": "#nagamyrmidon", "rotation": 90 },
				"west": { "uv": [ 6.25, 8.25, 6, 8 ], "texture": "#nagamyrmidon", "rotation": 90 },
				"east": { "uv": [ 15, 0, 15.5, 0.5 ], "texture": "#nagamyrmidon", "rotation": 270 }
			}
		},
		{
			"__comment": "Box17",
			"from": [ 3.5845, 9.896299, 1.7038 ],
			"to": [ 7.3645, 11.7863, 3.5938 ],
			"rotation": { "origin": [ 4.75, 7.5, 0.375 ], "axis": "z", "angle": -45 },
			"faces": {
				"down": { "uv": [ 16, 8.25, 15.5, 7 ], "texture": "#nagamyrmidon", "rotation": 90 },
				"up": { "uv": [ 15.5, 7, 16, 8.25 ], "texture": "#nagamyrmidon", "rotation": 270 },
				"north": { "uv": [ 12.5, 16, 12, 15 ], "texture": "#nagamyrmidon", "rotation": 270 },
				"south": { "uv": [ 16, 8.25, 15.5, 7 ], "texture": "#nagamyrmidon", "rotation": 90 },
				"west": { "uv": [ 3.25, 8.25, 3, 8 ], "texture": "#nagamyrmidon", "rotation": 90 },
				"east": { "uv": [ 5.5, 8, 5.75, 8.25 ], "texture": "#nagamyrmidon", "rotation": 270 }
			}
		},
		{
			"__comment": "Box17",
			"from": [ 9.237, 7.568, 5.2758 ],
			"to": [ 11.127, 11.348, 7.1658 ],
			"faces": {
				"down": { "uv": [ 1.25, 8, 1.5, 8.25 ], "texture": "#nagamyrmidon" },
				"up": { "uv": [ 3.25, 8, 3.5, 8.25 ], "texture": "#nagamyrmidon" },
				"north": { "uv": [ 12.5, 15, 12, 16 ], "texture": "#nagamyrmidon" },
				"south": { "uv": [ 15.5, 7, 16, 8.25 ], "texture": "#nagamyrmidon" },
				"west": { "uv": [ 15.5, 7, 16, 8.25 ], "texture": "#nagamyrmidon" },
				"east": { "uv": [ 15.5, 7, 16, 8.25 ], "texture": "#nagamyrmidon" }
			}
		},
		{
			"__comment": "PlaneX23",
			"from": [ 9.4725, 12.985, -3.57 ],
			"to": [ 9.4735, 13.3, 0.2099998 ],
			"faces": {
				"west": { "uv": [ 4.5, 10.75, 6, 11 ], "texture": "#nagamyrmidon", "rotation": 180 },
				"east": { "uv": [ 6, 10.75, 4.5, 11 ], "texture": "#nagamyrmidon", "rotation": 180 }
			}
		},
		{
			"__comment": "PlaneX23",
			"from": [ 6.43, 12.9662, -3.635 ],
			"to": [ 9.58, 13.2812, -3.634 ],
			"faces": {
				"north": { "uv": [ 7, 9, 8.5, 8.5 ], "texture": "#nagamyrmidon", "rotation": 180 },
				"south": { "uv": [ 8.5, 9, 7, 8.5 ], "texture": "#nagamyrmidon", "rotation": 180 }
			}
		},
		{
			"__comment": "PlaneX23",
			"from": [ 9.58, 12.9662, -3.635 ],
			"to": [ 9.581, 13.2812, 0.4599998 ],
			"faces": {
				"west": { "uv": [ 3.5, 8.5, 1.5, 9 ], "texture": "#nagamyrmidon" },
				"east": { "uv": [ 1.5, 8.5, 3.5, 9 ], "texture": "#nagamyrmidon" }
			}
		},
		{
			"__comment": "PlaneX23",
			"from": [ 6.6375, 12.985, -3.57 ],
			"to": [ 9.4725, 13.3, -3.569 ],
			"faces": {
				"north": { "uv": [ 7, 8.5, 8.5, 9 ], "texture": "#nagamyrmidon", "rotation": 180 },
				"south": { "uv": [ 8.5, 8.5, 7, 9 ], "texture": "#nagamyrmidon", "rotation": 180 }
			}
		},
		{
			"__comment": "PlaneX23",
			"from": [ 6.6375, 12.985, -3.57 ],
			"to": [ 6.6385, 13.3, 0.2099998 ],
			"faces": {
				"west": { "uv": [ 4.5, 10.75, 6, 11 ], "texture": "#nagamyrmidon", "rotation": 180 },
				"east": { "uv": [ 6, 10.75, 4.5, 11 ], "texture": "#nagamyrmidon", "rotation": 180 }
			}
		},
		{
			"__comment": "PlaneX23",
			"from": [ 6.5088, 12.9662, -3.635 ],
			"to": [ 6.5098, 13.2812, 0.4599998 ],
			"faces": {
				"west": { "uv": [ 3.5, 8.5, 1.5, 9 ], "texture": "#nagamyrmidon" },
				"east": { "uv": [ 1.5, 8.5, 3.5, 9 ], "texture": "#nagamyrmidon" }
			}
		},
		{
			"__comment": "PlaneX29",
			"from": [ 9.708799, 10.3075, 0.2414 ],
			"to": [ 13.4888, 15.6625, 0.2424004 ],
			"rotation": { "origin": [ 9.70875, 10.3075, 0.2424999 ], "axis": "y", "angle": -22.5 },
			"faces": {
				"north": { "uv": [ 2.25, 11.75, 1.5, 13 ], "texture": "#nagamyrmidon" },
				"south": { "uv": [ 1.5, 11.75, 2.25, 13 ], "texture": "#nagamyrmidon" }
			}
		},
		{
			"__comment": "PlaneX29",
			"from": [ 9.787499, 6.7725, 6.0375 ],
			"to": [ 9.7885, 14.9625, 10.7625 ],
			"faces": {
				"west": { "uv": [ 0, 14, 1, 16 ], "texture": "#nagamyrmidon", "rotation": 180 },
				"east": { "uv": [ 1, 14, 0, 16 ], "texture": "#nagamyrmidon", "rotation": 180 }
			}
		},
		{
			"__comment": "PlaneX29",
			"from": [ 2.7, 10.3075, 0.2425 ],
			"to": [ 6.48, 15.6625, 0.2434999 ],
			"rotation": { "origin": [ 6.48, 10.3075, 0.2424999 ], "axis": "y", "angle": 22.5 },
			"faces": {
				"north": { "uv": [ 1.5, 11.75, 2.25, 13 ], "texture": "#nagamyrmidon" },
				"south": { "uv": [ 2.25, 11.75, 1.5, 13 ], "texture": "#nagamyrmidon" }
			}
		},
		{
			"__comment": "PlaneX29",
			"from": [ 8.054999, 14.245, -3.1762 ],
			"to": [ 8.056, 16.135, 0.6037998 ],
			"faces": {
				"west": { "uv": [ 14.5, 14, 15.5, 14.5 ], "texture": "#nagamyrmidon" },
				"east": { "uv": [ 15.5, 14, 14.5, 14.5 ], "texture": "#nagamyrmidon" }
			}
		},
		{
			"__comment": "PlaneX29",
			"from": [ 6.165, 7.0225, 6.0375 ],
			"to": [ 6.166, 15.2125, 10.7625 ],
			"faces": {
				"west": { "uv": [ 0, 14, 1, 16 ], "texture": "#nagamyrmidon", "rotation": 180 },
				"east": { "uv": [ 1, 14, 0, 16 ], "texture": "#nagamyrmidon", "rotation": 180 }
			}
		},
		{
			"__comment": "PlaneX29",
			"from": [ 5.4562, 14.0875, 2.3363 ],
			"to": [ 5.4572, 18.8125, 6.7463 ],
			"rotation": { "origin": [ 5.45625, 14.0875, 2.33625 ], "axis": "x", "angle": 22.5 },
			"faces": {
				"west": { "uv": [ 5, 13, 6, 14 ], "texture": "#nagamyrmidon" },
				"east": { "uv": [ 6, 13, 5, 14 ], "texture": "#nagamyrmidon" }
			}
		},
		{
			"__comment": "PlaneX29",
			"from": [ 8.724999, 0.2641, 17.0587 ],
			"to": [ 8.726, 2.4691, 19.2637 ],
			"rotation": { "origin": [ 9.125, -1, 14.375 ], "axis": "y", "angle": -45 },
			"faces": {
				"west": { "uv": [ 7.5, 12.25, 8, 11.75 ], "texture": "#nagamyrmidon", "rotation": 270 },
				"east": { "uv": [ 7.5, 11.75, 8, 12.25 ], "texture": "#nagamyrmidon", "rotation": 270 }
			}
		},
		{
			"__comment": "PlaneX29",
			"from": [ 10.4962, 14.0875, 2.3363 ],
			"to": [ 10.4972, 18.8125, 6.7463 ],
			"rotation": { "origin": [ 10.49625, 14.0875, 2.33625 ], "axis": "x", "angle": 22.5 },
			"faces": {
				"west": { "uv": [ 5, 13, 6, 14 ], "texture": "#nagamyrmidon" },
				"east": { "uv": [ 6, 13, 5, 14 ], "texture": "#nagamyrmidon" }
			}
		},
		{
			"__comment": "PlaneX29",
			"from": [ 7.9762, 1.5703, 5.7766 ],
			"to": [ 7.9772, 3.7753, 7.6666 ],
			"faces": {
				"west": { "uv": [ 4.25, 9.5, 4.75, 10 ], "texture": "#nagamyrmidon", "rotation": 90 },
				"east": { "uv": [ 4.25, 10, 4.75, 9.5 ], "texture": "#nagamyrmidon", "rotation": 90 }
			}
		},
		{
			"__comment": "PlaneX29",
			"from": [ 7.9762, 1.5693, 7.7806 ],
			"to": [ 7.9772, 3.7743, 9.9856 ],
			"rotation": { "origin": [ 7.97625, 3.6925, 7.53375 ], "axis": "y", "angle": 22.5 },
			"faces": {
				"west": { "uv": [ 4.25, 9.5, 4.75, 10 ], "texture": "#nagamyrmidon", "rotation": 90 },
				"east": { "uv": [ 4.25, 10, 4.75, 9.5 ], "texture": "#nagamyrmidon", "rotation": 90 }
			}
		},
		{
			"__comment": "PlaneX29",
			"from": [ 10.2562, 8.2964, 7.073 ],
			"to": [ 10.2572, 11.4464, 10.223 ],
			"faces": {
				"west": { "uv": [ 6.75, 11, 7.5, 11.75 ], "texture": "#nagamyrmidon", "rotation": 180 },
				"east": { "uv": [ 7.5, 11, 6.75, 11.75 ], "texture": "#nagamyrmidon", "rotation": 180 }
			}
		},
		{
			"__comment": "PlaneX29",
			"from": [ 8.9212, 0.7041, 11.9543 ],
			"to": [ 8.9222, 2.9091, 14.1593 ],
			"rotation": { "origin": [ 8.92125, 2.827251, 11.7075 ], "axis": "y", "angle": -22.5 },
			"faces": {
				"west": { "uv": [ 4.25, 9.5, 4.75, 10 ], "texture": "#nagamyrmidon", "rotation": 90 },
				"east": { "uv": [ 4.25, 10, 4.75, 9.5 ], "texture": "#nagamyrmidon", "rotation": 90 }
			}
		},
		{
			"__comment": "PlaneX29",
			"from": [ 8.1418, 0.4206, 13.7424 ],
			"to": [ 8.1428, 2.6256, 15.9474 ],
			"rotation": { "origin": [ 7.5, -1, 13.375 ], "axis": "y", "angle": -22.5 },
			"faces": {
				"west": { "uv": [ 5.75, 10, 6.25, 9.5 ], "texture": "#nagamyrmidon", "rotation": 270 },
				"east": { "uv": [ 5.75, 9.5, 6.25, 10 ], "texture": "#nagamyrmidon", "rotation": 270 }
			}
		},
		{
			"__comment": "PlaneX29",
			"from": [ 8.8425, 1.0181, 9.7493 ],
			"to": [ 8.8435, 3.2231, 11.9543 ],
			"faces": {
				"west": { "uv": [ 4.25, 9.5, 4.75, 10 ], "texture": "#nagamyrmidon", "rotation": 90 },
				"east": { "uv": [ 4.25, 10, 4.75, 9.5 ], "texture": "#nagamyrmidon", "rotation": 90 }
			}
		},
		{
			"__comment": "PlaneX29",
			"from": [ 4.875, 8.9305, 3.5861 ],
			"to": [ 8.025, 8.931499, 6.736099 ],
			"rotation": { "origin": [ 8.025, 8.9305, 3.5861 ], "axis": "z", "angle": -45 },
			"faces": {
				"down": { "uv": [ 7.5, 11.75, 6.75, 11 ], "texture": "#nagamyrmidon", "rotation": 270 },
				"up": { "uv": [ 7.5, 11, 6.75, 11.75 ], "texture": "#nagamyrmidon", "rotation": 90 }
			}
		},
		{
			"__comment": "Box1",
			"from": [ 10, 6.75, -1.4961 ],
			"to": [ 10.76448, 7.514478, 11.50003 ],
			"faces": {
				"down": { "uv": [ 1, 11, 0, 16 ], "texture": "#nagaglaive", "rotation": 180 },
				"up": { "uv": [ 0, 16, 1, 11 ], "texture": "#nagaglaive", "rotation": 180 },
				"north": { "uv": [ 10, 9, 9, 8 ], "texture": "#nagaglaive" },
				"south": { "uv": [ 9, 9, 10, 10 ], "texture": "#nagaglaive" },
				"west": { "uv": [ 0, 11, 1, 16 ], "texture": "#nagaglaive", "rotation": 90 },
				"east": { "uv": [ 0, 11, 1, 16 ], "texture": "#nagaglaive", "rotation": 270 }
			}
		},
		{
			"__comment": "Box1",
			"from": [ 9.8089, 6.5589, 11.274 ],
			"to": [ 10.9789, 7.7289, 12.444 ],
			"faces": {
				"down": { "uv": [ 2, 10, 1, 9 ], "texture": "#nagaglaive" },
				"up": { "uv": [ 1, 9, 2, 10 ], "texture": "#nagaglaive" },
				"north": { "uv": [ 2, 10, 1, 9 ], "texture": "#nagaglaive" },
				"south": { "uv": [ 1, 9, 2, 10 ], "texture": "#nagaglaive" },
				"west": { "uv": [ 1, 9, 2, 10 ], "texture": "#nagaglaive", "rotation": 270 },
				"east": { "uv": [ 1, 9, 2, 10 ], "texture": "#nagaglaive", "rotation": 90 }
			}
		},
		{
			"__comment": "Box1",
			"from": [ 10.1912, 6.1769, -3.7896 ],
			"to": [ 10.57344, 7.705855, -1.496171 ],
			"faces": {
				"down": { "uv": [ 3, 9, 2, 8 ], "texture": "#nagaglaive" },
				"up": { "uv": [ 3, 10, 4, 11 ], "texture": "#nagaglaive" },
				"north": { "uv": [ 3, 10, 2, 9 ], "texture": "#nagaglaive" },
				"south": { "uv": [ 2, 10, 3, 11 ], "texture": "#nagaglaive" },
				"west": { "uv": [ 3, 9, 4, 10 ], "texture": "#nagaglaive", "rotation": 270 },
				"east": { "uv": [ 4, 9, 3, 10 ], "texture": "#nagaglaive", "rotation": 90 }
			}
		},
		{
			"__comment": "Box1",
			"from": [ 10.1912, 5.8902, -4.5541 ],
			"to": [ 10.57344, 7.705833, -3.789621 ],
			"faces": {
				"down": { "uv": [ 5, 13, 4, 12 ], "texture": "#nagaglaive" },
				"up": { "uv": [ 5, 12, 6, 13 ], "texture": "#nagaglaive" },
				"north": { "uv": [ 6, 14, 5, 13 ], "texture": "#nagaglaive" },
				"south": { "uv": [ 4, 13, 5, 14 ], "texture": "#nagaglaive" },
				"west": { "uv": [ 4, 11, 5, 12 ], "texture": "#nagaglaive", "rotation": 270 },
				"east": { "uv": [ 5, 11, 4, 12 ], "texture": "#nagaglaive", "rotation": 90 }
			}
		},
		{
			"__comment": "Box1",
			"from": [ 10.1912, 5.8902, -6.4653 ],
			"to": [ 10.57344, 7.705833, -4.55411 ],
			"faces": {
				"down": { "uv": [ 5, 10, 4, 9 ], "texture": "#nagaglaive" },
				"up": { "uv": [ 5, 9, 6, 10 ], "texture": "#nagaglaive" },
				"north": { "uv": [ 6, 11, 5, 10 ], "texture": "#nagaglaive" },
				"south": { "uv": [ 4, 10, 5, 11 ], "texture": "#nagaglaive" },
				"west": { "uv": [ 4, 8, 5, 9 ], "texture": "#nagaglaive", "rotation": 270 },
				"east": { "uv": [ 5, 8, 4, 9 ], "texture": "#nagaglaive", "rotation": 90 }
			}
		},
		{
			"__comment": "Box1",
			"from": [ 10.1912, 5.699, -7.6119 ],
			"to": [ 10.57344, 7.696199, -6.465189 ],
			"faces": {
				"down": { "uv": [ 7, 14, 6, 13 ], "texture": "#nagaglaive" },
				"up": { "uv": [ 6, 12, 7, 13 ], "texture": "#nagaglaive" },
				"north": { "uv": [ 7, 15, 6, 14 ], "texture": "#nagaglaive" },
				"south": { "uv": [ 12, 9, 13, 10 ], "texture": "#nagaglaive" },
				"west": { "uv": [ 6, 11, 7, 12 ], "texture": "#nagaglaive", "rotation": 270 },
				"east": { "uv": [ 7, 11, 6, 12 ], "texture": "#nagaglaive", "rotation": 90 }
			}
		},
		{
			"__comment": "Box1",
			"from": [ 10.1912, 5.699, -8.3764 ],
			"to": [ 10.57344, 7.705754, -7.611919 ],
			"faces": {
				"down": { "uv": [ 8, 16, 7, 15 ], "texture": "#nagaglaive" },
				"up": { "uv": [ 7, 14, 8, 15 ], "texture": "#nagaglaive" },
				"north": { "uv": [ 7, 9, 6, 8 ], "texture": "#nagaglaive" },
				"south": { "uv": [ 6, 9, 7, 10 ], "texture": "#nagaglaive" },
				"west": { "uv": [ 7, 13, 8, 14 ], "texture": "#nagaglaive", "rotation": 270 },
				"east": { "uv": [ 8, 13, 7, 14 ], "texture": "#nagaglaive", "rotation": 90 }
			}
		},
		{
			"__comment": "Box1",
			"from": [ 10.1912, 5.7945, -9.1409 ],
			"to": [ 10.57344, 7.705695, -8.376419 ],
			"faces": {
				"down": { "uv": [ 8, 10, 7, 9 ], "texture": "#nagaglaive" },
				"up": { "uv": [ 7, 8, 8, 9 ], "texture": "#nagaglaive" },
				"north": { "uv": [ 8, 11, 7, 10 ], "texture": "#nagaglaive" },
				"south": { "uv": [ 7, 11, 8, 12 ], "texture": "#nagaglaive" },
				"west": { "uv": [ 8, 15, 9, 16 ], "texture": "#nagaglaive", "rotation": 270 },
				"east": { "uv": [ 9, 15, 8, 16 ], "texture": "#nagaglaive", "rotation": 90 }
			}
		},
		{
			"__comment": "Box1",
			"from": [ 10.1919, 22.7642, -3.7035 ],
			"to": [ 10.57414, 23.91091, -2.939021 ],
			"rotation": { "origin": [ 10, 6.75, 11.5 ], "axis": "x", "angle": -45 },
			"faces": {
				"down": { "uv": [ 10, 15, 11, 16 ], "texture": "#nagaglaive" },
				"up": { "uv": [ 11, 15, 12, 16 ], "texture": "#nagaglaive" },
				"north": { "uv": [ 12, 15, 13, 16 ], "texture": "#nagaglaive" },
				"south": { "uv": [ 13, 15, 14, 16 ], "texture": "#nagaglaive" },
				"west": { "uv": [ 14, 15, 15, 16 ], "texture": "#nagaglaive" },
				"east": { "uv": [ 15, 15, 14, 16 ], "texture": "#nagaglaive" }
			}
		},
		{
			"__comment": "Box1",
			"from": [ 10.1919, -1.8013, -8.446199 ],
			"to": [ 10.57414, -0.2723449, -7.29948 ],
			"rotation": { "origin": [ 10, 6.75, 11.5 ], "axis": "x", "angle": 22.5 },
			"faces": {
				"down": { "uv": [ 9, 13, 8, 12 ], "texture": "#nagaglaive" },
				"up": { "uv": [ 8, 11, 9, 12 ], "texture": "#nagaglaive" },
				"north": { "uv": [ 9, 14, 8, 13 ], "texture": "#nagaglaive" },
				"south": { "uv": [ 8, 14, 9, 15 ], "texture": "#nagaglaive" },
				"west": { "uv": [ 8, 10, 9, 11 ], "texture": "#nagaglaive", "rotation": 270 },
				"east": { "uv": [ 9, 10, 8, 11 ], "texture": "#nagaglaive", "rotation": 90 }
			}
		},
		{
			"__comment": "Box1",
			"from": [ 10.1912, -1.4779, -9.128799 ],
			"to": [ 10.57344, -0.3311819, -8.364321 ],
			"rotation": { "origin": [ 10, 6.75, 11.5 ], "axis": "x", "angle": 22.5 },
			"faces": {
				"down": { "uv": [ 11, 15, 10, 14 ], "texture": "#nagaglaive" },
				"up": { "uv": [ 11, 14, 12, 15 ], "texture": "#nagaglaive" },
				"north": { "uv": [ 10, 15, 9, 14 ], "texture": "#nagaglaive" },
				"south": { "uv": [ 8, 8, 9, 9 ], "texture": "#nagaglaive" },
				"west": { "uv": [ 12, 14, 13, 15 ], "texture": "#nagaglaive", "rotation": 270 },
				"east": { "uv": [ 13, 14, 12, 15 ], "texture": "#nagaglaive", "rotation": 90 }
			}
		},
		{
			"__comment": "Box22",
			"from": [ 10, 5.9857, -3.3116 ],
			"to": [ 10.76448, 7.132418, -2.164891 ],
			"faces": {
				"down": { "uv": [ 2, 10, 1, 9 ], "texture": "#nagaglaive" },
				"up": { "uv": [ 1, 9, 2, 10 ], "texture": "#nagaglaive" },
				"north": { "uv": [ 2, 10, 1, 9 ], "texture": "#nagaglaive" },
				"south": { "uv": [ 1, 9, 2, 10 ], "texture": "#nagaglaive" },
				"west": { "uv": [ 1, 9, 2, 10 ], "texture": "#nagaglaive", "rotation": 270 },
				"east": { "uv": [ 1, 9, 2, 10 ], "texture": "#nagaglaive", "rotation": 90 }
			}
		},
		{
			"__comment": "PlaneX23",
			"from": [ 10.3824, 5.453, 10.3777 ],
			"to": [ 10.38474, 10.133, 13.8877 ],
			"faces": {
				"west": { "uv": [ 4, 14, 7, 16 ], "texture": "#nagaglaive", "rotation": 270 },
				"east": { "uv": [ 7, 14, 4, 16 ], "texture": "#nagaglaive", "rotation": 90 }
			}
		},
		{
			"__comment": "PlaneX23",
			"from": [ 10.3824, 3.4056, -4.2672 ],
			"to": [ 10.38474, 6.84575, -0.4448104 ],
			"faces": {
				"west": { "uv": [ 10, 12, 12, 14 ], "texture": "#nagaglaive", "rotation": 270 },
				"east": { "uv": [ 12, 12, 10, 14 ], "texture": "#nagaglaive", "rotation": 90 }
			}
		}
	],
	"display": {
		"thirdperson_righthand": {
			"rotation":  [ 10, 0, 0 ],
			"translation":  [ 0.6982, -5.54, 2.0879 ]
		},
		"thirdperson_lefthand": {
			"rotation":  [ 10, 0, 0 ],
			"translation":  [ 0.6982, -5.54, 2.0879 ]
		},
		"firstperson_righthand": {
			"rotation":  [ 0, -7, 0 ],
			"translation":  [ 2.0868, -5.564, 0 ],
			"scale":  [ 1.2695, 2, 1.9304 ]
		},
		"firstperson_lefthand": {
			"rotation":  [ 0, -9, 0 ],
			"translation":  [ 2.7825, -9.042, 0 ],
			"scale":  [ 1.4086, 2, 2 ]
		},
		"gui": {
			"rotation":  [ 0, 90, 0 ],
			"translation":  [ 0.6956, -1.388, 0 ],
			"scale":  [ 0.5, 0.5, 0.5 ]
		},
		"head": {
			"translation":  [ 0.0003, -6.26, 15.304 ],
			"scale":  [ 4, 4, 4 ]
		},
		"ground": {
			"rotation":  [ 90, 90, 0 ],
			"translation":  [ 4.1745, 0, 1.396 ],
			"scale":  [ 0.5, 0.5, 0.5 ]
		},
		"fixed": {
			"rotation":  [ -90, 0, 0 ],
			"translation":  [ 0.0009, 13.217, -36.85 ],
			"scale":  [ 4, 4, 4 ]
		}
	}
}