{
	"__comment": "Designed by Sefreneth with Cubik Studio - https://cubik.studio",
	"textures": {
		"nagamyrmidon": "item/nagamyrmidon",
		"nagaglaive": "item/nagaglaive"
	},
	"elements": [ 	 
		{
			"__comment": "Box1",
			"from": [ 5.9712, -1.189, 16.2975 ],
			"to": [ 6.9162, 0.07099998, 18.8175 ],
			"rotation": { "origin": [ 6.55875, -1.189, 12.41625 ], "axis": "y", "angle": 22.5 },
			"faces": {
				"down": { "uv": [ 6.5, 11.75, 6.75, 12.25 ], "texture": "#nagamyrmidon" },
				"up": { "uv": [ 4.5, 11.75, 4.75, 12.25 ], "texture": "#nagamyrmidon" },
				"north": { "uv": [ 6, 8.25, 6.25, 8.5 ], "texture": "#nagamyrmidon" },
				"south": { "uv": [ 0, 0.25, 0.25, 0.5 ], "texture": "#nagamyrmidon" },
				"west": { "uv": [ 7.5, 14, 8, 14.25 ], "texture": "#nagamyrmidon", "rotation": 270 },
				"east": { "uv": [ 7.5, 14.25, 8, 14 ], "texture": "#nagamyrmidon", "rotation": 270 }
			}
		},
		{
			"__comment": "Box1",
			"from": [ 5.2988, 9.992499, 1.7062 ],
			"to": [ 10.6538, 14.0875, 6.4312 ],
			"faces": {
				"down": { "uv": [ 4, 14, 5.25, 15 ], "texture": "#nagamyrmidon" },
				"up": { "uv": [ 5.25, 15, 6.5, 16 ], "texture": "#nagamyrmidon" },
				"north": { "uv": [ 4, 15, 5.25, 16 ], "texture": "#nagamyrmidon" },
				"south": { "uv": [ 5.25, 14, 6.5, 15 ], "texture": "#nagamyrmidon" },
				"west": { "uv": [ 0, 13, 1, 14 ], "texture": "#nagamyrmidon" },
				"east": { "uv": [ 1, 13, 2, 14 ], "texture": "#nagamyrmidon" }
			}
		},
		{
			"__comment": "Box1",
			"from": [ 5.9288, 6.5275, 2.6512 ],
			"to": [ 10.0238, 9.992498, 6.7462 ],
			"faces": {
				"down": { "uv": [ 2, 13, 3, 14 ], "texture": "#nagamyrmidon" },
				"up": { "uv": [ 3, 13, 4, 14 ], "texture": "#nagamyrmidon" },
				"north": { "uv": [ 3.75, 12.25, 4.75, 13 ], "texture": "#nagamyrmidon" },
				"south": { "uv": [ 4.75, 12.25, 5.75, 13 ], "texture": "#nagamyrmidon" },
				"west": { "uv": [ 5.75, 12.25, 6.75, 13 ], "texture": "#nagamyrmidon" },
				"east": { "uv": [ 16, 12, 15, 12.75 ], "texture": "#nagamyrmidon" }
			}
		},
		{
			"__comment": "Box1",
			"from": [ 6.0863, 4.0863, 1.47 ],
			"to": [ 9.8663, 8.4963, 5.25 ],
			"rotation": { "origin": [ 6.08625, 4.08625, 1.47 ], "axis": "x", "angle": 22.5 },
			"faces": {
				"down": { "uv": [ 3, 11, 3.75, 11.75 ], "texture": "#nagamyrmidon" },
				"up": { "uv": [ 3.75, 11, 4.5, 11.75 ], "texture": "#nagamyrmidon" },
				"north": { "uv": [ 6.75, 13, 7.5, 14 ], "texture": "#nagamyrmidon" },
				"south": { "uv": [ 6, 13, 6.75, 14 ], "texture": "#nagamyrmidon" },
				"west": { "uv": [ 3, 12, 3.75, 13 ], "texture": "#nagamyrmidon" },
				"east": { "uv": [ 13.5, 12, 12.75, 13 ], "texture": "#nagamyrmidon" }
			}
		},
		{
			"__comment": "Box1",
			"from": [ 6.2438, 0.9363, 1.6275 ],
			"to": [ 9.708799, 4.4013, 5.4075 ],
			"faces": {
				"down": { "uv": [ 6.75, 10, 7.5, 10.75 ], "texture": "#nagamyrmidon" },
				"up": { "uv": [ 6, 10, 6.75, 10.75 ], "texture": "#nagamyrmidon" },
				"north": { "uv": [ 5.25, 10, 6, 10.75 ], "texture": "#nagamyrmidon" },
				"south": { "uv": [ 4.5, 10, 5.25, 10.75 ], "texture": "#nagamyrmidon" },
				"west": { "uv": [ 3.75, 10, 4.5, 10.75 ], "texture": "#nagamyrmidon" },
				"east": { "uv": [ 13.5, 10, 12.75, 10.75 ], "texture": "#nagamyrmidon" }
			}
		},
		{
			"__comment": "Box1",
			"from": [ 6.4012, -1.3475, 4.305 ],
			"to": [ 9.5512, 2.1175, 7.77 ],
			"rotation": { "origin": [ 6.40125, -1.347499, 4.305 ], "axis": "x", "angle": -45 },
			"faces": {
				"down": { "uv": [ 1.5, 10, 2.25, 10.75 ], "texture": "#nagamyrmidon" },
				"up": { "uv": [ 6, 11, 6.75, 11.75 ], "texture": "#nagamyrmidon" },
				"north": { "uv": [ 2.25, 10, 3, 10.75 ], "texture": "#nagamyrmidon" },
				"south": { "uv": [ 4.5, 11, 5.25, 11.75 ], "texture": "#nagamyrmidon" },
				"west": { "uv": [ 5.25, 11, 6, 11.75 ], "texture": "#nagamyrmidon" },
				"east": { "uv": [ 12, 10, 11.25, 10.75 ], "texture": "#nagamyrmidon" }
			}
		},
		{
			"__comment": "Box1",
			"from": [ 6.5588, -1.2677, 4.62 ],
			"to": [ 9.393799, 1.8823, 7.77 ],
			"faces": {
				"down": { "uv": [ 7.5, 11, 8, 11.75 ], "texture": "#nagamyrmidon" },
				"up": { "uv": [ 7.5, 10, 8, 10.75 ], "texture": "#nagamyrmidon" },
				"north": { "uv": [ 0.75, 9.25, 1.25, 10 ], "texture": "#nagamyrmidon" },
				"south": { "uv": [ 1.25, 9.25, 1.75, 10 ], "texture": "#nagamyrmidon" },
				"west": { "uv": [ 1.5, 11, 2.25, 11.75 ], "texture": "#nagamyrmidon", "rotation": 270 },
				"east": { "uv": [ 11.5, 9, 12.25, 8.25 ], "texture": "#nagamyrmidon", "rotation": 270 }
			}
		},
		{
			"__comment": "Box1",
			"from": [ 7.767, -1.2687, 7.5067 ],
			"to": [ 10.287, 1.5663, 10.0267 ],
			"rotation": { "origin": [ 8.212501, -1.268749, 10.21125 ], "axis": "y", "angle": 22.5 },
			"faces": {
				"down": { "uv": [ 13.5, 0, 14, 0.5 ], "texture": "#nagamyrmidon" },
				"up": { "uv": [ 6.75, 9.5, 7.25, 10 ], "texture": "#nagamyrmidon" },
				"north": { "uv": [ 7.25, 9.5, 7.75, 10 ], "texture": "#nagamyrmidon" },
				"south": { "uv": [ 0, 8.75, 0.5, 9.25 ], "texture": "#nagamyrmidon" },
				"west": { "uv": [ 0.5, 8.75, 1, 9.25 ], "texture": "#nagamyrmidon", "rotation": 270 },
				"east": { "uv": [ 12, 7, 12.5, 6.5 ], "texture": "#nagamyrmidon", "rotation": 270 }
			}
		},
		{
			"__comment": "Box1",
			"from": [ 6.4256, 10.5862, -3.3684 ],
			"to": [ 9.5756, 11.8462, -1.4784 ],
			"rotation": { "origin": [ 8, 13.125, -2.875 ], "axis": "x", "angle": -22.5 },
			"faces": {
				"down": { "uv": [ 1.5, 10.75, 2.25, 11 ], "texture": "#nagamyrmidon" },
				"up": { "uv": [ 2.25, 10.75, 3, 11 ], "texture": "#nagamyrmidon" },
				"north": { "uv": [ 3, 10.75, 3.75, 11 ], "texture": "#nagamyrmidon" },
				"south": { "uv": [ 4, 8.25, 4.75, 8.5 ], "texture": "#nagamyrmidon" },
				"west": { "uv": [ 4.25, 8, 4.5, 8.25 ], "texture": "#nagamyrmidon", "rotation": 270 },
				"east": { "uv": [ 4.5, 8, 4.25, 8.25 ], "texture": "#nagamyrmidon", "rotation": 270 }
			}
		},
		{
			"__comment": "Box1",
			"from": [ 7.9622, -1.189, 11.3464 ],
			"to": [ 9.537199, 0.7009999, 13.8664 ],
			"rotation": { "origin": [ 7.97625, -1.189, 11.94375 ], "axis": "y", "angle": -22.5 },
			"faces": {
				"down": { "uv": [ 0, 1, 0.25, 1.5 ], "texture": "#nagamyrmidon" },
				"up": { "uv": [ 0, 1.5, 0.25, 2 ], "texture": "#nagamyrmidon" },
				"north": { "uv": [ 4, 8, 4.25, 8.25 ], "texture": "#nagamyrmidon" },
				"south": { "uv": [ 1.5, 8, 1.75, 8.25 ], "texture": "#nagamyrmidon" },
				"west": { "uv": [ 0.25, 8, 0.75, 8.25 ], "texture": "#nagamyrmidon", "rotation": 270 },
				"east": { "uv": [ 12.5, 5.5, 13, 5.25 ], "texture": "#nagamyrmidon", "rotation": 270 }
			}
		},
		{
			"__comment": "Box1",
			"from": [ 7.4132, -1.19, 13.6344 ],
			"to": [ 8.6732, 0.3850001, 16.1544 ],
			"faces": {
				"down": { "uv": [ 0, 2, 0.25, 2.5 ], "texture": "#nagamyrmidon" },
				"up": { "uv": [ 0, 2.5, 0.25, 3 ], "texture": "#nagamyrmidon" },
				"north": { "uv": [ 2.75, 8, 3, 8.25 ], "texture": "#nagamyrmidon" },
				"south": { "uv": [ 2.5, 8, 2.75, 8.25 ], "texture": "#nagamyrmidon" },
				"west": { "uv": [ 6.25, 9.25, 6.75, 9.5 ], "texture": "#nagamyrmidon", "rotation": 270 },
				"east": { "uv": [ 13.5, 5.5, 14, 5.25 ], "texture": "#nagamyrmidon", "rotation": 270 }
			}
		},
		{
			"__comment": "Box1",
			"from": [ 7.8649, -1.19, 9.3776 ],
			"to": [ 9.7549, 1.015, 11.8976 ],
			"faces": {
				"down": { "uv": [ 7.75, 9.5, 8, 10 ], "texture": "#nagamyrmidon" },
				"up": { "uv": [ 6.75, 8.25, 7, 8.75 ], "texture": "#nagamyrmidon" },
				"north": { "uv": [ 6.5, 8.25, 6.75, 8.75 ], "texture": "#nagamyrmidon" },
				"south": { "uv": [ 6.25, 8.25, 6.5, 8.75 ], "texture": "#nagamyrmidon" },
				"west": { "uv": [ 3.5, 8.75, 4, 9.25 ], "texture": "#nagamyrmidon", "rotation": 270 },
				"east": { "uv": [ 13.5, 7, 14, 6.5 ], "texture": "#nagamyrmidon", "rotation": 270 }
			}
		},
		{
			"__comment": "Box1",
			"from": [ 6.804, 11.3497, -0.8348 ],
			"to": [ 9.323999, 13.8697, 1.6852 ],
			"rotation": { "origin": [ 6.9525, 11.2525, 1.785 ], "axis": "x", "angle": 22.5 },
			"faces": {
				"down": { "uv": [ 11, 11.5, 11.5, 12 ], "texture": "#nagamyrmidon" },
				"up": { "uv": [ 10, 9, 10.5, 9.5 ], "texture": "#nagamyrmidon" },
				"north": { "uv": [ 5.5, 8.75, 6, 9.25 ], "texture": "#nagamyrmidon" },
				"south": { "uv": [ 6, 8.75, 6.5, 9.25 ], "texture": "#nagamyrmidon" },
				"west": { "uv": [ 8.5, 5.5, 9, 6 ], "texture": "#nagamyrmidon", "rotation": 90 },
				"east": { "uv": [ 8.5, 5.5, 9, 6 ], "texture": "#nagamyrmidon", "rotation": 90 }
			}
		},
		{
			"__comment": "Box1",
			"from": [ 6.2496, 10.5862, -1.4899 ],
			"to": [ 9.7146, 11.8462, 1.0301 ],
			"rotation": { "origin": [ 8, 13.125, -2.875 ], "axis": "x", "angle": -22.5 },
			"faces": {
				"down": { "uv": [ 6.75, 11.75, 7.5, 12.25 ], "texture": "#nagamyrmidon" },
				"up": { "uv": [ 5.75, 11.75, 6.5, 12.25 ], "texture": "#nagamyrmidon" },
				"north": { "uv": [ 6, 10.75, 6.75, 11 ], "texture": "#nagamyrmidon" },
				"south": { "uv": [ 15.25, 15.75, 16, 16 ], "texture": "#nagamyrmidon" },
				"west": { "uv": [ 4.25, 9.25, 4.75, 9.5 ], "texture": "#nagamyrmidon" },
				"east": { "uv": [ 4.75, 9.25, 4.25, 9.5 ], "texture": "#nagamyrmidon" }
			}
		},
		{
			"__comment": "Box1",
			"from": [ 6.3969, 12.18, -1.7399 ],
			"to": [ 9.5469, 13.44, 0.7801 ],
			"rotation": { "origin": [ 8, 13.125, -2.875 ], "axis": "x", "angle": -22.5 },
			"faces": {
				"down": { "uv": [ 3.75, 11.75, 4.5, 12.25 ], "texture": "#nagamyrmidon", "rotation": 90 },
				"up": { "uv": [ 4.75, 11.75, 5.5, 12.25 ], "texture": "#nagamyrmidon" },
				"north": { "uv": [ 4.75, 8.5, 5.5, 8.75 ], "texture": "#nagamyrmidon" },
				"south": { "uv": [ 4.75, 8.25, 5.5, 8.5 ], "texture": "#nagamyrmidon" },
				"west": { "uv": [ 7.5, 15, 8, 15.25 ], "texture": "#nagamyrmidon" },
				"east": { "uv": [ 8, 15, 7.5, 15.25 ], "texture": "#nagamyrmidon" }
			}
		},
		{
			"__comment": "Box1",
			"from": [ 6.5729, 12.18, -3.2976 ],
			"to": [ 9.407899, 13.125, -1.7226 ],
			"rotation": { "origin": [ 8, 13.125, -2.875 ], "axis": "x", "angle": -22.5 },
			"faces": {
				"down": { "uv": [ 4.75, 9.25, 5.25, 9.5 ], "texture": "#nagamyrmidon" },
				"up": { "uv": [ 6.75, 9.25, 7.25, 9.5 ], "texture": "#nagamyrmidon" },
				"north": { "uv": [ 5.5, 8.25, 6, 8.5 ], "texture": "#nagamyrmidon" },
				"south": { "uv": [ 7.5, 8.5, 8, 8.75 ], "texture": "#nagamyrmidon" },
				"west": { "uv": [ 5.25, 8, 5.5, 8.25 ], "texture": "#nagamyrmidon", "rotation": 270 },
				"east": { "uv": [ 5.25, 8.25, 5.5, 8 ], "texture": "#nagamyrmidon", "rotation": 270 }
			}
		},
		{
			"__comment": "Box17",
			"from": [ 10.7146, 4.6894, 0.3975 ],
			"to": [ 12.6046, 6.2644, 1.972501 ],
			"rotation": { "origin": [ 12.6046, 6.2644, 2.2875 ], "axis": "z", "angle": -22.5 },
			"faces": {
				"down": { "uv": [ 15.5, 0, 15, 0.5 ], "texture": "#nagamyrmidon", "rotation": 90 },
				"up": { "uv": [ 3.5, 8, 3.75, 8.25 ], "texture": "#nagamyrmidon", "rotation": 270 },
				"north": { "uv": [ 15.5, 0, 16, 0.5 ], "texture": "#nagamyrmidon" },
				"south": { "uv": [ 4.75, 8, 5, 8.25 ], "texture": "#nagamyrmidon" },
				"west": { "uv": [ 15, 0, 14.5, 0.5 ], "texture": "#nagamyrmidon" },
				"east": { "uv": [ 14.5, 0, 15, 0.5 ], "texture": "#nagamyrmidon" }
			}
		},
		{
			"__comment": "Box17",
			"from": [ 10.6538, 13.4717, -0.0299 ],
			"to": [ 12.8588, 16.9367, 2.4901 ],
			"rotation": { "origin": [ 11.9567, 8.166201, -6.9293 ], "axis": "x", "angle": 22.5 },
			"faces": {
				"down": { "uv": [ 0, 8.25, 0.5, 8.75 ], "texture": "#nagamyrmidon" },
				"up": { "uv": [ 0.5, 8.25, 1, 8.75 ], "texture": "#nagamyrmidon" },
				"north": { "uv": [ 2.75, 9.25, 2.25, 10 ], "texture": "#nagamyrmidon" },
				"south": { "uv": [ 2.25, 9.25, 2.75, 10 ], "texture": "#nagamyrmidon" },
				"west": { "uv": [ 3.25, 9.25, 3.75, 10 ], "texture": "#nagamyrmidon" },
				"east": { "uv": [ 8, 13.25, 7.5, 14 ], "texture": "#nagamyrmidon" }
			}
		},
		{
			"__comment": "Box17",
			"from": [ 3.0938, 10.8942, 2.0849 ],
			"to": [ 5.2988, 14.3592, 4.6049 ],
			"rotation": { "origin": [ 3.1725, 8.36125, 1.0875 ], "axis": "x", "angle": 22.5 },
			"faces": {
				"down": { "uv": [ 15.5, 9, 16, 9.5 ], "texture": "#nagamyrmidon" },
				"up": { "uv": [ 1, 8.25, 1.5, 8.75 ], "texture": "#nagamyrmidon" },
				"north": { "uv": [ 2.25, 9.25, 2.75, 10 ], "texture": "#nagamyrmidon" },
				"south": { "uv": [ 2.75, 9.25, 2.25, 10 ], "texture": "#nagamyrmidon" },
				"west": { "uv": [ 7.5, 13.25, 8, 14 ], "texture": "#nagamyrmidon" },
				"east": { "uv": [ 7.5, 14.25, 8, 15 ], "texture": "#nagamyrmidon" }
			}
		},
		{
			"__comment": "Box17",
			"from": [ 2.8763, 8.315, -0.145 ],
			"to": [ 4.7663, 9.889999, 1.43 ],
			"rotation": { "origin": [ 2.7975, 8.236199, 1.5875 ], "axis": "z", "angle": -22.5 },
			"faces": {
				"down": { "uv": [ 16, 0.5, 15.5, 0 ], "texture": "#nagamyrmidon", "rotation": 180 },
				"up": { "uv": [ 0.75, 8, 1, 8.25 ], "texture": "#nagamyrmidon", "rotation": 180 },
				"north": { "uv": [ 15, 0, 15.5, 0.5 ], "texture": "#nagamyrmidon", "rotation": 270 },
				"south": { "uv": [ 6.25, 8.25, 6, 8 ], "texture": "#nagamyrmidon", "rotation": 90 },
				"west": { "uv": [ 14.5, 0, 15, 0.5 ], "texture": "#nagamyrmidon", "rotation": 90 },
				"east": { "uv": [ 15, 0, 14.5, 0.5 ], "texture": "#nagamyrmidon", "rotation": 270 }
			}
		},
		{
			"__comment": "Box17",
			"from": [ 3.2513, 7.6424, 0.9299999 ],
			"to": [ 5.1413, 9.5324, 4.71 ],
			"rotation": { "origin": [ 3.1725, 9.61125, 1.0875 ], "axis": "x", "angle": -22.5 },
			"faces": {
				"down": { "uv": [ 15.5, 7, 16, 8.25 ], "texture": "#nagamyrmidon" },
				"up": { "uv": [ 12.5, 16, 12, 15 ], "texture": "#nagamyrmidon" },
				"north": { "uv": [ 5.75, 8.25, 5.5, 8 ], "texture": "#nagamyrmidon" },
				"south": { "uv": [ 3, 8, 3.25, 8.25 ], "texture": "#nagamyrmidon" },
				"west": { "uv": [ 15.5, 7, 16, 8.25 ], "texture": "#nagamyrmidon", "rotation": 90 },
				"east": { "uv": [ 15.5, 7, 16, 8.25 ], "texture": "#nagamyrmidon", "rotation": 270 }
			}
		},
		{
			"__comment": "Box17",
			"from": [ 10.8546, 6.1394, 0.1475 ],
			"to": [ 12.7446, 9.9194, 2.0375 ],
			"rotation": { "origin": [ 10.8546, 6.1394, 2.0375 ], "axis": "x", "angle": 22.5 },
			"faces": {
				"down": { "uv": [ 1.25, 8, 1.5, 8.25 ], "texture": "#nagamyrmidon" },
				"up": { "uv": [ 3.25, 8, 3.5, 8.25 ], "texture": "#nagamyrmidon" },
				"north": { "uv": [ 12.5, 15, 12, 16 ], "texture": "#nagamyrmidon" },
				"south": { "uv": [ 15.5, 7, 16, 8.25 ], "texture": "#nagamyrmidon" },
				"west": { "uv": [ 15.5, 7, 16, 8.25 ], "texture": "#nagamyrmidon" },
				"east": { "uv": [ 15.5, 7, 16, 8.25 ], "texture": "#nagamyrmidon" }
			}
		},
		{
			"__comment": "PlaneX23",
			"from": [ 9.4175, 11.865, -3.2688 ],
			"to": [ 9.4185, 12.18, 0.5111997 ],
			"rotation": { "origin": [ 8, 13.125, -2.875 ], "axis": "x", "angle": -22.5 },
			"faces": {
				"west": { "uv": [ 4.5, 10.75, 6, 11 ], "texture": "#nagamyrmidon", "rotation": 180 },
				"east": { "uv": [ 6, 10.75, 4.5, 11 ], "texture": "#nagamyrmidon", "rotation": 180 }
			}
		},
		{
			"__comment": "PlaneX23",
			"from": [ 6.375, 11.8462, -3.3338 ],
			"to": [ 9.525, 12.1612, -3.3328 ],
			"rotation": { "origin": [ 8, 13.125, -2.875 ], "axis": "x", "angle": -22.5 },
			"faces": {
				"north": { "uv": [ 7, 9, 8.5, 8.5 ], "texture": "#nagamyrmidon", "rotation": 180 },
				"south": { "uv": [ 8.5, 9, 7, 8.5 ], "texture": "#nagamyrmidon", "rotation": 180 }
			}
		},
		{
			"__comment": "PlaneX23",
			"from": [ 9.525, 11.8462, -3.3338 ],
			"to": [ 9.526, 12.1612, 0.7612 ],
			"rotation": { "origin": [ 8, 13.125, -2.875 ], "axis": "x", "angle": -22.5 },
			"faces": {
				"west": { "uv": [ 3.5, 8.5, 1.5, 9 ], "texture": "#nagamyrmidon" },
				"east": { "uv": [ 1.5, 8.5, 3.5, 9 ], "texture": "#nagamyrmidon" }
			}
		},
		{
			"__comment": "PlaneX23",
			"from": [ 6.5825, 11.865, -3.2688 ],
			"to": [ 9.4175, 12.18, -3.2678 ],
			"rotation": { "origin": [ 8, 13.125, -2.875 ], "axis": "x", "angle": -22.5 },
			"faces": {
				"north": { "uv": [ 7, 8.5, 8.5, 9 ], "texture": "#nagamyrmidon", "rotation": 180 },
				"south": { "uv": [ 8.5, 8.5, 7, 9 ], "texture": "#nagamyrmidon", "rotation": 180 }
			}
		},
		{
			"__comment": "PlaneX23",
			"from": [ 6.5825, 11.865, -3.2688 ],
			"to": [ 6.5835, 12.18, 0.5111997 ],
			"rotation": { "origin": [ 8, 13.125, -2.875 ], "axis": "x", "angle": -22.5 },
			"faces": {
				"west": { "uv": [ 4.5, 10.75, 6, 11 ], "texture": "#nagamyrmidon", "rotation": 180 },
				"east": { "uv": [ 6, 10.75, 4.5, 11 ], "texture": "#nagamyrmidon", "rotation": 180 }
			}
		},
		{
			"__comment": "PlaneX23",
			"from": [ 6.4538, 11.8462, -3.3338 ],
			"to": [ 6.4548, 12.1612, 0.7612 ],
			"rotation": { "origin": [ 8, 13.125, -2.875 ], "axis": "x", "angle": -22.5 },
			"faces": {
				"west": { "uv": [ 3.5, 8.5, 1.5, 9 ], "texture": "#nagamyrmidon" },
				"east": { "uv": [ 1.5, 8.5, 3.5, 9 ], "texture": "#nagamyrmidon" }
			}
		},
		{
			"__comment": "PlaneX29",
			"from": [ 9.708799, 10.8075, 0.2425 ],
			"to": [ 9.7098, 16.1625, 4.0225 ],
			"rotation": { "origin": [ 9.70875, 10.8075, 0.2424999 ], "axis": "y", "angle": 45 },
			"faces": {
				"west": { "uv": [ 1.5, 11.75, 2.25, 13 ], "texture": "#nagamyrmidon" },
				"east": { "uv": [ 2.25, 11.75, 1.5, 13 ], "texture": "#nagamyrmidon" }
			}
		},
		{
			"__comment": "PlaneX29",
			"from": [ 9.787499, 6.7725, 6.0375 ],
			"to": [ 9.7885, 14.9625, 10.7625 ],
			"faces": {
				"west": { "uv": [ 0, 14, 1, 16 ], "texture": "#nagamyrmidon", "rotation": 180 },
				"east": { "uv": [ 1, 14, 0, 16 ], "texture": "#nagamyrmidon", "rotation": 180 }
			}
		},
		{
			"__comment": "PlaneX29",
			"from": [ 6.48, 10.8075, 0.2425 ],
			"to": [ 6.481, 16.1625, 4.0225 ],
			"rotation": { "origin": [ 6.48, 10.8075, 0.2424999 ], "axis": "y", "angle": -45 },
			"faces": {
				"west": { "uv": [ 1.5, 11.75, 2.25, 13 ], "texture": "#nagamyrmidon" },
				"east": { "uv": [ 2.25, 11.75, 1.5, 13 ], "texture": "#nagamyrmidon" }
			}
		},
		{
			"__comment": "PlaneX29",
			"from": [ 8, 13.125, -2.875 ],
			"to": [ 8.001, 15.015, 0.9049997 ],
			"rotation": { "origin": [ 8, 13.125, -2.875 ], "axis": "x", "angle": -22.5 },
			"faces": {
				"west": { "uv": [ 14.5, 14, 15.5, 14.5 ], "texture": "#nagamyrmidon" },
				"east": { "uv": [ 15.5, 14, 14.5, 14.5 ], "texture": "#nagamyrmidon" }
			}
		},
		{
			"__comment": "PlaneX29",
			"from": [ 6.165, 7.0225, 6.0375 ],
			"to": [ 6.166, 15.2125, 10.7625 ],
			"faces": {
				"west": { "uv": [ 0, 14, 1, 16 ], "texture": "#nagamyrmidon", "rotation": 180 },
				"east": { "uv": [ 1, 14, 0, 16 ], "texture": "#nagamyrmidon", "rotation": 180 }
			}
		},
		{
			"__comment": "PlaneX29",
			"from": [ 5.4562, 14.0875, 2.3363 ],
			"to": [ 5.4572, 18.8125, 6.7463 ],
			"rotation": { "origin": [ 5.45625, 14.0875, 2.33625 ], "axis": "x", "angle": 22.5 },
			"faces": {
				"west": { "uv": [ 5, 13, 6, 14 ], "texture": "#nagamyrmidon" },
				"east": { "uv": [ 6, 13, 5, 14 ], "texture": "#nagamyrmidon" }
			}
		},
		{
			"__comment": "PlaneX29",
			"from": [ 7.9762, 0.0741, 16.2856 ],
			"to": [ 7.9772, 2.2791, 18.4906 ],
			"rotation": { "origin": [ 7.97625, 2.19725, 16.03875 ], "axis": "y", "angle": 22.5 },
			"faces": {
				"west": { "uv": [ 7.5, 12.25, 8, 11.75 ], "texture": "#nagamyrmidon", "rotation": 270 },
				"east": { "uv": [ 7.5, 11.75, 8, 12.25 ], "texture": "#nagamyrmidon", "rotation": 270 }
			}
		},
		{
			"__comment": "PlaneX29",
			"from": [ 10.4962, 14.0875, 2.3363 ],
			"to": [ 10.4972, 18.8125, 6.7463 ],
			"rotation": { "origin": [ 10.49625, 14.0875, 2.33625 ], "axis": "x", "angle": 22.5 },
			"faces": {
				"west": { "uv": [ 5, 13, 6, 14 ], "texture": "#nagamyrmidon" },
				"east": { "uv": [ 6, 13, 5, 14 ], "texture": "#nagamyrmidon" }
			}
		},
		{
			"__comment": "PlaneX29",
			"from": [ 7.9762, 1.5703, 5.7766 ],
			"to": [ 7.9772, 3.7753, 7.6666 ],
			"faces": {
				"west": { "uv": [ 4.25, 9.5, 4.75, 10 ], "texture": "#nagamyrmidon", "rotation": 90 },
				"east": { "uv": [ 4.25, 10, 4.75, 9.5 ], "texture": "#nagamyrmidon", "rotation": 90 }
			}
		},
		{
			"__comment": "PlaneX29",
			"from": [ 7.9762, 1.5693, 7.7806 ],
			"to": [ 7.9772, 3.7743, 9.9856 ],
			"rotation": { "origin": [ 7.97625, 3.6925, 7.53375 ], "axis": "y", "angle": 22.5 },
			"faces": {
				"west": { "uv": [ 4.25, 9.5, 4.75, 10 ], "texture": "#nagamyrmidon", "rotation": 90 },
				"east": { "uv": [ 4.25, 10, 4.75, 9.5 ], "texture": "#nagamyrmidon", "rotation": 90 }
			}
		},
		{
			"__comment": "PlaneX29",
			"from": [ 11.7562, 5.0464, 1.698 ],
			"to": [ 11.7572, 8.1964, 4.848 ],
			"rotation": { "origin": [ 11.7562, 5.0464, 4.848 ], "axis": "x", "angle": 22.5 },
			"faces": {
				"west": { "uv": [ 6.75, 11, 7.5, 11.75 ], "texture": "#nagamyrmidon", "rotation": 180 },
				"east": { "uv": [ 7.5, 11, 6.75, 11.75 ], "texture": "#nagamyrmidon", "rotation": 180 }
			}
		},
		{
			"__comment": "PlaneX29",
			"from": [ 8.9212, 0.7041, 11.9543 ],
			"to": [ 8.9222, 2.9091, 14.1593 ],
			"rotation": { "origin": [ 8.92125, 2.827251, 11.7075 ], "axis": "y", "angle": -22.5 },
			"faces": {
				"west": { "uv": [ 4.25, 9.5, 4.75, 10 ], "texture": "#nagamyrmidon", "rotation": 90 },
				"east": { "uv": [ 4.25, 10, 4.75, 9.5 ], "texture": "#nagamyrmidon", "rotation": 90 }
			}
		},
		{
			"__comment": "PlaneX29",
			"from": [ 8.054999, 0.2306, 14.0018 ],
			"to": [ 8.056, 2.4356, 16.2068 ],
			"faces": {
				"west": { "uv": [ 5.75, 10, 6.25, 9.5 ], "texture": "#nagamyrmidon", "rotation": 270 },
				"east": { "uv": [ 5.75, 9.5, 6.25, 10 ], "texture": "#nagamyrmidon", "rotation": 270 }
			}
		},
		{
			"__comment": "PlaneX29",
			"from": [ 8.8425, 1.0181, 9.7493 ],
			"to": [ 8.8435, 3.2231, 11.9543 ],
			"faces": {
				"west": { "uv": [ 4.25, 9.5, 4.75, 10 ], "texture": "#nagamyrmidon", "rotation": 90 },
				"east": { "uv": [ 4.25, 10, 4.75, 9.5 ], "texture": "#nagamyrmidon", "rotation": 90 }
			}
		},
		{
			"__comment": "PlaneX29",
			"from": [ 4.275, 4.7805, 2.0861 ],
			"to": [ 4.276, 7.930499, 5.236099 ],
			"rotation": { "origin": [ 4.275, 7.9305, 2.0861 ], "axis": "x", "angle": -22.5 },
			"faces": {
				"west": { "uv": [ 6.75, 11, 7.5, 11.75 ], "texture": "#nagamyrmidon", "rotation": 270 },
				"east": { "uv": [ 7.5, 11, 6.75, 11.75 ], "texture": "#nagamyrmidon", "rotation": 90 }
			}
		},
		{
			"__comment": "Box1",
			"from": [ 1.1215, 4.1802, 0.4695 ],
			"to": [ 14.11763, 4.94468, 1.233978 ],
			"rotation": { "origin": [ 14.1176, 4.180201, 0.4695 ], "axis": "z", "angle": -22.5 },
			"faces": {
				"down": { "uv": [ 1, 16, 0, 11 ], "texture": "#nagaglaive", "rotation": 270 },
				"up": { "uv": [ 0, 11, 1, 16 ], "texture": "#nagaglaive", "rotation": 90 },
				"north": { "uv": [ 1, 11, 0, 16 ], "texture": "#nagaglaive", "rotation": 90 },
				"south": { "uv": [ 1, 11, 0, 16 ], "texture": "#nagaglaive", "rotation": 270 },
				"west": { "uv": [ 10, 9, 9, 8 ], "texture": "#nagaglaive", "rotation": 90 },
				"east": { "uv": [ 9, 9, 10, 10 ], "texture": "#nagaglaive", "rotation": 270 }
			}
		},
		{
			"__comment": "Box1",
			"from": [ 13.8916, 3.9891, 0.2784 ],
			"to": [ 15.0616, 5.1591, 1.4484 ],
			"rotation": { "origin": [ 14.1176, 4.180201, 0.4695 ], "axis": "z", "angle": -22.5 },
			"faces": {
				"down": { "uv": [ 2, 10, 1, 9 ], "texture": "#nagaglaive", "rotation": 90 },
				"up": { "uv": [ 1, 9, 2, 10 ], "texture": "#nagaglaive", "rotation": 270 },
				"north": { "uv": [ 2, 10, 1, 9 ], "texture": "#nagaglaive", "rotation": 270 },
				"south": { "uv": [ 2, 10, 1, 9 ], "texture": "#nagaglaive", "rotation": 90 },
				"west": { "uv": [ 2, 10, 1, 9 ], "texture": "#nagaglaive", "rotation": 90 },
				"east": { "uv": [ 1, 9, 2, 10 ], "texture": "#nagaglaive", "rotation": 270 }
			}
		},
		{
			"__comment": "Box1",
			"from": [ -1.1719, 4.3714, -0.1037 ],
			"to": [ 1.121529, 4.75364, 1.425255 ],
			"rotation": { "origin": [ 14.1176, 4.180201, 0.4695 ], "axis": "z", "angle": -22.5 },
			"faces": {
				"down": { "uv": [ 4, 10, 3, 9 ], "texture": "#nagaglaive", "rotation": 90 },
				"up": { "uv": [ 4, 9, 3, 10 ], "texture": "#nagaglaive", "rotation": 270 },
				"north": { "uv": [ 3, 9, 2, 8 ], "texture": "#nagaglaive", "rotation": 270 },
				"south": { "uv": [ 4, 11, 3, 10 ], "texture": "#nagaglaive", "rotation": 90 },
				"west": { "uv": [ 3, 10, 2, 9 ], "texture": "#nagaglaive", "rotation": 90 },
				"east": { "uv": [ 2, 10, 3, 11 ], "texture": "#nagaglaive", "rotation": 270 }
			}
		},
		{
			"__comment": "Box1",
			"from": [ -1.9365, 4.3714, -0.3904 ],
			"to": [ -1.172021, 4.75364, 1.425234 ],
			"rotation": { "origin": [ 14.1176, 4.180201, 0.4695 ], "axis": "z", "angle": -22.5 },
			"faces": {
				"down": { "uv": [ 5, 12, 4, 11 ], "texture": "#nagaglaive", "rotation": 90 },
				"up": { "uv": [ 5, 11, 4, 12 ], "texture": "#nagaglaive", "rotation": 270 },
				"north": { "uv": [ 5, 13, 4, 12 ], "texture": "#nagaglaive", "rotation": 270 },
				"south": { "uv": [ 6, 13, 5, 12 ], "texture": "#nagaglaive", "rotation": 90 },
				"west": { "uv": [ 6, 14, 5, 13 ], "texture": "#nagaglaive", "rotation": 90 },
				"east": { "uv": [ 4, 13, 5, 14 ], "texture": "#nagaglaive", "rotation": 270 }
			}
		},
		{
			"__comment": "Box1",
			"from": [ -3.8477, 4.3715, -0.3904 ],
			"to": [ -1.93651, 4.75374, 1.425234 ],
			"rotation": { "origin": [ 14.1176, 4.180201, 0.4695 ], "axis": "z", "angle": -22.5 },
			"faces": {
				"down": { "uv": [ 5, 9, 4, 8 ], "texture": "#nagaglaive", "rotation": 90 },
				"up": { "uv": [ 5, 8, 4, 9 ], "texture": "#nagaglaive", "rotation": 270 },
				"north": { "uv": [ 5, 10, 4, 9 ], "texture": "#nagaglaive", "rotation": 270 },
				"south": { "uv": [ 6, 10, 5, 9 ], "texture": "#nagaglaive", "rotation": 90 },
				"west": { "uv": [ 6, 11, 5, 10 ], "texture": "#nagaglaive", "rotation": 90 },
				"east": { "uv": [ 4, 10, 5, 11 ], "texture": "#nagaglaive", "rotation": 270 }
			}
		},
		{
			"__comment": "Box1",
			"from": [ -4.9943, 4.3715, -0.5816 ],
			"to": [ -3.847589, 4.75374, 1.415599 ],
			"rotation": { "origin": [ 14.1176, 4.180201, 0.4695 ], "axis": "z", "angle": -22.5 },
			"faces": {
				"down": { "uv": [ 7, 12, 6, 11 ], "texture": "#nagaglaive", "rotation": 90 },
				"up": { "uv": [ 7, 11, 6, 12 ], "texture": "#nagaglaive", "rotation": 270 },
				"north": { "uv": [ 7, 14, 6, 13 ], "texture": "#nagaglaive", "rotation": 270 },
				"south": { "uv": [ 7, 13, 6, 12 ], "texture": "#nagaglaive", "rotation": 90 },
				"west": { "uv": [ 7, 15, 6, 14 ], "texture": "#nagaglaive", "rotation": 90 },
				"east": { "uv": [ 12, 9, 13, 10 ], "texture": "#nagaglaive", "rotation": 270 }
			}
		},
		{
			"__comment": "Box1",
			"from": [ -5.7589, 4.3714, -0.5816 ],
			"to": [ -4.994419, 4.75364, 1.425154 ],
			"rotation": { "origin": [ 14.1176, 4.180201, 0.4695 ], "axis": "z", "angle": -22.5 },
			"faces": {
				"down": { "uv": [ 8, 14, 7, 13 ], "texture": "#nagaglaive", "rotation": 90 },
				"up": { "uv": [ 8, 13, 7, 14 ], "texture": "#nagaglaive", "rotation": 270 },
				"north": { "uv": [ 8, 16, 7, 15 ], "texture": "#nagaglaive", "rotation": 270 },
				"south": { "uv": [ 8, 15, 7, 14 ], "texture": "#nagaglaive", "rotation": 90 },
				"west": { "uv": [ 7, 9, 6, 8 ], "texture": "#nagaglaive", "rotation": 90 },
				"east": { "uv": [ 6, 9, 7, 10 ], "texture": "#nagaglaive", "rotation": 270 }
			}
		},
		{
			"__comment": "Box1",
			"from": [ -6.5234, 4.3715, -0.4861 ],
			"to": [ -5.758919, 4.75374, 1.425095 ],
			"rotation": { "origin": [ 14.1176, 4.180201, 0.4695 ], "axis": "z", "angle": -22.5 },
			"faces": {
				"down": { "uv": [ 9, 16, 8, 15 ], "texture": "#nagaglaive", "rotation": 90 },
				"up": { "uv": [ 9, 15, 8, 16 ], "texture": "#nagaglaive", "rotation": 270 },
				"north": { "uv": [ 8, 10, 7, 9 ], "texture": "#nagaglaive", "rotation": 270 },
				"south": { "uv": [ 8, 9, 7, 8 ], "texture": "#nagaglaive", "rotation": 90 },
				"west": { "uv": [ 8, 11, 7, 10 ], "texture": "#nagaglaive", "rotation": 90 },
				"east": { "uv": [ 7, 11, 8, 12 ], "texture": "#nagaglaive", "rotation": 270 }
			}
		},
		{
			"__comment": "Box1",
			"from": [ -8.0359, 6.442, 0.4215 ],
			"to": [ -6.889189, 6.82424, 1.185979 ],
			"rotation": { "origin": [ 9.125, 6.25, 15.625 ], "axis": "z", "angle": -22.5 },
			"faces": {
				"down": { "uv": [ 15, 16, 14, 15 ], "texture": "#nagaglaive", "rotation": 90 },
				"up": { "uv": [ 15, 15, 14, 16 ], "texture": "#nagaglaive", "rotation": 270 },
				"north": { "uv": [ 13, 16, 12, 15 ], "texture": "#nagaglaive", "rotation": 270 },
				"south": { "uv": [ 14, 16, 13, 15 ], "texture": "#nagaglaive", "rotation": 90 },
				"west": { "uv": [ 12, 16, 11, 15 ], "texture": "#nagaglaive", "rotation": 90 },
				"east": { "uv": [ 10, 15, 11, 16 ], "texture": "#nagaglaive", "rotation": 270 }
			}
		},
		{
			"__comment": "Box1",
			"from": [ -6.9536, 4.8722, -0.2069 ],
			"to": [ -5.806881, 5.25444, 1.322055 ],
			"rotation": { "origin": [ 12.9926, 4.680201, 8.344501 ], "axis": "z", "angle": -22.5 },
			"faces": {
				"down": { "uv": [ 9, 11, 8, 10 ], "texture": "#nagaglaive", "rotation": 90 },
				"up": { "uv": [ 9, 10, 8, 11 ], "texture": "#nagaglaive", "rotation": 270 },
				"north": { "uv": [ 9, 13, 8, 12 ], "texture": "#nagaglaive", "rotation": 270 },
				"south": { "uv": [ 9, 12, 8, 11 ], "texture": "#nagaglaive", "rotation": 90 },
				"west": { "uv": [ 9, 14, 8, 13 ], "texture": "#nagaglaive", "rotation": 90 },
				"east": { "uv": [ 8, 14, 9, 15 ], "texture": "#nagaglaive", "rotation": 270 }
			}
		},
		{
			"__comment": "Box1",
			"from": [ -7.636, 4.8715, 0.1165 ],
			"to": [ -6.871521, 5.25374, 1.263218 ],
			"rotation": { "origin": [ 12.9926, 4.680201, 8.344501 ], "axis": "z", "angle": -22.5 },
			"faces": {
				"down": { "uv": [ 13, 15, 12, 14 ], "texture": "#nagaglaive", "rotation": 90 },
				"up": { "uv": [ 13, 14, 12, 15 ], "texture": "#nagaglaive", "rotation": 270 },
				"north": { "uv": [ 11, 15, 10, 14 ], "texture": "#nagaglaive", "rotation": 270 },
				"south": { "uv": [ 12, 15, 11, 14 ], "texture": "#nagaglaive", "rotation": 90 },
				"west": { "uv": [ 10, 15, 9, 14 ], "texture": "#nagaglaive", "rotation": 90 },
				"east": { "uv": [ 8, 8, 9, 9 ], "texture": "#nagaglaive", "rotation": 270 }
			}
		},
		{
			"__comment": "Box22",
			"from": [ -0.6939, 4.1802, -0.2949 ],
			"to": [ 0.4528095, 4.94468, 0.8518178 ],
			"rotation": { "origin": [ 14.1176, 4.180201, 0.4695 ], "axis": "z", "angle": -22.5 },
			"faces": {
				"down": { "uv": [ 2, 10, 1, 9 ], "texture": "#nagaglaive", "rotation": 90 },
				"up": { "uv": [ 1, 9, 2, 10 ], "texture": "#nagaglaive", "rotation": 270 },
				"north": { "uv": [ 2, 10, 1, 9 ], "texture": "#nagaglaive", "rotation": 270 },
				"south": { "uv": [ 2, 10, 1, 9 ], "texture": "#nagaglaive", "rotation": 90 },
				"west": { "uv": [ 2, 10, 1, 9 ], "texture": "#nagaglaive", "rotation": 90 },
				"east": { "uv": [ 1, 9, 2, 10 ], "texture": "#nagaglaive", "rotation": 270 }
			}
		},
		{
			"__comment": "PlaneX23",
			"from": [ 12.9953, 4.5626, -0.8275 ],
			"to": [ 16.5053, 4.56494, 3.852499 ],
			"rotation": { "origin": [ 14.1176, 4.180201, 0.4695 ], "axis": "z", "angle": -22.5 },
			"faces": {
				"down": { "uv": [ 7, 16, 4, 14 ], "texture": "#nagaglaive", "rotation": 90 },
				"up": { "uv": [ 7, 14, 4, 16 ], "texture": "#nagaglaive", "rotation": 270 }
			}
		},
		{
			"__comment": "PlaneX23",
			"from": [ -1.6496, 4.5626, -2.875 ],
			"to": [ 2.17279, 4.56494, 0.5651498 ],
			"rotation": { "origin": [ 14.1176, 4.180201, 0.4695 ], "axis": "z", "angle": -22.5 },
			"faces": {
				"down": { "uv": [ 12, 14, 10, 12 ], "texture": "#nagaglaive", "rotation": 90 },
				"up": { "uv": [ 12, 12, 10, 14 ], "texture": "#nagaglaive", "rotation": 270 }
			}
		}
	],
	"display": {
		"thirdperson_righthand": {
			"rotation":  [ 10, 0, 0 ],
			"translation":  [ 0.6982, -5.54, 2.0879 ]
		},
		"thirdperson_lefthand": {
			"rotation":  [ 10, 0, 0 ],
			"translation":  [ 0.6982, -5.54, 2.0879 ]
		},
		"firstperson_righthand": {
			"rotation":  [ 0, -7, 0 ],
			"translation":  [ 2.0868, -5.564, 0 ],
			"scale":  [ 1.2695, 2, 1.9304 ]
		},
		"firstperson_lefthand": {
			"rotation":  [ 0, -9, 0 ],
			"translation":  [ 2.7825, -9.042, 0 ],
			"scale":  [ 1.4086, 2, 2 ]
		},
		"gui": {
			"rotation":  [ 0, 90, 0 ],
			"translation":  [ 0.6956, -1.388, 0 ],
			"scale":  [ 0.5, 0.5, 0.5 ]
		},
		"head": {
			"translation":  [ 0.0003, -6.26, 15.304 ],
			"scale":  [ 4, 4, 4 ]
		},
		"ground": {
			"rotation":  [ 90, 90, 0 ],
			"translation":  [ 4.1745, 0, 1.396 ],
			"scale":  [ 0.5, 0.5, 0.5 ]
		},
		"fixed": {
			"rotation":  [ -90, 0, 0 ],
			"translation":  [ 0.0009, 13.217, -36.85 ],
			"scale":  [ 4, 4, 4 ]
		}
	}
}