{
	"__comment": "Designed by Sefreneth with Cubik Studio - https://cubik.studio",
	"textures": {
		"nagamyrmidon": "item/nagamyrmidon",
		"nagaglaive": "item/nagaglaive"
	},
	"elements": [ 	 
		{
			"__comment": "Box1",
			"from": [ 10.0079, -0.999, 21.5794 ],
			"to": [ 12.5279, 0.261, 22.5244 ],
			"rotation": { "origin": [ 3.614901, -1.19, 24.0026 ], "axis": "y", "angle": -22.5 },
			"faces": {
				"down": { "uv": [ 6.5, 11.75, 6.75, 12.25 ], "texture": "#nagamyrmidon", "rotation": 90 },
				"up": { "uv": [ 4.5, 11.75, 4.75, 12.25 ], "texture": "#nagamyrmidon", "rotation": 270 },
				"north": { "uv": [ 7.5, 14.25, 8, 14 ], "texture": "#nagamyrmidon", "rotation": 270 },
				"south": { "uv": [ 7.5, 14, 8, 14.25 ], "texture": "#nagamyrmidon", "rotation": 270 },
				"west": { "uv": [ 6, 8.25, 6.25, 8.5 ], "texture": "#nagamyrmidon" },
				"east": { "uv": [ 0, 0.25, 0.25, 0.5 ], "texture": "#nagamyrmidon" }
			}
		},
		{
			"__comment": "Box1",
			"from": [ 5.2988, 9.992499, 11.4562 ],
			"to": [ 10.6538, 14.0875, 16.1812 ],
			"faces": {
				"down": { "uv": [ 4, 14, 5.25, 15 ], "texture": "#nagamyrmidon" },
				"up": { "uv": [ 5.25, 15, 6.5, 16 ], "texture": "#nagamyrmidon" },
				"north": { "uv": [ 4, 15, 5.25, 16 ], "texture": "#nagamyrmidon" },
				"south": { "uv": [ 5.25, 14, 6.5, 15 ], "texture": "#nagamyrmidon" },
				"west": { "uv": [ 0, 13, 1, 14 ], "texture": "#nagamyrmidon" },
				"east": { "uv": [ 1, 13, 2, 14 ], "texture": "#nagamyrmidon" }
			}
		},
		{
			"__comment": "Box1",
			"from": [ 5.9288, 6.5275, 12.4012 ],
			"to": [ 10.0238, 9.992498, 16.4962 ],
			"faces": {
				"down": { "uv": [ 2, 13, 3, 14 ], "texture": "#nagamyrmidon" },
				"up": { "uv": [ 3, 13, 4, 14 ], "texture": "#nagamyrmidon" },
				"north": { "uv": [ 3.75, 12.25, 4.75, 13 ], "texture": "#nagamyrmidon" },
				"south": { "uv": [ 4.75, 12.25, 5.75, 13 ], "texture": "#nagamyrmidon" },
				"west": { "uv": [ 5.75, 12.25, 6.75, 13 ], "texture": "#nagamyrmidon" },
				"east": { "uv": [ 16, 12, 15, 12.75 ], "texture": "#nagamyrmidon" }
			}
		},
		{
			"__comment": "Box1",
			"from": [ 6.0863, 4.0863, 11.22 ],
			"to": [ 9.8663, 8.4963, 15 ],
			"rotation": { "origin": [ 6.08625, 4.08625, 11.22 ], "axis": "x", "angle": 22.5 },
			"faces": {
				"down": { "uv": [ 3, 11, 3.75, 11.75 ], "texture": "#nagamyrmidon" },
				"up": { "uv": [ 3.75, 11, 4.5, 11.75 ], "texture": "#nagamyrmidon" },
				"north": { "uv": [ 6.75, 13, 7.5, 14 ], "texture": "#nagamyrmidon" },
				"south": { "uv": [ 6, 13, 6.75, 14 ], "texture": "#nagamyrmidon" },
				"west": { "uv": [ 3, 12, 3.75, 13 ], "texture": "#nagamyrmidon" },
				"east": { "uv": [ 13.5, 12, 12.75, 13 ], "texture": "#nagamyrmidon" }
			}
		},
		{
			"__comment": "Box1",
			"from": [ 6.2438, 0.9363, 11.3775 ],
			"to": [ 9.708799, 4.4013, 15.1575 ],
			"faces": {
				"down": { "uv": [ 6.75, 10, 7.5, 10.75 ], "texture": "#nagamyrmidon" },
				"up": { "uv": [ 6, 10, 6.75, 10.75 ], "texture": "#nagamyrmidon" },
				"north": { "uv": [ 5.25, 10, 6, 10.75 ], "texture": "#nagamyrmidon" },
				"south": { "uv": [ 4.5, 10, 5.25, 10.75 ], "texture": "#nagamyrmidon" },
				"west": { "uv": [ 3.75, 10, 4.5, 10.75 ], "texture": "#nagamyrmidon" },
				"east": { "uv": [ 13.5, 10, 12.75, 10.75 ], "texture": "#nagamyrmidon" }
			}
		},
		{
			"__comment": "Box1",
			"from": [ 6.4012, -1.3475, 14.055 ],
			"to": [ 9.5512, 2.1175, 17.52 ],
			"rotation": { "origin": [ 6.40125, -1.347499, 14.055 ], "axis": "x", "angle": -45 },
			"faces": {
				"down": { "uv": [ 1.5, 10, 2.25, 10.75 ], "texture": "#nagamyrmidon" },
				"up": { "uv": [ 6, 11, 6.75, 11.75 ], "texture": "#nagamyrmidon" },
				"north": { "uv": [ 2.25, 10, 3, 10.75 ], "texture": "#nagamyrmidon" },
				"south": { "uv": [ 4.5, 11, 5.25, 11.75 ], "texture": "#nagamyrmidon" },
				"west": { "uv": [ 5.25, 11, 6, 11.75 ], "texture": "#nagamyrmidon" },
				"east": { "uv": [ 12, 10, 11.25, 10.75 ], "texture": "#nagamyrmidon" }
			}
		},
		{
			"__comment": "Box1",
			"from": [ 6.5588, -1.2677, 14.37 ],
			"to": [ 9.393799, 1.8823, 17.52 ],
			"faces": {
				"down": { "uv": [ 7.5, 11, 8, 11.75 ], "texture": "#nagamyrmidon" },
				"up": { "uv": [ 7.5, 10, 8, 10.75 ], "texture": "#nagamyrmidon" },
				"north": { "uv": [ 0.75, 9.25, 1.25, 10 ], "texture": "#nagamyrmidon" },
				"south": { "uv": [ 1.25, 9.25, 1.75, 10 ], "texture": "#nagamyrmidon" },
				"west": { "uv": [ 1.5, 11, 2.25, 11.75 ], "texture": "#nagamyrmidon", "rotation": 270 },
				"east": { "uv": [ 11.5, 9, 12.25, 8.25 ], "texture": "#nagamyrmidon", "rotation": 270 }
			}
		},
		{
			"__comment": "Box1",
			"from": [ 6.7392, -1.2687, 17.3646 ],
			"to": [ 9.259199, 1.5663, 19.8846 ],
			"faces": {
				"down": { "uv": [ 13.5, 0, 14, 0.5 ], "texture": "#nagamyrmidon" },
				"up": { "uv": [ 6.75, 9.5, 7.25, 10 ], "texture": "#nagamyrmidon" },
				"north": { "uv": [ 7.25, 9.5, 7.75, 10 ], "texture": "#nagamyrmidon" },
				"south": { "uv": [ 0, 8.75, 0.5, 9.25 ], "texture": "#nagamyrmidon" },
				"west": { "uv": [ 0.5, 8.75, 1, 9.25 ], "texture": "#nagamyrmidon", "rotation": 270 },
				"east": { "uv": [ 12, 7, 12.5, 6.5 ], "texture": "#nagamyrmidon", "rotation": 270 }
			}
		},
		{
			"__comment": "Box1",
			"from": [ 6.4806, 10.7062, 6.8304 ],
			"to": [ 9.6306, 11.9662, 8.7204 ],
			"rotation": { "origin": [ 6.4806, 10.7062, 6.8304 ], "axis": "x", "angle": -22.5 },
			"faces": {
				"down": { "uv": [ 1.5, 10.75, 2.25, 11 ], "texture": "#nagamyrmidon" },
				"up": { "uv": [ 2.25, 10.75, 3, 11 ], "texture": "#nagamyrmidon" },
				"north": { "uv": [ 3, 10.75, 3.75, 11 ], "texture": "#nagamyrmidon" },
				"south": { "uv": [ 4, 8.25, 4.75, 8.5 ], "texture": "#nagamyrmidon" },
				"west": { "uv": [ 4.25, 8, 4.5, 8.25 ], "texture": "#nagamyrmidon", "rotation": 270 },
				"east": { "uv": [ 4.5, 8, 4.25, 8.25 ], "texture": "#nagamyrmidon", "rotation": 270 }
			}
		},
		{
			"__comment": "Box1",
			"from": [ 6.5523, -1.189, 22.0329 ],
			"to": [ 8.127298, 0.7009999, 24.5529 ],
			"rotation": { "origin": [ 6.114901, -1.19, 19.7526 ], "axis": "y", "angle": 22.5 },
			"faces": {
				"down": { "uv": [ 0, 1, 0.25, 1.5 ], "texture": "#nagamyrmidon" },
				"up": { "uv": [ 0, 1.5, 0.25, 2 ], "texture": "#nagamyrmidon" },
				"north": { "uv": [ 4, 8, 4.25, 8.25 ], "texture": "#nagamyrmidon" },
				"south": { "uv": [ 1.5, 8, 1.75, 8.25 ], "texture": "#nagamyrmidon" },
				"west": { "uv": [ 0.25, 8, 0.75, 8.25 ], "texture": "#nagamyrmidon", "rotation": 270 },
				"east": { "uv": [ 12.5, 5.5, 13, 5.25 ], "texture": "#nagamyrmidon", "rotation": 270 }
			}
		},
		{
			"__comment": "Box1",
			"from": [ 4.921, -1, 24.0273 ],
			"to": [ 6.181, 0.575, 26.5473 ],
			"rotation": { "origin": [ 6.114901, -1.19, 19.7526 ], "axis": "y", "angle": 45 },
			"faces": {
				"down": { "uv": [ 0, 2, 0.25, 2.5 ], "texture": "#nagamyrmidon" },
				"up": { "uv": [ 0, 2.5, 0.25, 3 ], "texture": "#nagamyrmidon" },
				"north": { "uv": [ 2.75, 8, 3, 8.25 ], "texture": "#nagamyrmidon" },
				"south": { "uv": [ 2.5, 8, 2.75, 8.25 ], "texture": "#nagamyrmidon" },
				"west": { "uv": [ 6.25, 9.25, 6.75, 9.5 ], "texture": "#nagamyrmidon", "rotation": 270 },
				"east": { "uv": [ 13.5, 5.5, 14, 5.25 ], "texture": "#nagamyrmidon", "rotation": 270 }
			}
		},
		{
			"__comment": "Box1",
			"from": [ 7.1825, -1.19, 19.1659 ],
			"to": [ 9.0725, 1.015, 21.6859 ],
			"faces": {
				"down": { "uv": [ 7.75, 9.5, 8, 10 ], "texture": "#nagamyrmidon" },
				"up": { "uv": [ 6.75, 8.25, 7, 8.75 ], "texture": "#nagamyrmidon" },
				"north": { "uv": [ 6.5, 8.25, 6.75, 8.75 ], "texture": "#nagamyrmidon" },
				"south": { "uv": [ 6.25, 8.25, 6.5, 8.75 ], "texture": "#nagamyrmidon" },
				"west": { "uv": [ 3.5, 8.75, 4, 9.25 ], "texture": "#nagamyrmidon", "rotation": 270 },
				"east": { "uv": [ 13.5, 7, 14, 6.5 ], "texture": "#nagamyrmidon", "rotation": 270 }
			}
		},
		{
			"__comment": "Box1",
			"from": [ 6.804, 11.3497, 8.9152 ],
			"to": [ 9.323999, 13.8697, 11.4352 ],
			"rotation": { "origin": [ 6.9525, 11.2525, 11.535 ], "axis": "x", "angle": 22.5 },
			"faces": {
				"down": { "uv": [ 11, 11.5, 11.5, 12 ], "texture": "#nagamyrmidon" },
				"up": { "uv": [ 10, 9, 10.5, 9.5 ], "texture": "#nagamyrmidon" },
				"north": { "uv": [ 5.5, 8.75, 6, 9.25 ], "texture": "#nagamyrmidon" },
				"south": { "uv": [ 6, 8.75, 6.5, 9.25 ], "texture": "#nagamyrmidon" },
				"west": { "uv": [ 8.5, 5.5, 9, 6 ], "texture": "#nagamyrmidon", "rotation": 90 },
				"east": { "uv": [ 8.5, 5.5, 9, 6 ], "texture": "#nagamyrmidon", "rotation": 90 }
			}
		},
		{
			"__comment": "Box1",
			"from": [ 6.3046, 10.7062, 8.708899 ],
			"to": [ 9.7696, 11.9662, 11.2289 ],
			"rotation": { "origin": [ 6.4806, 10.7062, 6.8304 ], "axis": "x", "angle": -22.5 },
			"faces": {
				"down": { "uv": [ 6.75, 11.75, 7.5, 12.25 ], "texture": "#nagamyrmidon" },
				"up": { "uv": [ 5.75, 11.75, 6.5, 12.25 ], "texture": "#nagamyrmidon" },
				"north": { "uv": [ 6, 10.75, 6.75, 11 ], "texture": "#nagamyrmidon" },
				"south": { "uv": [ 15.25, 15.75, 16, 16 ], "texture": "#nagamyrmidon" },
				"west": { "uv": [ 4.25, 9.25, 4.75, 9.5 ], "texture": "#nagamyrmidon" },
				"east": { "uv": [ 4.75, 9.25, 4.25, 9.5 ], "texture": "#nagamyrmidon" }
			}
		},
		{
			"__comment": "Box1",
			"from": [ 6.4519, 13.3, 7.7089 ],
			"to": [ 9.6019, 14.56, 10.2289 ],
			"faces": {
				"down": { "uv": [ 3.75, 11.75, 4.5, 12.25 ], "texture": "#nagamyrmidon", "rotation": 90 },
				"up": { "uv": [ 4.75, 11.75, 5.5, 12.25 ], "texture": "#nagamyrmidon" },
				"north": { "uv": [ 4.75, 8.5, 5.5, 8.75 ], "texture": "#nagamyrmidon" },
				"south": { "uv": [ 4.75, 8.25, 5.5, 8.5 ], "texture": "#nagamyrmidon" },
				"west": { "uv": [ 7.5, 15, 8, 15.25 ], "texture": "#nagamyrmidon" },
				"east": { "uv": [ 8, 15, 7.5, 15.25 ], "texture": "#nagamyrmidon" }
			}
		},
		{
			"__comment": "Box1",
			"from": [ 6.6279, 13.3, 6.1512 ],
			"to": [ 9.462898, 14.245, 7.7262 ],
			"faces": {
				"down": { "uv": [ 4.75, 9.25, 5.25, 9.5 ], "texture": "#nagamyrmidon" },
				"up": { "uv": [ 6.75, 9.25, 7.25, 9.5 ], "texture": "#nagamyrmidon" },
				"north": { "uv": [ 5.5, 8.25, 6, 8.5 ], "texture": "#nagamyrmidon" },
				"south": { "uv": [ 7.5, 8.5, 8, 8.75 ], "texture": "#nagamyrmidon" },
				"west": { "uv": [ 5.25, 8, 5.5, 8.25 ], "texture": "#nagamyrmidon", "rotation": 270 },
				"east": { "uv": [ 5.25, 8.25, 5.5, 8 ], "texture": "#nagamyrmidon", "rotation": 270 }
			}
		},
		{
			"__comment": "Box17",
			"from": [ 8.934299, 9.1795, 5.6883 ],
			"to": [ 10.5093, 11.0695, 7.263299 ],
			"rotation": { "origin": [ 10.5062, 10.1714, 7.573 ], "axis": "y", "angle": 22.5 },
			"faces": {
				"down": { "uv": [ 14.5, 0, 15, 0.5 ], "texture": "#nagamyrmidon" },
				"up": { "uv": [ 14.5, 0.5, 15, 0 ], "texture": "#nagamyrmidon" },
				"north": { "uv": [ 15, 0.5, 15.5, 0 ], "texture": "#nagamyrmidon" },
				"south": { "uv": [ 3.5, 8, 3.75, 8.25 ], "texture": "#nagamyrmidon" },
				"west": { "uv": [ 4.75, 8, 5, 8.25 ], "texture": "#nagamyrmidon", "rotation": 90 },
				"east": { "uv": [ 15.5, 0, 16, 0.5 ], "texture": "#nagamyrmidon", "rotation": 270 }
			}
		},
		{
			"__comment": "Box17",
			"from": [ 10.0361, 5.3544, 10.1665 ],
			"to": [ 12.2411, 7.8744, 13.6315 ],
			"rotation": { "origin": [ 11, 10.5, 1.25 ], "axis": "x", "angle": -22.5 },
			"faces": {
				"down": { "uv": [ 2.25, 9.25, 2.75, 10 ], "texture": "#nagamyrmidon" },
				"up": { "uv": [ 2.25, 10, 2.75, 9.25 ], "texture": "#nagamyrmidon" },
				"north": { "uv": [ 0.5, 8.75, 0, 8.25 ], "texture": "#nagamyrmidon" },
				"south": { "uv": [ 0.5, 8.25, 1, 8.75 ], "texture": "#nagamyrmidon" },
				"west": { "uv": [ 3.25, 9.25, 3.75, 10 ], "texture": "#nagamyrmidon", "rotation": 90 },
				"east": { "uv": [ 8, 13.25, 7.5, 14 ], "texture": "#nagamyrmidon", "rotation": 270 }
			}
		},
		{
			"__comment": "Box17",
			"from": [ 3.9213, 9.3576, 11.6579 ],
			"to": [ 6.1263, 11.8776, 15.1229 ],
			"rotation": { "origin": [ 7.5, 8.25, 11.625 ], "axis": "x", "angle": -22.5 },
			"faces": {
				"down": { "uv": [ 2.75, 9.25, 2.25, 10 ], "texture": "#nagamyrmidon" },
				"up": { "uv": [ 2.75, 10, 2.25, 9.25 ], "texture": "#nagamyrmidon" },
				"north": { "uv": [ 16, 9.5, 15.5, 9 ], "texture": "#nagamyrmidon" },
				"south": { "uv": [ 1, 8.25, 1.5, 8.75 ], "texture": "#nagamyrmidon" },
				"west": { "uv": [ 7.5, 13.25, 8, 14 ], "texture": "#nagamyrmidon", "rotation": 90 },
				"east": { "uv": [ 7.5, 14.25, 8, 15 ], "texture": "#nagamyrmidon", "rotation": 270 }
			}
		},
		{
			"__comment": "Box17",
			"from": [ 4.4772, 8.906199, 6.5361 ],
			"to": [ 6.052201, 10.7962, 8.1111 ],
			"rotation": { "origin": [ 7.5, 8, 11.5 ], "axis": "y", "angle": -22.5 },
			"faces": {
				"down": { "uv": [ 14.5, 0.5, 15, 0 ], "texture": "#nagamyrmidon", "rotation": 180 },
				"up": { "uv": [ 14.5, 0, 15, 0.5 ], "texture": "#nagamyrmidon", "rotation": 180 },
				"north": { "uv": [ 15.5, 0.5, 15, 0 ], "texture": "#nagamyrmidon" },
				"south": { "uv": [ 6, 8, 6.25, 8.25 ], "texture": "#nagamyrmidon" },
				"west": { "uv": [ 16, 0.5, 15.5, 0 ], "texture": "#nagamyrmidon", "rotation": 270 },
				"east": { "uv": [ 1, 8.25, 0.75, 8 ], "texture": "#nagamyrmidon", "rotation": 90 }
			}
		},
		{
			"__comment": "Box17",
			"from": [ 4.1816, 9.156199, 8.1062 ],
			"to": [ 6.0716, 11.0462, 11.8862 ],
			"rotation": { "origin": [ 7.5, 8, 11.5 ], "axis": "y", "angle": -22.5 },
			"faces": {
				"down": { "uv": [ 15.5, 7, 16, 8.25 ], "texture": "#nagamyrmidon" },
				"up": { "uv": [ 12.5, 16, 12, 15 ], "texture": "#nagamyrmidon" },
				"north": { "uv": [ 5.75, 8.25, 5.5, 8 ], "texture": "#nagamyrmidon" },
				"south": { "uv": [ 3, 8, 3.25, 8.25 ], "texture": "#nagamyrmidon" },
				"west": { "uv": [ 15.5, 7, 16, 8.25 ], "texture": "#nagamyrmidon", "rotation": 90 },
				"east": { "uv": [ 15.5, 7, 16, 8.25 ], "texture": "#nagamyrmidon", "rotation": 270 }
			}
		},
		{
			"__comment": "Box17",
			"from": [ 8.6193, 9.1795, 7.2633 ],
			"to": [ 10.5093, 11.0695, 11.0433 ],
			"rotation": { "origin": [ 10.5062, 10.1714, 7.573 ], "axis": "y", "angle": 22.5 },
			"faces": {
				"down": { "uv": [ 15.5, 7, 16, 8.25 ], "texture": "#nagamyrmidon" },
				"up": { "uv": [ 12, 16, 12.5, 15 ], "texture": "#nagamyrmidon" },
				"north": { "uv": [ 1.5, 8.25, 1.25, 8 ], "texture": "#nagamyrmidon" },
				"south": { "uv": [ 3.25, 8, 3.5, 8.25 ], "texture": "#nagamyrmidon" },
				"west": { "uv": [ 15.5, 7, 16, 8.25 ], "texture": "#nagamyrmidon", "rotation": 90 },
				"east": { "uv": [ 15.5, 7, 16, 8.25 ], "texture": "#nagamyrmidon", "rotation": 270 }
			}
		},
		{
			"__comment": "PlaneX23",
			"from": [ 9.4725, 12.985, 6.18 ],
			"to": [ 9.4735, 13.3, 9.959999 ],
			"faces": {
				"west": { "uv": [ 4.5, 10.75, 6, 11 ], "texture": "#nagamyrmidon", "rotation": 180 },
				"east": { "uv": [ 6, 10.75, 4.5, 11 ], "texture": "#nagamyrmidon", "rotation": 180 }
			}
		},
		{
			"__comment": "PlaneX23",
			"from": [ 6.43, 11.9662, 6.865 ],
			"to": [ 9.58, 12.2812, 6.866 ],
			"rotation": { "origin": [ 6.4806, 10.7062, 6.8304 ], "axis": "x", "angle": -22.5 },
			"faces": {
				"north": { "uv": [ 7, 9, 8.5, 8.5 ], "texture": "#nagamyrmidon", "rotation": 180 },
				"south": { "uv": [ 8.5, 9, 7, 8.5 ], "texture": "#nagamyrmidon", "rotation": 180 }
			}
		},
		{
			"__comment": "PlaneX23",
			"from": [ 9.58, 11.9662, 6.865 ],
			"to": [ 9.581, 12.2812, 10.96 ],
			"rotation": { "origin": [ 6.4806, 10.7062, 6.8304 ], "axis": "x", "angle": -22.5 },
			"faces": {
				"west": { "uv": [ 3.5, 8.5, 1.5, 9 ], "texture": "#nagamyrmidon" },
				"east": { "uv": [ 1.5, 8.5, 3.5, 9 ], "texture": "#nagamyrmidon" }
			}
		},
		{
			"__comment": "PlaneX23",
			"from": [ 6.6375, 12.985, 6.18 ],
			"to": [ 9.4725, 13.3, 6.181 ],
			"faces": {
				"north": { "uv": [ 7, 8.5, 8.5, 9 ], "texture": "#nagamyrmidon", "rotation": 180 },
				"south": { "uv": [ 8.5, 8.5, 7, 9 ], "texture": "#nagamyrmidon", "rotation": 180 }
			}
		},
		{
			"__comment": "PlaneX23",
			"from": [ 6.6375, 12.985, 6.18 ],
			"to": [ 6.6385, 13.3, 9.959999 ],
			"faces": {
				"west": { "uv": [ 4.5, 10.75, 6, 11 ], "texture": "#nagamyrmidon", "rotation": 180 },
				"east": { "uv": [ 6, 10.75, 4.5, 11 ], "texture": "#nagamyrmidon", "rotation": 180 }
			}
		},
		{
			"__comment": "PlaneX23",
			"from": [ 6.5088, 11.9662, 6.865 ],
			"to": [ 6.5098, 12.2812, 10.96 ],
			"rotation": { "origin": [ 6.4806, 10.7062, 6.8304 ], "axis": "x", "angle": -22.5 },
			"faces": {
				"west": { "uv": [ 3.5, 8.5, 1.5, 9 ], "texture": "#nagamyrmidon" },
				"east": { "uv": [ 1.5, 8.5, 3.5, 9 ], "texture": "#nagamyrmidon" }
			}
		},
		{
			"__comment": "PlaneX29",
			"from": [ 9.708799, 10.3075, 9.9914 ],
			"to": [ 13.4888, 15.6625, 9.9924 ],
			"rotation": { "origin": [ 9.70875, 10.3075, 9.9925 ], "axis": "y", "angle": -22.5 },
			"faces": {
				"north": { "uv": [ 2.25, 11.75, 1.5, 13 ], "texture": "#nagamyrmidon" },
				"south": { "uv": [ 1.5, 11.75, 2.25, 13 ], "texture": "#nagamyrmidon" }
			}
		},
		{
			"__comment": "PlaneX29",
			"from": [ 9.787499, 6.7725, 15.7875 ],
			"to": [ 9.7885, 14.9625, 20.5125 ],
			"faces": {
				"west": { "uv": [ 0, 14, 1, 16 ], "texture": "#nagamyrmidon", "rotation": 180 },
				"east": { "uv": [ 1, 14, 0, 16 ], "texture": "#nagamyrmidon", "rotation": 180 }
			}
		},
		{
			"__comment": "PlaneX29",
			"from": [ 2.7, 10.3075, 9.992499 ],
			"to": [ 6.48, 15.6625, 9.993499 ],
			"rotation": { "origin": [ 6.48, 10.3075, 9.9925 ], "axis": "y", "angle": 22.5 },
			"faces": {
				"north": { "uv": [ 1.5, 11.75, 2.25, 13 ], "texture": "#nagamyrmidon" },
				"south": { "uv": [ 2.25, 11.75, 1.5, 13 ], "texture": "#nagamyrmidon" }
			}
		},
		{
			"__comment": "PlaneX29",
			"from": [ 8.054999, 14.245, 6.5738 ],
			"to": [ 8.056, 16.135, 10.3538 ],
			"faces": {
				"west": { "uv": [ 14.5, 14, 15.5, 14.5 ], "texture": "#nagamyrmidon" },
				"east": { "uv": [ 15.5, 14, 14.5, 14.5 ], "texture": "#nagamyrmidon" }
			}
		},
		{
			"__comment": "PlaneX29",
			"from": [ 6.165, 7.0225, 15.7875 ],
			"to": [ 6.166, 15.2125, 20.5125 ],
			"faces": {
				"west": { "uv": [ 0, 14, 1, 16 ], "texture": "#nagamyrmidon", "rotation": 180 },
				"east": { "uv": [ 1, 14, 0, 16 ], "texture": "#nagamyrmidon", "rotation": 180 }
			}
		},
		{
			"__comment": "PlaneX29",
			"from": [ 5.4562, 14.0875, 12.0863 ],
			"to": [ 5.4572, 18.8125, 16.4963 ],
			"rotation": { "origin": [ 5.45625, 14.0875, 12.08625 ], "axis": "x", "angle": 22.5 },
			"faces": {
				"west": { "uv": [ 5, 13, 6, 14 ], "texture": "#nagamyrmidon" },
				"east": { "uv": [ 6, 13, 5, 14 ], "texture": "#nagamyrmidon" }
			}
		},
		{
			"__comment": "PlaneX29",
			"from": [ 10.2628, 0.2641, 22.0126 ],
			"to": [ 12.4678, 2.4691, 22.0136 ],
			"rotation": { "origin": [ 3.614901, -1.19, 24.0026 ], "axis": "y", "angle": -22.5 },
			"faces": {
				"north": { "uv": [ 7.5, 11.75, 8, 12.25 ], "texture": "#nagamyrmidon", "rotation": 270 },
				"south": { "uv": [ 7.5, 12.25, 8, 11.75 ], "texture": "#nagamyrmidon", "rotation": 270 }
			}
		},
		{
			"__comment": "PlaneX29",
			"from": [ 10.4962, 14.0875, 12.0863 ],
			"to": [ 10.4972, 18.8125, 16.4963 ],
			"rotation": { "origin": [ 10.49625, 14.0875, 12.08625 ], "axis": "x", "angle": 22.5 },
			"faces": {
				"west": { "uv": [ 5, 13, 6, 14 ], "texture": "#nagamyrmidon" },
				"east": { "uv": [ 6, 13, 5, 14 ], "texture": "#nagamyrmidon" }
			}
		},
		{
			"__comment": "PlaneX29",
			"from": [ 7.9762, 1.5703, 15.5266 ],
			"to": [ 7.9772, 3.7753, 17.4166 ],
			"faces": {
				"west": { "uv": [ 4.25, 9.5, 4.75, 10 ], "texture": "#nagamyrmidon", "rotation": 90 },
				"east": { "uv": [ 4.25, 10, 4.75, 9.5 ], "texture": "#nagamyrmidon", "rotation": 90 }
			}
		},
		{
			"__comment": "PlaneX29",
			"from": [ 7.991, 1.5693, 17.7519 ],
			"to": [ 7.992, 3.7743, 19.9569 ],
			"faces": {
				"west": { "uv": [ 4.25, 9.5, 4.75, 10 ], "texture": "#nagamyrmidon", "rotation": 90 },
				"east": { "uv": [ 4.25, 10, 4.75, 9.5 ], "texture": "#nagamyrmidon", "rotation": 90 }
			}
		},
		{
			"__comment": "PlaneX29",
			"from": [ 10.5062, 10.1714, 7.573 ],
			"to": [ 13.6562, 10.1724, 10.723 ],
			"rotation": { "origin": [ 10.5062, 10.1714, 7.573 ], "axis": "y", "angle": 22.5 },
			"faces": {
				"down": { "uv": [ 7.5, 11.75, 6.75, 11 ], "texture": "#nagamyrmidon" },
				"up": { "uv": [ 7.5, 11, 6.75, 11.75 ], "texture": "#nagamyrmidon" }
			}
		},
		{
			"__comment": "PlaneX29",
			"from": [ 7.3489, 0.7041, 22.2971 ],
			"to": [ 7.3499, 2.9091, 24.5021 ],
			"rotation": { "origin": [ 6.114901, -1.19, 19.7526 ], "axis": "y", "angle": 22.5 },
			"faces": {
				"west": { "uv": [ 4.25, 9.5, 4.75, 10 ], "texture": "#nagamyrmidon", "rotation": 90 },
				"east": { "uv": [ 4.25, 10, 4.75, 9.5 ], "texture": "#nagamyrmidon", "rotation": 90 }
			}
		},
		{
			"__comment": "PlaneX29",
			"from": [ 5.5628, 0.4206, 24.3947 ],
			"to": [ 5.5638, 2.6256, 26.5997 ],
			"rotation": { "origin": [ 6.114901, -1.19, 19.7526 ], "axis": "y", "angle": 45 },
			"faces": {
				"west": { "uv": [ 5.75, 10, 6.25, 9.5 ], "texture": "#nagamyrmidon", "rotation": 270 },
				"east": { "uv": [ 5.75, 9.5, 6.25, 10 ], "texture": "#nagamyrmidon", "rotation": 270 }
			}
		},
		{
			"__comment": "PlaneX29",
			"from": [ 8.0925, 1.0181, 19.3743 ],
			"to": [ 8.0935, 3.2231, 21.5793 ],
			"faces": {
				"west": { "uv": [ 4.25, 9.5, 4.75, 10 ], "texture": "#nagamyrmidon", "rotation": 90 },
				"east": { "uv": [ 4.25, 10, 4.75, 9.5 ], "texture": "#nagamyrmidon", "rotation": 90 }
			}
		},
		{
			"__comment": "PlaneX29",
			"from": [ 1.1389, 10.0899, 8.7704 ],
			"to": [ 4.288898, 10.0909, 11.9204 ],
			"rotation": { "origin": [ 7.5, 8, 11.5 ], "axis": "y", "angle": -22.5 },
			"faces": {
				"down": { "uv": [ 6.75, 11, 7.5, 11.75 ], "texture": "#nagamyrmidon" },
				"up": { "uv": [ 6.75, 11.75, 7.5, 11 ], "texture": "#nagamyrmidon" }
			}
		},
		{
			"__comment": "Box1",
			"from": [ 7.6249, 9.735499, -2.9961 ],
			"to": [ 8.389378, 10.49998, 10.00003 ],
			"faces": {
				"down": { "uv": [ 0, 11, 1, 16 ], "texture": "#nagaglaive" },
				"up": { "uv": [ 1, 16, 0, 11 ], "texture": "#nagaglaive" },
				"north": { "uv": [ 9, 8, 10, 9 ], "texture": "#nagaglaive", "rotation": 90 },
				"south": { "uv": [ 10, 10, 9, 9 ], "texture": "#nagaglaive", "rotation": 270 },
				"west": { "uv": [ 0, 16, 1, 11 ], "texture": "#nagaglaive", "rotation": 90 },
				"east": { "uv": [ 0, 16, 1, 11 ], "texture": "#nagaglaive", "rotation": 270 }
			}
		},
		{
			"__comment": "Box1",
			"from": [ 7.4338, 9.5211, 9.7737 ],
			"to": [ 8.6038, 10.6911, 10.9437 ],
			"faces": {
				"down": { "uv": [ 1, 9, 2, 10 ], "texture": "#nagaglaive", "rotation": 180 },
				"up": { "uv": [ 2, 10, 1, 9 ], "texture": "#nagaglaive", "rotation": 180 },
				"north": { "uv": [ 1, 9, 2, 10 ], "texture": "#nagaglaive", "rotation": 90 },
				"south": { "uv": [ 2, 10, 1, 9 ], "texture": "#nagaglaive", "rotation": 270 },
				"west": { "uv": [ 1, 9, 2, 10 ], "texture": "#nagaglaive", "rotation": 270 },
				"east": { "uv": [ 1, 9, 2, 10 ], "texture": "#nagaglaive", "rotation": 90 }
			}
		},
		{
			"__comment": "Box1",
			"from": [ 7.0519, 9.9266, -5.2896 ],
			"to": [ 8.580854, 10.30884, -2.996171 ],
			"faces": {
				"down": { "uv": [ 4, 9, 3, 10 ], "texture": "#nagaglaive", "rotation": 180 },
				"up": { "uv": [ 4, 10, 3, 9 ], "texture": "#nagaglaive", "rotation": 180 },
				"north": { "uv": [ 2, 9, 3, 10 ], "texture": "#nagaglaive", "rotation": 90 },
				"south": { "uv": [ 3, 11, 2, 10 ], "texture": "#nagaglaive", "rotation": 270 },
				"west": { "uv": [ 2, 8, 3, 9 ], "texture": "#nagaglaive", "rotation": 270 },
				"east": { "uv": [ 3, 10, 4, 11 ], "texture": "#nagaglaive", "rotation": 90 }
			}
		},
		{
			"__comment": "Box1",
			"from": [ 6.7652, 9.9266, -6.0541 ],
			"to": [ 8.580832, 10.30884, -5.289621 ],
			"faces": {
				"down": { "uv": [ 5, 11, 4, 12 ], "texture": "#nagaglaive", "rotation": 180 },
				"up": { "uv": [ 5, 12, 4, 11 ], "texture": "#nagaglaive", "rotation": 180 },
				"north": { "uv": [ 5, 13, 6, 14 ], "texture": "#nagaglaive", "rotation": 90 },
				"south": { "uv": [ 5, 14, 4, 13 ], "texture": "#nagaglaive", "rotation": 270 },
				"west": { "uv": [ 4, 12, 5, 13 ], "texture": "#nagaglaive", "rotation": 270 },
				"east": { "uv": [ 5, 12, 6, 13 ], "texture": "#nagaglaive", "rotation": 90 }
			}
		},
		{
			"__comment": "Box1",
			"from": [ 6.7652, 9.9266, -7.9653 ],
			"to": [ 8.580832, 10.30884, -6.05411 ],
			"faces": {
				"down": { "uv": [ 5, 8, 4, 9 ], "texture": "#nagaglaive", "rotation": 180 },
				"up": { "uv": [ 5, 9, 4, 8 ], "texture": "#nagaglaive", "rotation": 180 },
				"north": { "uv": [ 5, 10, 6, 11 ], "texture": "#nagaglaive", "rotation": 90 },
				"south": { "uv": [ 5, 11, 4, 10 ], "texture": "#nagaglaive", "rotation": 270 },
				"west": { "uv": [ 4, 9, 5, 10 ], "texture": "#nagaglaive", "rotation": 270 },
				"east": { "uv": [ 5, 9, 6, 10 ], "texture": "#nagaglaive", "rotation": 90 }
			}
		},
		{
			"__comment": "Box1",
			"from": [ 6.574, 9.9266, -9.111899 ],
			"to": [ 8.571199, 10.30884, -7.96519 ],
			"faces": {
				"down": { "uv": [ 7, 11, 6, 12 ], "texture": "#nagaglaive", "rotation": 180 },
				"up": { "uv": [ 7, 12, 6, 11 ], "texture": "#nagaglaive", "rotation": 180 },
				"north": { "uv": [ 6, 14, 7, 15 ], "texture": "#nagaglaive", "rotation": 90 },
				"south": { "uv": [ 13, 10, 12, 9 ], "texture": "#nagaglaive", "rotation": 270 },
				"west": { "uv": [ 6, 13, 7, 14 ], "texture": "#nagaglaive", "rotation": 270 },
				"east": { "uv": [ 6, 12, 7, 13 ], "texture": "#nagaglaive", "rotation": 90 }
			}
		},
		{
			"__comment": "Box1",
			"from": [ 6.5741, 9.9266, -9.8764 ],
			"to": [ 8.580854, 10.30884, -9.111921 ],
			"faces": {
				"down": { "uv": [ 8, 13, 7, 14 ], "texture": "#nagaglaive", "rotation": 180 },
				"up": { "uv": [ 8, 14, 7, 13 ], "texture": "#nagaglaive", "rotation": 180 },
				"north": { "uv": [ 6, 8, 7, 9 ], "texture": "#nagaglaive", "rotation": 90 },
				"south": { "uv": [ 7, 10, 6, 9 ], "texture": "#nagaglaive", "rotation": 270 },
				"west": { "uv": [ 7, 15, 8, 16 ], "texture": "#nagaglaive", "rotation": 270 },
				"east": { "uv": [ 7, 14, 8, 15 ], "texture": "#nagaglaive", "rotation": 90 }
			}
		},
		{
			"__comment": "Box1",
			"from": [ 6.6696, 9.9266, -10.6409 ],
			"to": [ 8.580795, 10.30884, -9.876421 ],
			"faces": {
				"down": { "uv": [ 9, 15, 8, 16 ], "texture": "#nagaglaive", "rotation": 180 },
				"up": { "uv": [ 9, 16, 8, 15 ], "texture": "#nagaglaive", "rotation": 180 },
				"north": { "uv": [ 7, 10, 8, 11 ], "texture": "#nagaglaive", "rotation": 90 },
				"south": { "uv": [ 8, 12, 7, 11 ], "texture": "#nagaglaive", "rotation": 270 },
				"west": { "uv": [ 7, 9, 8, 10 ], "texture": "#nagaglaive", "rotation": 270 },
				"east": { "uv": [ 7, 8, 8, 9 ], "texture": "#nagaglaive", "rotation": 90 }
			}
		},
		{
			"__comment": "Box1",
			"from": [ 4.4806, 9.9259, -11.7228 ],
			"to": [ 5.245081, 10.30814, -10.57609 ],
			"rotation": { "origin": [ 10.5, 10.5, -3.746099 ], "axis": "y", "angle": -22.5 },
			"faces": {
				"down": { "uv": [ 15, 15, 14, 16 ], "texture": "#nagaglaive", "rotation": 180 },
				"up": { "uv": [ 15, 16, 14, 15 ], "texture": "#nagaglaive", "rotation": 180 },
				"north": { "uv": [ 12, 16, 11, 15 ], "texture": "#nagaglaive", "rotation": 270 },
				"south": { "uv": [ 10, 15, 11, 16 ], "texture": "#nagaglaive", "rotation": 90 },
				"west": { "uv": [ 13, 16, 12, 15 ], "texture": "#nagaglaive", "rotation": 90 },
				"east": { "uv": [ 14, 16, 13, 15 ], "texture": "#nagaglaive", "rotation": 270 }
			}
		},
		{
			"__comment": "Box1",
			"from": [ 6.9203, 9.925799, -11.6892 ],
			"to": [ 8.449255, 10.30804, -10.54248 ],
			"faces": {
				"down": { "uv": [ 9, 10, 8, 11 ], "texture": "#nagaglaive", "rotation": 180 },
				"up": { "uv": [ 9, 11, 8, 10 ], "texture": "#nagaglaive", "rotation": 180 },
				"north": { "uv": [ 9, 14, 8, 13 ], "texture": "#nagaglaive", "rotation": 270 },
				"south": { "uv": [ 8, 14, 9, 15 ], "texture": "#nagaglaive", "rotation": 90 },
				"west": { "uv": [ 9, 13, 8, 12 ], "texture": "#nagaglaive", "rotation": 90 },
				"east": { "uv": [ 9, 12, 8, 11 ], "texture": "#nagaglaive", "rotation": 270 }
			}
		},
		{
			"__comment": "Box1",
			"from": [ 7.2438, 9.9266, -12.3718 ],
			"to": [ 8.390517, 10.30884, -11.60732 ],
			"faces": {
				"down": { "uv": [ 13, 14, 12, 15 ], "texture": "#nagaglaive", "rotation": 180 },
				"up": { "uv": [ 13, 15, 12, 14 ], "texture": "#nagaglaive", "rotation": 180 },
				"north": { "uv": [ 10, 15, 9, 14 ], "texture": "#nagaglaive", "rotation": 270 },
				"south": { "uv": [ 8, 8, 9, 9 ], "texture": "#nagaglaive", "rotation": 90 },
				"west": { "uv": [ 11, 15, 10, 14 ], "texture": "#nagaglaive", "rotation": 90 },
				"east": { "uv": [ 12, 15, 11, 14 ], "texture": "#nagaglaive", "rotation": 270 }
			}
		},
		{
			"__comment": "Box22",
			"from": [ 6.8607, 9.735499, -4.8116 ],
			"to": [ 8.007418, 10.49998, -3.66489 ],
			"faces": {
				"down": { "uv": [ 1, 9, 2, 10 ], "texture": "#nagaglaive", "rotation": 180 },
				"up": { "uv": [ 2, 10, 1, 9 ], "texture": "#nagaglaive", "rotation": 180 },
				"north": { "uv": [ 1, 9, 2, 10 ], "texture": "#nagaglaive", "rotation": 90 },
				"south": { "uv": [ 2, 10, 1, 9 ], "texture": "#nagaglaive", "rotation": 270 },
				"west": { "uv": [ 1, 9, 2, 10 ], "texture": "#nagaglaive", "rotation": 270 },
				"east": { "uv": [ 1, 9, 2, 10 ], "texture": "#nagaglaive", "rotation": 90 }
			}
		},
		{
			"__comment": "PlaneX23",
			"from": [ 6.3279, 10.1153, 8.877399 ],
			"to": [ 11.0079, 10.11764, 12.3874 ],
			"faces": {
				"down": { "uv": [ 7, 14, 4, 16 ], "texture": "#nagaglaive", "rotation": 180 },
				"up": { "uv": [ 7, 16, 4, 14 ], "texture": "#nagaglaive", "rotation": 180 }
			}
		},
		{
			"__comment": "PlaneX23",
			"from": [ 4.2806, 10.1153, -5.7672 ],
			"to": [ 7.72075, 10.11764, -1.94481 ],
			"faces": {
				"down": { "uv": [ 12, 12, 10, 14 ], "texture": "#nagaglaive", "rotation": 180 },
				"up": { "uv": [ 12, 14, 10, 12 ], "texture": "#nagaglaive", "rotation": 180 }
			}
		}
	],
	"display": {
		"thirdperson_righthand": {
			"rotation":  [ 10, 0, 0 ],
			"translation":  [ 0.6982, -5.54, 2.0879 ]
		},
		"thirdperson_lefthand": {
			"rotation":  [ 10, 0, 0 ],
			"translation":  [ 0.6982, -5.54, 2.0879 ]
		},
		"firstperson_righthand": {
			"rotation":  [ 0, -7, 0 ],
			"translation":  [ 2.0868, -5.564, 0 ],
			"scale":  [ 1.2695, 2, 1.9304 ]
		},
		"firstperson_lefthand": {
			"rotation":  [ 0, -9, 0 ],
			"translation":  [ 2.7825, -9.042, 0 ],
			"scale":  [ 1.4086, 2, 2 ]
		},
		"gui": {
			"rotation":  [ 0, 90, 0 ],
			"translation":  [ 0.6956, -1.388, 0 ],
			"scale":  [ 0.5, 0.5, 0.5 ]
		},
		"head": {
			"translation":  [ 0.0003, -6.26, -24.34 ],
			"scale":  [ 4, 4, 4 ]
		},
		"ground": {
			"rotation":  [ 90, 90, 0 ],
			"translation":  [ 4.1745, 0, 1.396 ],
			"scale":  [ 0.5, 0.5, 0.5 ]
		},
		"fixed": {
			"rotation":  [ -90, 0, 0 ],
			"translation":  [ 0.0009, 13.217, -36.85 ],
			"scale":  [ 4, 4, 4 ]
		}
	}
}