{
	"__comment": "Designed by Sefreneth with Cubik Studio - https://cubik.studio",
	"textures": {
		"nagaspellsinger": "item/nagaspellsinger",
		"nagaspear": "item/nagaspear"
	},
	"elements": [ 	 
		{
			"__comment": "Box1",
			"from": [ 4.3855, -0.7697, 19.046 ],
			"to": [ 6.528759, 0.3019299, 19.84972 ],
			"faces": {
				"down": { "uv": [ 8, 8.5, 8.5, 9.5 ], "texture": "#nagaspellsinger", "rotation": 270 },
				"up": { "uv": [ 12, 8.5, 12.5, 9.5 ], "texture": "#nagaspellsinger", "rotation": 90 },
				"north": { "uv": [ 13.5, 9.5, 14.5, 10 ], "texture": "#nagaspellsinger", "rotation": 270 },
				"south": { "uv": [ 13.5, 10, 14.5, 9.5 ], "texture": "#nagaspellsinger", "rotation": 270 },
				"west": { "uv": [ 12.5, 8.5625, 13, 9.0625 ], "texture": "#nagaspellsinger" },
				"east": { "uv": [ 6.5, 0, 7, 0.5 ], "texture": "#nagaspellsinger" }
			}
		},
		{
			"__comment": "Box1",
			"from": [ 6.5471, 11.4902, 4.3006 ],
			"to": [ 10.0471, 11.9902, 6.3006 ],
			"rotation": { "origin": [ 10.5, 16.25, 8.125 ], "axis": "x", "angle": -22.5 },
			"faces": {
				"down": { "uv": [ 2, 9, 3.5, 10.5 ], "texture": "#nagaspellsinger" },
				"up": { "uv": [ 2, 7.5, 3.5, 9 ], "texture": "#nagaspellsinger" },
				"north": { "uv": [ 6.5, 9.5, 8, 10 ], "texture": "#nagaspellsinger" },
				"south": { "uv": [ 14.5, 10, 16, 10.5 ], "texture": "#nagaspellsinger" },
				"west": { "uv": [ 8, 9.5, 9.5, 10 ], "texture": "#nagaspellsinger" },
				"east": { "uv": [ 14.5, 10.5, 16, 11 ], "texture": "#nagaspellsinger" }
			}
		},
		{
			"__comment": "Box1",
			"from": [ 6.6819, 6.0432, 4.6044 ],
			"to": [ 10.1819, 9.5432, 6.6044 ],
			"rotation": { "origin": [ 10.5, 16.25, 8.125 ], "axis": "x", "angle": -22.5 },
			"faces": {
				"down": { "uv": [ 3.5, 5, 4.5, 6.5 ], "texture": "#nagaspellsinger" },
				"up": { "uv": [ 11, 11, 12.5, 12 ], "texture": "#nagaspellsinger" },
				"north": { "uv": [ 2, 3, 3.5, 4.5 ], "texture": "#nagaspellsinger" },
				"south": { "uv": [ 2, 1.5, 3.5, 3 ], "texture": "#nagaspellsinger" },
				"west": { "uv": [ 3.5, 8, 4.5, 9.5 ], "texture": "#nagaspellsinger" },
				"east": { "uv": [ 4.5, 8, 3.5, 9.5 ], "texture": "#nagaspellsinger" }
			}
		},
		{
			"__comment": "Box1",
			"from": [ 6.4659, 3.0267, 8.2982 ],
			"to": [ 10.4659, 7.0267, 11.2982 ],
			"faces": {
				"down": { "uv": [ 2, 0, 3.5, 1.5 ], "texture": "#nagaspellsinger" },
				"up": { "uv": [ 2, 10.5, 3.5, 12 ], "texture": "#nagaspellsinger" },
				"north": { "uv": [ 13, 12, 14.5, 14 ], "texture": "#nagaspellsinger" },
				"south": { "uv": [ 11.5, 12, 13, 14 ], "texture": "#nagaspellsinger" },
				"west": { "uv": [ 10, 12, 11.5, 14 ], "texture": "#nagaspellsinger" },
				"east": { "uv": [ 11.5, 12, 10, 14 ], "texture": "#nagaspellsinger" }
			}
		},
		{
			"__comment": "Box1",
			"from": [ 6.9748, 1.0379, 8.3587 ],
			"to": [ 9.921782, 3.984882, 11.57359 ],
			"faces": {
				"down": { "uv": [ 3.5, 6.5, 4.5, 8 ], "texture": "#nagaspellsinger" },
				"up": { "uv": [ 3.5, 5, 4.5, 6.5 ], "texture": "#nagaspellsinger" },
				"north": { "uv": [ 11.5, 10, 12.5, 11 ], "texture": "#nagaspellsinger" },
				"south": { "uv": [ 10.5, 10, 11.5, 11 ], "texture": "#nagaspellsinger" },
				"west": { "uv": [ 5, 11, 6.5, 12 ], "texture": "#nagaspellsinger" },
				"east": { "uv": [ 6.5, 11, 5, 12 ], "texture": "#nagaspellsinger" }
			}
		},
		{
			"__comment": "Box1",
			"from": [ 7.1087, -0.9044999, 10.6359 ],
			"to": [ 9.787775, 2.042482, 13.58288 ],
			"rotation": { "origin": [ 7.108709, -0.9044545, 10.63591 ], "axis": "x", "angle": -45 },
			"faces": {
				"down": { "uv": [ 12.5, 10, 13.5, 11 ], "texture": "#nagaspellsinger" },
				"up": { "uv": [ 13.5, 10, 14.5, 11 ], "texture": "#nagaspellsinger" },
				"north": { "uv": [ 12.5, 11, 13.5, 12 ], "texture": "#nagaspellsinger" },
				"south": { "uv": [ 13.5, 11, 14.5, 12 ], "texture": "#nagaspellsinger" },
				"west": { "uv": [ 14.5, 11, 15.5, 12 ], "texture": "#nagaspellsinger" },
				"east": { "uv": [ 15.5, 11, 14.5, 12 ], "texture": "#nagaspellsinger" }
			}
		},
		{
			"__comment": "Box1",
			"from": [ 7.2427, -0.8366, 10.9038 ],
			"to": [ 9.653866, 1.842475, 13.58288 ],
			"faces": {
				"down": { "uv": [ 3.5, 1.5, 4.5, 2.5 ], "texture": "#nagaspellsinger" },
				"up": { "uv": [ 3.5, 0.5, 4.5, 1.5 ], "texture": "#nagaspellsinger" },
				"north": { "uv": [ 4.5, 10, 5.5, 11 ], "texture": "#nagaspellsinger" },
				"south": { "uv": [ 4.5, 9, 5.5, 10 ], "texture": "#nagaspellsinger" },
				"west": { "uv": [ 4.5, 8, 5.5, 9 ], "texture": "#nagaspellsinger", "rotation": 270 },
				"east": { "uv": [ 4.5, 9, 5.5, 8 ], "texture": "#nagaspellsinger", "rotation": 270 }
			}
		},
		{
			"__comment": "Box1",
			"from": [ 8.2703, -0.8374, 13.359 ],
			"to": [ 10.41356, 1.573767, 15.50226 ],
			"rotation": { "origin": [ 8.649177, -0.8374774, 15.65918 ], "axis": "y", "angle": 22.5 },
			"faces": {
				"down": { "uv": [ 4.5, 6, 5.5, 7 ], "texture": "#nagaspellsinger" },
				"up": { "uv": [ 4.5, 5, 5.5, 6 ], "texture": "#nagaspellsinger" },
				"north": { "uv": [ 4.5, 4, 5.5, 5 ], "texture": "#nagaspellsinger" },
				"south": { "uv": [ 4.5, 3, 5.5, 4 ], "texture": "#nagaspellsinger" },
				"west": { "uv": [ 4.5, 2, 5.5, 3 ], "texture": "#nagaspellsinger", "rotation": 270 },
				"east": { "uv": [ 4.5, 3, 5.5, 2 ], "texture": "#nagaspellsinger", "rotation": 270 }
			}
		},
		{
			"__comment": "Box1",
			"from": [ 8.436299, -0.7697, 16.6246 ],
			"to": [ 9.775837, 0.8377448, 18.76786 ],
			"rotation": { "origin": [ 8.448246, -0.7696508, 17.13267 ], "axis": "y", "angle": -22.5 },
			"faces": {
				"down": { "uv": [ 7.5, 8.5, 8, 9.5 ], "texture": "#nagaspellsinger" },
				"up": { "uv": [ 7, 8.5, 7.5, 9.5 ], "texture": "#nagaspellsinger" },
				"north": { "uv": [ 15.5, 8, 16, 8.5 ], "texture": "#nagaspellsinger" },
				"south": { "uv": [ 7.5, 3.5, 8, 4 ], "texture": "#nagaspellsinger" },
				"west": { "uv": [ 11.5, 9.5, 12.5, 10 ], "texture": "#nagaspellsinger", "rotation": 270 },
				"east": { "uv": [ 11.5, 10, 12.5, 9.5 ], "texture": "#nagaspellsinger", "rotation": 270 }
			}
		},
		{
			"__comment": "Box1",
			"from": [ 6.4511, -0.7705, 18.3117 ],
			"to": [ 8.594358, 0.5690375, 19.38333 ],
			"rotation": { "origin": [ 8.5944, -0.7705, 19.1956 ], "axis": "y", "angle": 22.5 },
			"faces": {
				"down": { "uv": [ 6.5, 1.5, 7, 2.5 ], "texture": "#nagaspellsinger", "rotation": 270 },
				"up": { "uv": [ 6, 0, 6.5, 1 ], "texture": "#nagaspellsinger", "rotation": 90 },
				"north": { "uv": [ 10, 9, 11, 9.5 ], "texture": "#nagaspellsinger", "rotation": 270 },
				"south": { "uv": [ 10, 9.5, 11, 9 ], "texture": "#nagaspellsinger", "rotation": 270 },
				"west": { "uv": [ 11, 7.5, 11.5, 8 ], "texture": "#nagaspellsinger" },
				"east": { "uv": [ 10.5, 7.5, 11, 8 ], "texture": "#nagaspellsinger" }
			}
		},
		{
			"__comment": "Box1",
			"from": [ 8.353499, -0.7705, 14.9502 ],
			"to": [ 9.960944, 1.104852, 17.09346 ],
			"faces": {
				"down": { "uv": [ 9, 8.5, 9.5, 9.5 ], "texture": "#nagaspellsinger" },
				"up": { "uv": [ 11, 8.5, 11.5, 9.5 ], "texture": "#nagaspellsinger" },
				"north": { "uv": [ 11.5, 7.5, 12, 8 ], "texture": "#nagaspellsinger" },
				"south": { "uv": [ 12, 7.5, 12.5, 8 ], "texture": "#nagaspellsinger" },
				"west": { "uv": [ 10, 8.5, 11, 9 ], "texture": "#nagaspellsinger", "rotation": 270 },
				"east": { "uv": [ 10, 9, 11, 8.5 ], "texture": "#nagaspellsinger", "rotation": 270 }
			}
		},
		{
			"__comment": "Box1",
			"from": [ 7.623, 11.4962, 6.6697 ],
			"to": [ 8.973, 12.9962, 8.0197 ],
			"faces": {
				"down": { "uv": [ 12.5, 7.5, 13, 8 ], "texture": "#nagaspellsinger" },
				"up": { "uv": [ 13, 7.5, 13.5, 8 ], "texture": "#nagaspellsinger" },
				"north": { "uv": [ 4.5, 0, 5.5, 1 ], "texture": "#nagaspellsinger" },
				"south": { "uv": [ 13.5, 7.5, 14, 8 ], "texture": "#nagaspellsinger" },
				"west": { "uv": [ 14, 7.5, 14.5, 8 ], "texture": "#nagaspellsinger", "rotation": 180 },
				"east": { "uv": [ 14.5, 7.5, 14, 8 ], "texture": "#nagaspellsinger", "rotation": 180 }
			}
		},
		{
			"__comment": "Box17",
			"from": [ 10.0643, 10.2193, 6.6073 ],
			"to": [ 11.41805, 11.57305, 9.6073 ],
			"rotation": { "origin": [ 10.5, 16.25, 8.125 ], "axis": "x", "angle": 22.5 },
			"faces": {
				"down": { "uv": [ 5.5, 7, 6, 8.5 ], "texture": "#nagaspellsinger" },
				"up": { "uv": [ 6, 8.5, 5.5, 7 ], "texture": "#nagaspellsinger" },
				"north": { "uv": [ 15.5, 8, 15, 7.5 ], "texture": "#nagaspellsinger" },
				"south": { "uv": [ 15.5, 7.5, 16, 8 ], "texture": "#nagaspellsinger" },
				"west": { "uv": [ 5.5, 7, 6, 8.5 ], "texture": "#nagaspellsinger", "rotation": 90 },
				"east": { "uv": [ 5.5, 7, 6, 8.5 ], "texture": "#nagaspellsinger", "rotation": 270 }
			}
		},
		{
			"__comment": "Box17",
			"from": [ 10.1797, 12.1952, 2.9478 ],
			"to": [ 11.2822, 13.2977, 3.9478 ],
			"rotation": { "origin": [ 10.5, 17.625, 3.75 ], "axis": "x", "angle": 22.5 },
			"faces": {
				"down": { "uv": [ 8, 4.5, 8.5, 5 ], "texture": "#nagaspellsinger" },
				"up": { "uv": [ 8, 5, 8.5, 4.5 ], "texture": "#nagaspellsinger" },
				"north": { "uv": [ 8.5, 7, 9, 6.5 ], "texture": "#nagaspellsinger" },
				"south": { "uv": [ 8, 6.5, 8.5, 7 ], "texture": "#nagaspellsinger" },
				"west": { "uv": [ 8, 1, 8.5, 1.5 ], "texture": "#nagaspellsinger", "rotation": 90 },
				"east": { "uv": [ 8, 3.5, 8.5, 4 ], "texture": "#nagaspellsinger", "rotation": 270 }
			}
		},
		{
			"__comment": "Box17",
			"from": [ 10.1797, 12.2093, 3.8239 ],
			"to": [ 11.1797, 13.2093, 6.8239 ],
			"rotation": { "origin": [ 10.5, 17.625, 3.75 ], "axis": "x", "angle": 22.5 },
			"faces": {
				"down": { "uv": [ 6, 8.5, 6.5, 10 ], "texture": "#nagaspellsinger" },
				"up": { "uv": [ 6.5, 10, 6, 8.5 ], "texture": "#nagaspellsinger" },
				"north": { "uv": [ 8.5, 0.5, 8, 0 ], "texture": "#nagaspellsinger" },
				"south": { "uv": [ 9.5, 7, 10, 7.5 ], "texture": "#nagaspellsinger" },
				"west": { "uv": [ 6, 8.5, 6.5, 10 ], "texture": "#nagaspellsinger", "rotation": 90 },
				"east": { "uv": [ 6, 8.5, 6.5, 10 ], "texture": "#nagaspellsinger", "rotation": 270 }
			}
		},
		{
			"__comment": "PlaneX29",
			"from": [ 9.8637, 5.1266, 6.1094 ],
			"to": [ 9.864551, 12.09219, 10.12801 ],
			"rotation": { "origin": [ 10.5, 16.25, 8.125 ], "axis": "x", "angle": -22.5 },
			"faces": {
				"west": { "uv": [ 0, 2, 2, 5 ], "texture": "#nagaspellsinger", "rotation": 180 },
				"east": { "uv": [ 2, 2, 0, 5 ], "texture": "#nagaspellsinger", "rotation": 180 }
			}
		},
		{
			"__comment": "PlaneX29",
			"from": [ 9.5328, 6.8959, 8.6451 ],
			"to": [ 13.5328, 10.8959, 8.6461 ],
			"rotation": { "origin": [ 10.5, 15.375, 9.75 ], "axis": "x", "angle": 22.5 },
			"faces": {
				"north": { "uv": [ 13, 14, 11, 16 ], "texture": "#nagaspellsinger", "rotation": 180 },
				"south": { "uv": [ 11, 14, 13, 16 ], "texture": "#nagaspellsinger", "rotation": 180 }
			}
		},
		{
			"__comment": "PlaneX29",
			"from": [ 4.4367, 0.3046, 19.4804 ],
			"to": [ 6.312051, 2.179952, 19.48125 ],
			"faces": {
				"north": { "uv": [ 9, 14.5, 10, 15.5 ], "texture": "#nagaspellsinger", "rotation": 270 },
				"south": { "uv": [ 9, 15.5, 10, 14.5 ], "texture": "#nagaspellsinger", "rotation": 270 }
			}
		},
		{
			"__comment": "PlaneX29",
			"from": [ 8.4482, 1.5771, 11.8875 ],
			"to": [ 8.449051, 3.452452, 13.49494 ],
			"faces": {
				"west": { "uv": [ 13, 14, 14, 15 ], "texture": "#nagaspellsinger", "rotation": 90 },
				"east": { "uv": [ 13, 15, 14, 14 ], "texture": "#nagaspellsinger", "rotation": 90 }
			}
		},
		{
			"__comment": "PlaneX29",
			"from": [ 8.4482, 1.5763, 13.5919 ],
			"to": [ 8.449051, 3.451652, 15.46725 ],
			"rotation": { "origin": [ 8.448246, 3.382064, 13.38196 ], "axis": "y", "angle": 22.5 },
			"faces": {
				"west": { "uv": [ 13, 14, 14, 15 ], "texture": "#nagaspellsinger", "rotation": 90 },
				"east": { "uv": [ 13, 15, 14, 14 ], "texture": "#nagaspellsinger", "rotation": 90 }
			}
		},
		{
			"__comment": "PlaneX29",
			"from": [ 9.2519, 0.8404, 17.1416 ],
			"to": [ 9.25275, 2.715752, 19.01695 ],
			"rotation": { "origin": [ 9.251968, 2.64617, 16.93174 ], "axis": "y", "angle": -22.5 },
			"faces": {
				"west": { "uv": [ 13, 14, 14, 15 ], "texture": "#nagaspellsinger", "rotation": 90 },
				"east": { "uv": [ 13, 15, 14, 14 ], "texture": "#nagaspellsinger", "rotation": 90 }
			}
		},
		{
			"__comment": "PlaneX29",
			"from": [ 6.4067, 0.4377, 18.8575 ],
			"to": [ 8.282051, 2.313052, 18.85835 ],
			"rotation": { "origin": [ 8.5944, -0.7705, 19.1956 ], "axis": "y", "angle": 22.5 },
			"faces": {
				"north": { "uv": [ 14, 14, 15, 15 ], "texture": "#nagaspellsinger", "rotation": 270 },
				"south": { "uv": [ 14, 15, 15, 14 ], "texture": "#nagaspellsinger", "rotation": 270 }
			}
		},
		{
			"__comment": "PlaneX29",
			"from": [ 9.184999, 1.1075, 15.2663 ],
			"to": [ 9.18585, 2.982852, 17.14165 ],
			"faces": {
				"west": { "uv": [ 13, 14, 14, 15 ], "texture": "#nagaspellsinger", "rotation": 90 },
				"east": { "uv": [ 13, 15, 14, 14 ], "texture": "#nagaspellsinger", "rotation": 90 }
			}
		},
		{
			"__comment": "PlaneX29",
			"from": [ 10.5503, 10.5399, 4.3956 ],
			"to": [ 10.5513, 12.0399, 6.895599 ],
			"rotation": { "origin": [ 10.5, 17.25, 4.25 ], "axis": "x", "angle": 22.5 },
			"faces": {
				"west": { "uv": [ 9.5, 8.5, 10, 9.5 ], "texture": "#nagaspellsinger", "rotation": 270 },
				"east": { "uv": [ 10, 8.5, 9.5, 9.5 ], "texture": "#nagaspellsinger", "rotation": 90 }
			}
		},
		{
			"__comment": "Box1",
			"from": [ 7.5877, 12.7724, 6.065 ],
			"to": [ 9.0877, 13.2724, 8.065001 ],
			"faces": {
				"down": { "uv": [ 5.5, 0, 6, 1 ], "texture": "#nagaspellsinger" },
				"up": { "uv": [ 6.5, 0.5, 7, 1.5 ], "texture": "#nagaspellsinger", "rotation": 90 },
				"north": { "uv": [ 12.5, 9.0625, 13.5, 9.5 ], "texture": "#nagaspellsinger", "rotation": 180 },
				"south": { "uv": [ 15.5, 9.5, 16, 10 ], "texture": "#nagaspellsinger" },
				"west": { "uv": [ 9.5, 9.5, 10.5, 10 ], "texture": "#nagaspellsinger" },
				"east": { "uv": [ 10.5, 9.5, 9.5, 10 ], "texture": "#nagaspellsinger" }
			}
		},
		{
			"__comment": "Box1",
			"from": [ 8.7932, 9.9039, 3.515 ],
			"to": [ 9.83864, 11.2107, 4.235 ],
			"rotation": { "origin": [ 10.5, 16.25, 8.125 ], "axis": "x", "angle": -22.5 },
			"faces": {
				"down": { "uv": [ 7, 5, 7.5, 4.5 ], "texture": "#nagaspellsinger", "rotation": 270 },
				"up": { "uv": [ 7, 4.5, 7.5, 4 ], "texture": "#nagaspellsinger", "rotation": 90 },
				"north": { "uv": [ 7.5, 3.5, 7, 4 ], "texture": "#nagaspellsinger" },
				"south": { "uv": [ 14, 9, 14.5, 9.5 ], "texture": "#nagaspellsinger" },
				"west": { "uv": [ 7.5, 2, 7, 2.5 ], "texture": "#nagaspellsinger" },
				"east": { "uv": [ 7.5, 2.5, 7, 3 ], "texture": "#nagaspellsinger" }
			}
		},
		{
			"__comment": "Box1",
			"from": [ 8.575399, 9.795, 3.791 ],
			"to": [ 10.14356, 11.5374, 4.655 ],
			"rotation": { "origin": [ 10.5, 16.25, 8.125 ], "axis": "x", "angle": -22.5 },
			"faces": {
				"down": { "uv": [ 7, 1.5, 7.5, 2 ], "texture": "#nagaspellsinger", "rotation": 270 },
				"up": { "uv": [ 7, 1.5, 7.5, 1 ], "texture": "#nagaspellsinger", "rotation": 90 },
				"north": { "uv": [ 7.5, 0.5, 7, 1 ], "texture": "#nagaspellsinger" },
				"south": { "uv": [ 15, 8.5, 15.5, 9 ], "texture": "#nagaspellsinger" },
				"west": { "uv": [ 8.5, 8, 8, 8.5 ], "texture": "#nagaspellsinger" },
				"east": { "uv": [ 8, 8, 7.5, 8.5 ], "texture": "#nagaspellsinger" }
			}
		},
		{
			"__comment": "Box1",
			"from": [ 8.6701, 9.5772, 4.205 ],
			"to": [ 9.9769, 10.0128, 4.565001 ],
			"rotation": { "origin": [ 10.5, 16.25, 8.125 ], "axis": "x", "angle": -22.5 },
			"faces": {
				"down": { "uv": [ 8.5, 8, 9, 8.5 ], "texture": "#nagaspellsinger", "rotation": 270 },
				"up": { "uv": [ 7, 7, 7.5, 7.5 ], "texture": "#nagaspellsinger", "rotation": 90 },
				"north": { "uv": [ 9.5, 8, 10, 8.5 ], "texture": "#nagaspellsinger" },
				"south": { "uv": [ 7, 6, 7.5, 6.5 ], "texture": "#nagaspellsinger" },
				"west": { "uv": [ 7, 5.5, 7.5, 6 ], "texture": "#nagaspellsinger" },
				"east": { "uv": [ 7, 5, 7.5, 5.5 ], "texture": "#nagaspellsinger" }
			}
		},
		{
			"__comment": "Box1",
			"from": [ 6.9035, 9.9039, 3.515 ],
			"to": [ 7.948938, 11.2107, 4.235 ],
			"rotation": { "origin": [ 10.5, 16.25, 8.125 ], "axis": "x", "angle": -22.5 },
			"faces": {
				"down": { "uv": [ 7, 4.5, 7.5, 5 ], "texture": "#nagaspellsinger", "rotation": 270 },
				"up": { "uv": [ 7, 4, 7.5, 4.5 ], "texture": "#nagaspellsinger", "rotation": 90 },
				"north": { "uv": [ 7, 3.5, 7.5, 4 ], "texture": "#nagaspellsinger" },
				"south": { "uv": [ 7, 3, 7.5, 3.5 ], "texture": "#nagaspellsinger" },
				"west": { "uv": [ 7, 2.5, 7.5, 3 ], "texture": "#nagaspellsinger" },
				"east": { "uv": [ 7, 2, 7.5, 2.5 ], "texture": "#nagaspellsinger" }
			}
		},
		{
			"__comment": "Box1",
			"from": [ 6.555, 9.795, 3.791 ],
			"to": [ 8.123159, 11.5374, 4.655 ],
			"rotation": { "origin": [ 10.5, 16.25, 8.125 ], "axis": "x", "angle": -22.5 },
			"faces": {
				"down": { "uv": [ 7, 1.5, 7.5, 2 ], "texture": "#nagaspellsinger", "rotation": 270 },
				"up": { "uv": [ 7, 1, 7.5, 1.5 ], "texture": "#nagaspellsinger", "rotation": 90 },
				"north": { "uv": [ 7, 0.5, 7.5, 1 ], "texture": "#nagaspellsinger" },
				"south": { "uv": [ 7, 0, 7.5, 0.5 ], "texture": "#nagaspellsinger" },
				"west": { "uv": [ 7.5, 8, 8, 8.5 ], "texture": "#nagaspellsinger" },
				"east": { "uv": [ 8, 8, 8.5, 8.5 ], "texture": "#nagaspellsinger" }
			}
		},
		{
			"__comment": "Box1",
			"from": [ 6.7205, 9.5772, 4.205 ],
			"to": [ 8.027299, 10.0128, 4.565001 ],
			"rotation": { "origin": [ 10.5, 16.25, 8.125 ], "axis": "x", "angle": -22.5 },
			"faces": {
				"down": { "uv": [ 8.5, 8, 9, 8.5 ], "texture": "#nagaspellsinger", "rotation": 270 },
				"up": { "uv": [ 9, 8, 9.5, 8.5 ], "texture": "#nagaspellsinger", "rotation": 90 },
				"north": { "uv": [ 9.5, 8, 10, 8.5 ], "texture": "#nagaspellsinger" },
				"south": { "uv": [ 10, 8, 10.5, 8.5 ], "texture": "#nagaspellsinger" },
				"west": { "uv": [ 10.5, 8, 11, 8.5 ], "texture": "#nagaspellsinger" },
				"east": { "uv": [ 11, 8, 11.5, 8.5 ], "texture": "#nagaspellsinger" }
			}
		},
		{
			"__comment": "Box1",
			"from": [ 8.5121, 11.2749, 8.5369 ],
			"to": [ 8.675074, 11.44955, 8.71155 ],
			"rotation": { "origin": [ 10.5, 15.375, 9.75 ], "axis": "x", "angle": 45 },
			"faces": {
				"down": { "uv": [ 13, 8.5, 12.5, 8 ], "texture": "#nagaspellsinger", "rotation": 90 },
				"up": { "uv": [ 13, 8, 13.5, 8.5 ], "texture": "#nagaspellsinger", "rotation": 270 },
				"north": { "uv": [ 12.5, 8.5, 12, 8 ], "texture": "#nagaspellsinger", "rotation": 270 },
				"south": { "uv": [ 11.5, 8, 12, 8.5 ], "texture": "#nagaspellsinger", "rotation": 90 },
				"west": { "uv": [ 13.5, 8, 14, 8.5 ], "texture": "#nagaspellsinger", "rotation": 270 },
				"east": { "uv": [ 14, 8, 14.5, 8.5 ], "texture": "#nagaspellsinger", "rotation": 90 }
			}
		},
		{
			"__comment": "Box1",
			"from": [ 8.1248, 12.3993, 6.6724 ],
			"to": [ 8.512919, 13.83678, 7.060521 ],
			"rotation": { "origin": [ 10.5, 15.375, 9.75 ], "axis": "x", "angle": 22.5 },
			"faces": {
				"down": { "uv": [ 14.5, 8, 15, 8.5 ], "texture": "#nagaspellsinger", "rotation": 90 },
				"up": { "uv": [ 15, 8, 15.5, 8.5 ], "texture": "#nagaspellsinger", "rotation": 270 },
				"north": { "uv": [ 6.5, 2.5, 7, 3.5 ], "texture": "#nagaspellsinger" },
				"south": { "uv": [ 7.5, 7.5, 8, 8 ], "texture": "#nagaspellsinger", "rotation": 270 },
				"west": { "uv": [ 7.5, 7, 8, 7.5 ], "texture": "#nagaspellsinger" },
				"east": { "uv": [ 7.5, 6.5, 8, 7 ], "texture": "#nagaspellsinger" }
			}
		},
		{
			"__comment": "Box1",
			"from": [ 8.0567, 11.2723, 8.4724 ],
			"to": [ 8.559703, 11.44695, 8.64705 ],
			"rotation": { "origin": [ 10.5, 15.375, 9.75 ], "axis": "x", "angle": 45 },
			"faces": {
				"down": { "uv": [ 8, 5.5, 7.5, 5 ], "texture": "#nagaspellsinger", "rotation": 180 },
				"up": { "uv": [ 7.5, 4.5, 8, 5 ], "texture": "#nagaspellsinger", "rotation": 270 },
				"north": { "uv": [ 8, 6, 7.5, 5.5 ], "texture": "#nagaspellsinger" },
				"south": { "uv": [ 7.5, 6, 8, 6.5 ], "texture": "#nagaspellsinger", "rotation": 90 },
				"west": { "uv": [ 7.5, 4, 8, 4.5 ], "texture": "#nagaspellsinger", "rotation": 270 },
				"east": { "uv": [ 8, 5.5, 8.5, 6 ], "texture": "#nagaspellsinger", "rotation": 90 }
			}
		},
		{
			"__comment": "Box1",
			"from": [ 8.1085, 14.6228, 5.4542 ],
			"to": [ 8.515932, 14.79745, 5.628854 ],
			"rotation": { "origin": [ 10.5, 15.375, 9.75 ], "axis": "x", "angle": -22.5 },
			"faces": {
				"down": { "uv": [ 7.5, 3, 8, 3.5 ], "texture": "#nagaspellsinger", "rotation": 90 },
				"up": { "uv": [ 7.5, 2.5, 8, 3 ], "texture": "#nagaspellsinger", "rotation": 270 },
				"north": { "uv": [ 7.5, 2, 8, 2.5 ], "texture": "#nagaspellsinger", "rotation": 180 },
				"south": { "uv": [ 7.5, 1.5, 8, 2 ], "texture": "#nagaspellsinger", "rotation": 270 },
				"west": { "uv": [ 7.5, 1, 8, 1.5 ], "texture": "#nagaspellsinger" },
				"east": { "uv": [ 7.5, 0.5, 8, 1 ], "texture": "#nagaspellsinger" }
			}
		},
		{
			"__comment": "Box1",
			"from": [ 7.9498, 11.2749, 8.5369 ],
			"to": [ 8.112774, 11.44955, 8.71155 ],
			"rotation": { "origin": [ 10.5, 15.375, 9.75 ], "axis": "x", "angle": 45 },
			"faces": {
				"down": { "uv": [ 9, 8, 8.5, 7.5 ], "texture": "#nagaspellsinger", "rotation": 90 },
				"up": { "uv": [ 9, 7.5, 9.5, 8 ], "texture": "#nagaspellsinger", "rotation": 270 },
				"north": { "uv": [ 8.5, 8, 8, 7.5 ], "texture": "#nagaspellsinger", "rotation": 270 },
				"south": { "uv": [ 7.5, 0, 8, 0.5 ], "texture": "#nagaspellsinger", "rotation": 90 },
				"west": { "uv": [ 9.5, 7.5, 10, 8 ], "texture": "#nagaspellsinger", "rotation": 270 },
				"east": { "uv": [ 10, 7.5, 10.5, 8 ], "texture": "#nagaspellsinger", "rotation": 90 }
			}
		},
		{
			"__comment": "Box1",
			"from": [ 7.2627, 13.2724, 6.065 ],
			"to": [ 9.418919, 15.60112, 8.22122 ],
			"faces": {
				"down": { "uv": [ 5.5, 10, 6.5, 11 ], "texture": "#nagaspellsinger", "rotation": 270 },
				"up": { "uv": [ 6.5, 10, 7.5, 11 ], "texture": "#nagaspellsinger", "rotation": 90 },
				"north": { "uv": [ 4, 12, 6, 14 ], "texture": "#nagaspellsinger" },
				"south": { "uv": [ 6.5, 10, 7.5, 11 ], "texture": "#nagaspellsinger", "rotation": 90 },
				"west": { "uv": [ 9.5, 10, 10.5, 11 ], "texture": "#nagaspellsinger" },
				"east": { "uv": [ 10.5, 10, 9.5, 11 ], "texture": "#nagaspellsinger" }
			}
		},
		{
			"__comment": "Box1",
			"from": [ 6.5461, 9.3652, 4.5506 ],
			"to": [ 10.0461, 12.3652, 6.5506 ],
			"rotation": { "origin": [ 10.5, 16.25, 8.125 ], "axis": "x", "angle": -22.5 },
			"faces": {
				"down": { "uv": [ 3.5, 11, 5, 12 ], "texture": "#nagaspellsinger" },
				"up": { "uv": [ 9.5, 11, 11, 12 ], "texture": "#nagaspellsinger" },
				"north": { "uv": [ 2, 4.5, 3.5, 6 ], "texture": "#nagaspellsinger" },
				"south": { "uv": [ 2, 6, 3.5, 7.5 ], "texture": "#nagaspellsinger" },
				"west": { "uv": [ 3.5, 3.5, 4.5, 5 ], "texture": "#nagaspellsinger" },
				"east": { "uv": [ 4.5, 3.5, 3.5, 5 ], "texture": "#nagaspellsinger" }
			}
		},
		{
			"__comment": "PlaneX29",
			"from": [ 5.6753, 5.9536, 7.1501 ],
			"to": [ 5.6763, 8.4536, 8.6501 ],
			"rotation": { "origin": [ 10.5, 16.25, 6.125 ], "axis": "x", "angle": -22.5 },
			"faces": {
				"west": { "uv": [ 9.5, 8.5, 10, 9.5 ], "texture": "#nagaspellsinger", "rotation": 180 },
				"east": { "uv": [ 10, 8.5, 9.5, 9.5 ], "texture": "#nagaspellsinger", "rotation": 180 }
			}
		},
		{
			"__comment": "Box17",
			"from": [ 5.3047, 4.871, 6.1423 ],
			"to": [ 6.4072, 5.871, 7.2448 ],
			"rotation": { "origin": [ 10.5, 16.25, 6.125 ], "axis": "x", "angle": -22.5 },
			"faces": {
				"down": { "uv": [ 8.5, 6.5, 9, 7 ], "texture": "#nagaspellsinger" },
				"up": { "uv": [ 8, 5, 8.5, 5.5 ], "texture": "#nagaspellsinger" },
				"north": { "uv": [ 8, 4.5, 8.5, 5 ], "texture": "#nagaspellsinger" },
				"south": { "uv": [ 8.5, 4.5, 8, 5 ], "texture": "#nagaspellsinger" },
				"west": { "uv": [ 8, 3.5, 8.5, 4 ], "texture": "#nagaspellsinger" },
				"east": { "uv": [ 8, 3, 8.5, 3.5 ], "texture": "#nagaspellsinger" }
			}
		},
		{
			"__comment": "Box17",
			"from": [ 5.3047, 5.8355, 6.1423 ],
			"to": [ 6.3047, 8.8355, 7.1423 ],
			"rotation": { "origin": [ 10.5, 16.25, 6.125 ], "axis": "x", "angle": -22.5 },
			"faces": {
				"down": { "uv": [ 8, 2.5, 8.5, 3 ], "texture": "#nagaspellsinger" },
				"up": { "uv": [ 8, 2, 8.5, 2.5 ], "texture": "#nagaspellsinger" },
				"north": { "uv": [ 6, 1, 6.5, 2.5 ], "texture": "#nagaspellsinger" },
				"south": { "uv": [ 6, 1, 6.5, 2.5 ], "texture": "#nagaspellsinger" },
				"west": { "uv": [ 6, 1, 6.5, 2.5 ], "texture": "#nagaspellsinger" },
				"east": { "uv": [ 6, 1, 6.5, 2.5 ], "texture": "#nagaspellsinger" }
			}
		},
		{
			"__comment": "Box17",
			"from": [ 5.1893, 8.958, 3.0229 ],
			"to": [ 6.54305, 11.958, 4.37665 ],
			"rotation": { "origin": [ 10.5, 16.25, 6.125 ], "axis": "x", "angle": -45 },
			"faces": {
				"down": { "uv": [ 8.5, 7, 9, 7.5 ], "texture": "#nagaspellsinger" },
				"up": { "uv": [ 9, 7, 9.5, 7.5 ], "texture": "#nagaspellsinger" },
				"north": { "uv": [ 6.5, 5, 7, 6.5 ], "texture": "#nagaspellsinger" },
				"south": { "uv": [ 6.5, 5, 7, 6.5 ], "texture": "#nagaspellsinger" },
				"west": { "uv": [ 6.5, 5, 7, 6.5 ], "texture": "#nagaspellsinger" },
				"east": { "uv": [ 6.5, 5, 7, 6.5 ], "texture": "#nagaspellsinger" }
			}
		},
		{
			"__comment": "PlaneX29",
			"from": [ 8.9078, 11.5892, 6.9844 ],
			"to": [ 12.9078, 15.5892, 6.9854 ],
			"faces": {
				"north": { "uv": [ 10, 12, 8, 14 ], "texture": "#nagaspellsinger", "rotation": 180 },
				"south": { "uv": [ 8, 12, 10, 14 ], "texture": "#nagaspellsinger", "rotation": 180 }
			}
		},
		{
			"__comment": "PlaneX29",
			"from": [ 3.0328, 6.8959, 8.6451 ],
			"to": [ 7.0328, 10.8959, 8.6461 ],
			"rotation": { "origin": [ 10.5, 15.375, 9.75 ], "axis": "x", "angle": 22.5 },
			"faces": {
				"north": { "uv": [ 11, 14, 13, 16 ], "texture": "#nagaspellsinger", "rotation": 180 },
				"south": { "uv": [ 13, 14, 11, 16 ], "texture": "#nagaspellsinger", "rotation": 180 }
			}
		},
		{
			"__comment": "PlaneX29",
			"from": [ 4.5328, 15.5892, 6.9844 ],
			"to": [ 12.0328, 19.5892, 6.9854 ],
			"faces": {
				"north": { "uv": [ 0, 14, 3.5, 16 ], "texture": "#nagaspellsinger", "rotation": 180 },
				"south": { "uv": [ 3.5, 14, 0, 16 ], "texture": "#nagaspellsinger", "rotation": 180 }
			}
		},
		{
			"__comment": "PlaneX29",
			"from": [ 3.6578, 11.5892, 6.9844 ],
			"to": [ 7.6578, 15.5892, 6.9854 ],
			"faces": {
				"north": { "uv": [ 8, 12, 10, 14 ], "texture": "#nagaspellsinger", "rotation": 180 },
				"south": { "uv": [ 10, 12, 8, 14 ], "texture": "#nagaspellsinger", "rotation": 180 }
			}
		},
		{
			"__comment": "PlaneX29",
			"from": [ 6.7828, 5.3392, 6.1094 ],
			"to": [ 6.783649, 12.30479, 10.12801 ],
			"rotation": { "origin": [ 10.5, 16.25, 8.125 ], "axis": "x", "angle": -22.5 },
			"faces": {
				"west": { "uv": [ 0, 2, 2, 5 ], "texture": "#nagaspellsinger", "rotation": 180 },
				"east": { "uv": [ 2, 2, 0, 5 ], "texture": "#nagaspellsinger", "rotation": 180 }
			}
		},
		{
			"__comment": "Box1",
			"from": [ 10.5, 13.4999, -8.122 ],
			"to": [ 11.08806, 14.08796, 1.87502 ],
			"faces": {
				"down": { "uv": [ 1, 7.5, 0, 0 ], "texture": "#nagaspear" },
				"up": { "uv": [ 0, 0, 1, 7.5 ], "texture": "#nagaspear" },
				"north": { "uv": [ 1, 10, 0, 9 ], "texture": "#nagaspear" },
				"south": { "uv": [ 0, 10, 1, 11 ], "texture": "#nagaspear" },
				"west": { "uv": [ 0, 0, 1, 7.5 ], "texture": "#nagaspear", "rotation": 270 },
				"east": { "uv": [ 0, 0, 1, 7.5 ], "texture": "#nagaspear", "rotation": 90 }
			}
		},
		{
			"__comment": "Box1",
			"from": [ 10.3529, 13.3529, 1.7011 ],
			"to": [ 11.2529, 14.2529, 2.6011 ],
			"faces": {
				"down": { "uv": [ 2.5, 1.5, 1, 0 ], "texture": "#nagaspear" },
				"up": { "uv": [ 1, 0, 2.5, 1.5 ], "texture": "#nagaspear" },
				"north": { "uv": [ 2.5, 1.5, 1, 0 ], "texture": "#nagaspear" },
				"south": { "uv": [ 1, 0, 2.5, 1.5 ], "texture": "#nagaspear" },
				"west": { "uv": [ 1, 0, 2.5, 1.5 ], "texture": "#nagaspear", "rotation": 270 },
				"east": { "uv": [ 1, 0, 2.5, 1.5 ], "texture": "#nagaspear", "rotation": 90 }
			}
		},
		{
			"__comment": "PlaneX23",
			"from": [ 10.7941, 10.0272, -7.9883 ],
			"to": [ 10.7959, 13.6272, -5.288299 ],
			"faces": {
				"west": { "uv": [ 4, 2, 9, 7 ], "texture": "#nagaspear", "rotation": 270 },
				"east": { "uv": [ 9, 2, 4, 7 ], "texture": "#nagaspear", "rotation": 90 }
			}
		},
		{
			"__comment": "Box4",
			"from": [ 10.6773, 13.617, -13.3861 ],
			"to": [ 10.91916, 13.91933, -12.3061 ],
			"faces": {
				"down": { "uv": [ 5, 16, 4, 15 ], "texture": "#nagaspear" },
				"up": { "uv": [ 4, 14, 5, 15 ], "texture": "#nagaspear" },
				"north": { "uv": [ 4, 9, 3, 8 ], "texture": "#nagaspear" },
				"south": { "uv": [ 3, 9, 4, 10 ], "texture": "#nagaspear" },
				"west": { "uv": [ 4, 13, 5, 14 ], "texture": "#nagaspear", "rotation": 270 },
				"east": { "uv": [ 4, 12, 5, 13 ], "texture": "#nagaspear", "rotation": 90 }
			}
		},
		{
			"__comment": "Box4",
			"from": [ 10.5571, 13.05, -9.7141 ],
			"to": [ 11.0179, 13.95, -8.0941 ],
			"faces": {
				"down": { "uv": [ 5, 10, 4, 9 ], "texture": "#nagaspear" },
				"up": { "uv": [ 4, 8, 5, 9 ], "texture": "#nagaspear" },
				"north": { "uv": [ 5, 11, 4, 10 ], "texture": "#nagaspear" },
				"south": { "uv": [ 4, 11, 5, 12 ], "texture": "#nagaspear" },
				"west": { "uv": [ 5, 15, 6, 16 ], "texture": "#nagaspear", "rotation": 270 },
				"east": { "uv": [ 5, 14, 6, 15 ], "texture": "#nagaspear", "rotation": 90 }
			}
		},
		{
			"__comment": "Box4",
			"from": [ 10.6355, 7.7274, -12.3705 ],
			"to": [ 10.93783, 8.144049, -11.2905 ],
			"rotation": { "origin": [ 10.5, 13.5, 1.875 ], "axis": "x", "angle": 22.5 },
			"faces": {
				"down": { "uv": [ 6, 12, 5, 11 ], "texture": "#nagaspear" },
				"up": { "uv": [ 5, 10, 6, 11 ], "texture": "#nagaspear" },
				"north": { "uv": [ 6, 13, 5, 12 ], "texture": "#nagaspear" },
				"south": { "uv": [ 5, 13, 6, 14 ], "texture": "#nagaspear" },
				"west": { "uv": [ 5, 9, 6, 10 ], "texture": "#nagaspear", "rotation": 90 },
				"east": { "uv": [ 5, 8, 6, 9 ], "texture": "#nagaspear", "rotation": 270 }
			}
		},
		{
			"__comment": "Box4",
			"from": [ 10.6769, 13.437, -12.3493 ],
			"to": [ 10.91876, 13.90939, -10.7941 ],
			"faces": {
				"down": { "uv": [ 7, 14, 6, 13 ], "texture": "#nagaspear" },
				"up": { "uv": [ 6, 12, 7, 13 ], "texture": "#nagaspear" },
				"north": { "uv": [ 7, 15, 6, 14 ], "texture": "#nagaspear" },
				"south": { "uv": [ 6, 15, 7, 16 ], "texture": "#nagaspear" },
				"west": { "uv": [ 6, 11, 7, 12 ], "texture": "#nagaspear", "rotation": 270 },
				"east": { "uv": [ 6, 10, 7, 11 ], "texture": "#nagaspear", "rotation": 90 }
			}
		},
		{
			"__comment": "Box4",
			"from": [ 10.6357, 13.311, -10.7941 ],
			"to": [ 10.93803, 13.90149, -9.7141 ],
			"faces": {
				"down": { "uv": [ 8, 16, 7, 15 ], "texture": "#nagaspear" },
				"up": { "uv": [ 7, 14, 8, 15 ], "texture": "#nagaspear" },
				"north": { "uv": [ 7, 9, 6, 8 ], "texture": "#nagaspear" },
				"south": { "uv": [ 6, 9, 7, 10 ], "texture": "#nagaspear" },
				"west": { "uv": [ 7, 13, 8, 14 ], "texture": "#nagaspear", "rotation": 270 },
				"east": { "uv": [ 7, 12, 8, 13 ], "texture": "#nagaspear", "rotation": 90 }
			}
		},
		{
			"__comment": "Box4",
			"from": [ 10.6355, 8.761, -8.4149 ],
			"to": [ 10.93783, 9.351488, -7.3349 ],
			"rotation": { "origin": [ 10.5, 13.5, 1.875 ], "axis": "x", "angle": 22.5 },
			"faces": {
				"down": { "uv": [ 8, 10, 7, 9 ], "texture": "#nagaspear" },
				"up": { "uv": [ 7, 8, 8, 9 ], "texture": "#nagaspear" },
				"north": { "uv": [ 8, 11, 7, 10 ], "texture": "#nagaspear" },
				"south": { "uv": [ 7, 11, 8, 12 ], "texture": "#nagaspear" },
				"west": { "uv": [ 8, 15, 9, 16 ], "texture": "#nagaspear", "rotation": 90 },
				"east": { "uv": [ 9, 15, 10, 16 ], "texture": "#nagaspear", "rotation": 270 }
			}
		},
		{
			"__comment": "Box4",
			"from": [ 10.6354, 8.5542, -8.9138 ],
			"to": [ 10.93773, 9.14469, -7.8338 ],
			"rotation": { "origin": [ 10.5, 13.5, 1.875 ], "axis": "x", "angle": 22.5 },
			"faces": {
				"down": { "uv": [ 13, 16, 12, 15 ], "texture": "#nagaspear" },
				"up": { "uv": [ 13, 15, 14, 16 ], "texture": "#nagaspear" },
				"north": { "uv": [ 12, 16, 11, 15 ], "texture": "#nagaspear" },
				"south": { "uv": [ 10, 15, 11, 16 ], "texture": "#nagaspear" },
				"west": { "uv": [ 14, 15, 15, 16 ], "texture": "#nagaspear", "rotation": 90 },
				"east": { "uv": [ 15, 15, 16, 16 ], "texture": "#nagaspear", "rotation": 270 }
			}
		},
		{
			"__comment": "Box4",
			"from": [ 10.6355, 8.2442, -9.6621 ],
			"to": [ 10.93783, 8.834688, -8.5821 ],
			"rotation": { "origin": [ 10.5, 13.5, 1.875 ], "axis": "x", "angle": 22.5 },
			"faces": {
				"down": { "uv": [ 9, 13, 8, 12 ], "texture": "#nagaspear" },
				"up": { "uv": [ 8, 11, 9, 12 ], "texture": "#nagaspear" },
				"north": { "uv": [ 9, 14, 8, 13 ], "texture": "#nagaspear" },
				"south": { "uv": [ 8, 14, 9, 15 ], "texture": "#nagaspear" },
				"west": { "uv": [ 8, 10, 9, 11 ], "texture": "#nagaspear", "rotation": 90 },
				"east": { "uv": [ 8, 9, 9, 10 ], "texture": "#nagaspear", "rotation": 270 }
			}
		},
		{
			"__comment": "Box4",
			"from": [ 10.6354, 8.132, -10.4925 ],
			"to": [ 10.93773, 8.604391, -9.412499 ],
			"rotation": { "origin": [ 10.5, 13.5, 1.875 ], "axis": "x", "angle": 22.5 },
			"faces": {
				"down": { "uv": [ 11, 15, 10, 14 ], "texture": "#nagaspear" },
				"up": { "uv": [ 11, 14, 12, 15 ], "texture": "#nagaspear" },
				"north": { "uv": [ 10, 15, 9, 14 ], "texture": "#nagaspear" },
				"south": { "uv": [ 8, 8, 9, 9 ], "texture": "#nagaspear" },
				"west": { "uv": [ 12, 14, 13, 15 ], "texture": "#nagaspear", "rotation": 90 },
				"east": { "uv": [ 13, 14, 14, 15 ], "texture": "#nagaspear", "rotation": 270 }
			}
		},
		{
			"__comment": "Box4",
			"from": [ 10.6355, 7.8921, -10.9776 ],
			"to": [ 10.93783, 8.364491, -9.8976 ],
			"rotation": { "origin": [ 10.5, 13.5, 1.875 ], "axis": "x", "angle": 22.5 },
			"faces": {
				"down": { "uv": [ 10, 14, 9, 13 ], "texture": "#nagaspear" },
				"up": { "uv": [ 9, 12, 10, 13 ], "texture": "#nagaspear" },
				"north": { "uv": [ 16, 15, 15, 14 ], "texture": "#nagaspear" },
				"south": { "uv": [ 14, 14, 15, 15 ], "texture": "#nagaspear" },
				"west": { "uv": [ 9, 11, 10, 12 ], "texture": "#nagaspear", "rotation": 90 },
				"east": { "uv": [ 9, 10, 10, 11 ], "texture": "#nagaspear", "rotation": 270 }
			}
		},
		{
			"__comment": "Box4",
			"from": [ 10.6354, 7.6855, -11.4765 ],
			"to": [ 10.93773, 8.15789, -10.3965 ],
			"rotation": { "origin": [ 10.5, 13.5, 1.875 ], "axis": "x", "angle": 22.5 },
			"faces": {
				"down": { "uv": [ 11, 14, 10, 13 ], "texture": "#nagaspear" },
				"up": { "uv": [ 11, 13, 12, 14 ], "texture": "#nagaspear" },
				"north": { "uv": [ 10, 9, 9, 8 ], "texture": "#nagaspear" },
				"south": { "uv": [ 9, 9, 10, 10 ], "texture": "#nagaspear" },
				"west": { "uv": [ 12, 13, 13, 14 ], "texture": "#nagaspear", "rotation": 90 },
				"east": { "uv": [ 13, 13, 14, 14 ], "texture": "#nagaspear", "rotation": 270 }
			}
		}
	],
	"display": {
		"thirdperson_righthand": {
			"rotation":  [ 10, 0, 0 ],
			"translation":  [ 0.0026, -1.366, -2.086 ]
		},
		"thirdperson_lefthand": {
			"rotation":  [ 10, 0, 0 ],
			"translation":  [ 0.0026, -1.366, -2.086 ]
		},
		"firstperson_righthand": {
			"rotation":  [ 0, -7, 0 ],
			"translation":  [ -5.565, -12.52, 0 ],
			"scale":  [ 1.2695, 2, 1.9304 ]
		},
		"firstperson_lefthand": {
			"rotation":  [ 0, -9, 0 ],
			"translation":  [ -3.478, -13.21, 0 ],
			"scale":  [ 1.4086, 2, 2 ]
		},
		"gui": {
			"rotation":  [ 0, 172, 0 ],
			"translation":  [ 0.6956, -0.691, 0 ],
			"scale":  [ 0.8, 0.8, 0.8 ]
		},
		"head": {
			"translation":  [ -2.086, -9.042, -9.739 ],
			"scale":  [ 4, 4, 4 ]
		},
		"ground": {
			"rotation":  [ 90, 90, 0 ],
			"translation":  [ -1.39, 0, -0.69 ],
			"scale":  [ 0.5, 0.5, 0.5 ]
		},
		"fixed": {
			"rotation":  [ -90, 0, 0 ],
			"translation":  [ -2.086, -18.07, -34.08 ],
			"scale":  [ 4, 4, 4 ]
		}
	}
}