{
	"__comment": "Designed by Sefreneth with Cubik Studio - https://cubik.studio",
	"textures": {
		"nagaspellsinger": "item/nagaspellsinger",
		"nagaspear": "item/nagaspear"
	},
	"elements": [ 	 
		{
			"__comment": "Box1",
			"from": [ 9.9432, -0.7697, 22.5235 ],
			"to": [ 10.74692, 0.3019299, 24.66676 ],
			"rotation": { "origin": [ 11.943, 0.8404, 19.0641 ], "axis": "y", "angle": -45 },
			"faces": {
				"down": { "uv": [ 8, 8.5, 8.5, 9.5 ], "texture": "#nagaspellsinger" },
				"up": { "uv": [ 12, 8.5, 12.5, 9.5 ], "texture": "#nagaspellsinger" },
				"north": { "uv": [ 6.5, 0, 7, 0.5 ], "texture": "#nagaspellsinger" },
				"south": { "uv": [ 12.5, 8.5625, 13, 9.0625 ], "texture": "#nagaspellsinger" },
				"west": { "uv": [ 13.5, 9.5, 14.5, 10 ], "texture": "#nagaspellsinger", "rotation": 270 },
				"east": { "uv": [ 13.5, 10, 14.5, 9.5 ], "texture": "#nagaspellsinger", "rotation": 270 }
			}
		},
		{
			"__comment": "Box1",
			"from": [ 6.1721, 11.2402, 9.6756 ],
			"to": [ 9.6721, 11.7402, 11.6756 ],
			"rotation": { "origin": [ 6.090801, 3.716949, 8.224745 ], "axis": "x", "angle": -22.5 },
			"faces": {
				"down": { "uv": [ 2, 9, 3.5, 10.5 ], "texture": "#nagaspellsinger" },
				"up": { "uv": [ 2, 7.5, 3.5, 9 ], "texture": "#nagaspellsinger" },
				"north": { "uv": [ 6.5, 9.5, 8, 10 ], "texture": "#nagaspellsinger" },
				"south": { "uv": [ 14.5, 10, 16, 10.5 ], "texture": "#nagaspellsinger" },
				"west": { "uv": [ 8, 9.5, 9.5, 10 ], "texture": "#nagaspellsinger" },
				"east": { "uv": [ 14.5, 10.5, 16, 11 ], "texture": "#nagaspellsinger" }
			}
		},
		{
			"__comment": "Box1",
			"from": [ 6.3069, 5.7932, 9.8544 ],
			"to": [ 9.8069, 9.2932, 11.8544 ],
			"rotation": { "origin": [ 6.090801, 3.716949, 8.224745 ], "axis": "x", "angle": -22.5 },
			"faces": {
				"down": { "uv": [ 3.5, 5, 4.5, 6.5 ], "texture": "#nagaspellsinger" },
				"up": { "uv": [ 11, 11, 12.5, 12 ], "texture": "#nagaspellsinger" },
				"north": { "uv": [ 2, 3, 3.5, 4.5 ], "texture": "#nagaspellsinger" },
				"south": { "uv": [ 2, 1.5, 3.5, 3 ], "texture": "#nagaspellsinger" },
				"west": { "uv": [ 3.5, 8, 4.5, 9.5 ], "texture": "#nagaspellsinger" },
				"east": { "uv": [ 4.5, 8, 3.5, 9.5 ], "texture": "#nagaspellsinger" }
			}
		},
		{
			"__comment": "Box1",
			"from": [ 6.5909, 3.717, 8.2247 ],
			"to": [ 10.5909, 7.717, 11.2247 ],
			"faces": {
				"down": { "uv": [ 2, 0, 3.5, 1.5 ], "texture": "#nagaspellsinger" },
				"up": { "uv": [ 2, 10.5, 3.5, 12 ], "texture": "#nagaspellsinger" },
				"north": { "uv": [ 13, 12, 14.5, 14 ], "texture": "#nagaspellsinger" },
				"south": { "uv": [ 11.5, 12, 13, 14 ], "texture": "#nagaspellsinger" },
				"west": { "uv": [ 10, 12, 11.5, 14 ], "texture": "#nagaspellsinger" },
				"east": { "uv": [ 11.5, 12, 10, 14 ], "texture": "#nagaspellsinger" }
			}
		},
		{
			"__comment": "Box1",
			"from": [ 7.0998, 1.0379, 8.3587 ],
			"to": [ 10.04678, 3.984882, 11.57359 ],
			"faces": {
				"down": { "uv": [ 3.5, 6.5, 4.5, 8 ], "texture": "#nagaspellsinger" },
				"up": { "uv": [ 3.5, 5, 4.5, 6.5 ], "texture": "#nagaspellsinger" },
				"north": { "uv": [ 11.5, 10, 12.5, 11 ], "texture": "#nagaspellsinger" },
				"south": { "uv": [ 10.5, 10, 11.5, 11 ], "texture": "#nagaspellsinger" },
				"west": { "uv": [ 5, 11, 6.5, 12 ], "texture": "#nagaspellsinger" },
				"east": { "uv": [ 6.5, 11, 5, 12 ], "texture": "#nagaspellsinger" }
			}
		},
		{
			"__comment": "Box1",
			"from": [ 6.7337, -0.9044999, 10.6359 ],
			"to": [ 9.412775, 2.042482, 13.58288 ],
			"rotation": { "origin": [ 6.733709, -0.9044545, 10.63591 ], "axis": "x", "angle": -45 },
			"faces": {
				"down": { "uv": [ 12.5, 10, 13.5, 11 ], "texture": "#nagaspellsinger" },
				"up": { "uv": [ 13.5, 10, 14.5, 11 ], "texture": "#nagaspellsinger" },
				"north": { "uv": [ 12.5, 11, 13.5, 12 ], "texture": "#nagaspellsinger" },
				"south": { "uv": [ 13.5, 11, 14.5, 12 ], "texture": "#nagaspellsinger" },
				"west": { "uv": [ 14.5, 11, 15.5, 12 ], "texture": "#nagaspellsinger" },
				"east": { "uv": [ 15.5, 11, 14.5, 12 ], "texture": "#nagaspellsinger" }
			}
		},
		{
			"__comment": "Box1",
			"from": [ 6.8677, -0.8366, 10.9038 ],
			"to": [ 9.278866, 1.842475, 13.58288 ],
			"faces": {
				"down": { "uv": [ 3.5, 1.5, 4.5, 2.5 ], "texture": "#nagaspellsinger" },
				"up": { "uv": [ 3.5, 0.5, 4.5, 1.5 ], "texture": "#nagaspellsinger" },
				"north": { "uv": [ 4.5, 10, 5.5, 11 ], "texture": "#nagaspellsinger" },
				"south": { "uv": [ 4.5, 9, 5.5, 10 ], "texture": "#nagaspellsinger" },
				"west": { "uv": [ 4.5, 8, 5.5, 9 ], "texture": "#nagaspellsinger", "rotation": 270 },
				"east": { "uv": [ 4.5, 9, 5.5, 8 ], "texture": "#nagaspellsinger", "rotation": 270 }
			}
		},
		{
			"__comment": "Box1",
			"from": [ 7.1453, -0.8374, 12.859 ],
			"to": [ 9.28856, 1.573767, 15.00226 ],
			"rotation": { "origin": [ 7.1453, -0.8374, 12.859 ], "axis": "y", "angle": -22.5 },
			"faces": {
				"down": { "uv": [ 4.5, 6, 5.5, 7 ], "texture": "#nagaspellsinger" },
				"up": { "uv": [ 4.5, 5, 5.5, 6 ], "texture": "#nagaspellsinger" },
				"north": { "uv": [ 4.5, 4, 5.5, 5 ], "texture": "#nagaspellsinger" },
				"south": { "uv": [ 4.5, 3, 5.5, 4 ], "texture": "#nagaspellsinger" },
				"west": { "uv": [ 4.5, 2, 5.5, 3 ], "texture": "#nagaspellsinger", "rotation": 270 },
				"east": { "uv": [ 4.5, 3, 5.5, 2 ], "texture": "#nagaspellsinger", "rotation": 270 }
			}
		},
		{
			"__comment": "Box1",
			"from": [ 6.7655, -0.7697, 16.7143 ],
			"to": [ 8.105038, 0.8377448, 18.85756 ],
			"rotation": { "origin": [ 7.443, 0.8404, 16.9391 ], "axis": "y", "angle": 22.5 },
			"faces": {
				"down": { "uv": [ 7.5, 8.5, 8, 9.5 ], "texture": "#nagaspellsinger" },
				"up": { "uv": [ 7, 8.5, 7.5, 9.5 ], "texture": "#nagaspellsinger" },
				"north": { "uv": [ 15.5, 8, 16, 8.5 ], "texture": "#nagaspellsinger" },
				"south": { "uv": [ 7.5, 3.5, 8, 4 ], "texture": "#nagaspellsinger" },
				"west": { "uv": [ 11.5, 9.5, 12.5, 10 ], "texture": "#nagaspellsinger", "rotation": 270 },
				"east": { "uv": [ 11.5, 10, 12.5, 9.5 ], "texture": "#nagaspellsinger", "rotation": 270 }
			}
		},
		{
			"__comment": "Box1",
			"from": [ 7.5944, -0.7705, 18.4456 ],
			"to": [ 8.66603, 0.5690375, 20.58886 ],
			"faces": {
				"down": { "uv": [ 6.5, 1.5, 7, 2.5 ], "texture": "#nagaspellsinger" },
				"up": { "uv": [ 6, 0, 6.5, 1 ], "texture": "#nagaspellsinger" },
				"north": { "uv": [ 10.5, 7.5, 11, 8 ], "texture": "#nagaspellsinger" },
				"south": { "uv": [ 11, 7.5, 11.5, 8 ], "texture": "#nagaspellsinger" },
				"west": { "uv": [ 10, 9, 11, 9.5 ], "texture": "#nagaspellsinger", "rotation": 270 },
				"east": { "uv": [ 10, 9.5, 11, 9 ], "texture": "#nagaspellsinger", "rotation": 270 }
			}
		},
		{
			"__comment": "Box1",
			"from": [ 6.4785, -0.7705, 14.8252 ],
			"to": [ 8.085945, 1.104852, 16.96846 ],
			"rotation": { "origin": [ 6.1453, -0.8374, 12.984 ], "axis": "y", "angle": 0 },
			"faces": {
				"down": { "uv": [ 9, 8.5, 9.5, 9.5 ], "texture": "#nagaspellsinger" },
				"up": { "uv": [ 11, 8.5, 11.5, 9.5 ], "texture": "#nagaspellsinger" },
				"north": { "uv": [ 11.5, 7.5, 12, 8 ], "texture": "#nagaspellsinger" },
				"south": { "uv": [ 12, 7.5, 12.5, 8 ], "texture": "#nagaspellsinger" },
				"west": { "uv": [ 10, 8.5, 11, 9 ], "texture": "#nagaspellsinger", "rotation": 270 },
				"east": { "uv": [ 10, 9, 11, 8.5 ], "texture": "#nagaspellsinger", "rotation": 270 }
			}
		},
		{
			"__comment": "Box1",
			"from": [ 7.248, 12.1212, 6.7947 ],
			"to": [ 8.598, 13.6212, 8.144699 ],
			"faces": {
				"down": { "uv": [ 12.5, 7.5, 13, 8 ], "texture": "#nagaspellsinger" },
				"up": { "uv": [ 13, 7.5, 13.5, 8 ], "texture": "#nagaspellsinger" },
				"north": { "uv": [ 4.5, 0, 5.5, 1 ], "texture": "#nagaspellsinger" },
				"south": { "uv": [ 13.5, 7.5, 14, 8 ], "texture": "#nagaspellsinger" },
				"west": { "uv": [ 14, 7.5, 14.5, 8 ], "texture": "#nagaspellsinger", "rotation": 180 },
				"east": { "uv": [ 14.5, 7.5, 14, 8 ], "texture": "#nagaspellsinger", "rotation": 180 }
			}
		},
		{
			"__comment": "Box17",
			"from": [ 9.6893, 11.9125, 13.2694 ],
			"to": [ 11.04305, 14.9125, 14.62315 ],
			"rotation": { "origin": [ 6.090801, 6.341949, 14.09974 ], "axis": "x", "angle": -45 },
			"faces": {
				"down": { "uv": [ 15, 7.5, 15.5, 8 ], "texture": "#nagaspellsinger" },
				"up": { "uv": [ 15.5, 7.5, 16, 8 ], "texture": "#nagaspellsinger" },
				"north": { "uv": [ 5.5, 7, 6, 8.5 ], "texture": "#nagaspellsinger" },
				"south": { "uv": [ 5.5, 7, 6, 8.5 ], "texture": "#nagaspellsinger" },
				"west": { "uv": [ 5.5, 7, 6, 8.5 ], "texture": "#nagaspellsinger" },
				"east": { "uv": [ 5.5, 7, 6, 8.5 ], "texture": "#nagaspellsinger" }
			}
		},
		{
			"__comment": "Box17",
			"from": [ 9.8047, 7.7157, 11.2936 ],
			"to": [ 10.9072, 8.7157, 12.3961 ],
			"rotation": { "origin": [ 6.090801, 6.341949, 14.09974 ], "axis": "x", "angle": -22.5 },
			"faces": {
				"down": { "uv": [ 9, 6.5, 8.5, 7 ], "texture": "#nagaspellsinger" },
				"up": { "uv": [ 8, 6.5, 8.5, 7 ], "texture": "#nagaspellsinger" },
				"north": { "uv": [ 8.5, 4.5, 8, 5 ], "texture": "#nagaspellsinger" },
				"south": { "uv": [ 8, 4.5, 8.5, 5 ], "texture": "#nagaspellsinger" },
				"west": { "uv": [ 8, 1, 8.5, 1.5 ], "texture": "#nagaspellsinger" },
				"east": { "uv": [ 8, 3.5, 8.5, 4 ], "texture": "#nagaspellsinger" }
			}
		},
		{
			"__comment": "Box17",
			"from": [ 9.8047, 8.6802, 11.2936 ],
			"to": [ 10.8047, 11.6802, 12.2936 ],
			"rotation": { "origin": [ 6.090801, 6.341949, 14.09974 ], "axis": "x", "angle": -22.5 },
			"faces": {
				"down": { "uv": [ 8, 0, 8.5, 0.5 ], "texture": "#nagaspellsinger" },
				"up": { "uv": [ 9.5, 7, 10, 7.5 ], "texture": "#nagaspellsinger" },
				"north": { "uv": [ 6, 8.5, 6.5, 10 ], "texture": "#nagaspellsinger" },
				"south": { "uv": [ 6, 8.5, 6.5, 10 ], "texture": "#nagaspellsinger" },
				"west": { "uv": [ 6, 8.5, 6.5, 10 ], "texture": "#nagaspellsinger" },
				"east": { "uv": [ 6, 8.5, 6.5, 10 ], "texture": "#nagaspellsinger" }
			}
		},
		{
			"__comment": "PlaneX29",
			"from": [ 9.4887, 4.8766, 11.4844 ],
			"to": [ 9.489551, 11.84219, 15.50301 ],
			"rotation": { "origin": [ 6.090801, 3.716949, 8.224745 ], "axis": "x", "angle": -22.5 },
			"faces": {
				"west": { "uv": [ 0, 2, 2, 5 ], "texture": "#nagaspellsinger", "rotation": 180 },
				"east": { "uv": [ 2, 2, 0, 5 ], "texture": "#nagaspellsinger", "rotation": 180 }
			}
		},
		{
			"__comment": "PlaneX29",
			"from": [ 9.1578, 8.6047, 3.668 ],
			"to": [ 13.1578, 12.6047, 3.669 ],
			"rotation": { "origin": [ 6.090801, 3.716949, 4.599745 ], "axis": "x", "angle": 22.5 },
			"faces": {
				"north": { "uv": [ 13, 14, 11, 16 ], "texture": "#nagaspellsinger", "rotation": 180 },
				"south": { "uv": [ 11, 14, 13, 16 ], "texture": "#nagaspellsinger", "rotation": 180 }
			}
		},
		{
			"__comment": "PlaneX29",
			"from": [ 10.3776, 0.3046, 22.7402 ],
			"to": [ 10.37845, 2.179952, 24.61555 ],
			"rotation": { "origin": [ 11.943, 0.8404, 19.0641 ], "axis": "y", "angle": -45 },
			"faces": {
				"west": { "uv": [ 9, 14.5, 10, 15.5 ], "texture": "#nagaspellsinger", "rotation": 270 },
				"east": { "uv": [ 9, 15.5, 10, 14.5 ], "texture": "#nagaspellsinger", "rotation": 270 }
			}
		},
		{
			"__comment": "PlaneX29",
			"from": [ 8.0732, 1.5771, 11.8875 ],
			"to": [ 8.074051, 3.452452, 13.49494 ],
			"faces": {
				"west": { "uv": [ 13, 14, 14, 15 ], "texture": "#nagaspellsinger", "rotation": 90 },
				"east": { "uv": [ 13, 15, 14, 14 ], "texture": "#nagaspellsinger", "rotation": 90 }
			}
		},
		{
			"__comment": "PlaneX29",
			"from": [ 8.2099, 1.5763, 13.1884 ],
			"to": [ 8.210751, 3.451652, 15.06375 ],
			"rotation": { "origin": [ 7.1453, -0.8374, 12.859 ], "axis": "y", "angle": -22.5 },
			"faces": {
				"west": { "uv": [ 13, 14, 14, 15 ], "texture": "#nagaspellsinger", "rotation": 90 },
				"east": { "uv": [ 13, 15, 14, 14 ], "texture": "#nagaspellsinger", "rotation": 90 }
			}
		},
		{
			"__comment": "PlaneX29",
			"from": [ 7.443, 0.8404, 16.9391 ],
			"to": [ 7.443851, 2.715752, 18.81445 ],
			"rotation": { "origin": [ 7.443, 0.8404, 16.9391 ], "axis": "y", "angle": 22.5 },
			"faces": {
				"west": { "uv": [ 13, 14, 14, 15 ], "texture": "#nagaspellsinger", "rotation": 90 },
				"east": { "uv": [ 13, 15, 14, 14 ], "texture": "#nagaspellsinger", "rotation": 90 }
			}
		},
		{
			"__comment": "PlaneX29",
			"from": [ 8.1402, 0.4377, 18.758 ],
			"to": [ 8.14105, 2.313052, 20.63335 ],
			"faces": {
				"west": { "uv": [ 14, 14, 15, 15 ], "texture": "#nagaspellsinger", "rotation": 270 },
				"east": { "uv": [ 14, 15, 15, 14 ], "texture": "#nagaspellsinger", "rotation": 270 }
			}
		},
		{
			"__comment": "PlaneX29",
			"from": [ 7.31, 1.1075, 15.1413 ],
			"to": [ 7.310851, 2.982852, 17.01665 ],
			"rotation": { "origin": [ 6.1453, -0.8374, 12.984 ], "axis": "y", "angle": 0 },
			"faces": {
				"west": { "uv": [ 13, 14, 14, 15 ], "texture": "#nagaspellsinger", "rotation": 90 },
				"east": { "uv": [ 13, 15, 14, 14 ], "texture": "#nagaspellsinger", "rotation": 90 }
			}
		},
		{
			"__comment": "PlaneX29",
			"from": [ 10.1753, 8.7519, 12.213 ],
			"to": [ 10.1763, 11.2519, 13.713 ],
			"rotation": { "origin": [ 6.090801, 6.341949, 14.09974 ], "axis": "x", "angle": -22.5 },
			"faces": {
				"west": { "uv": [ 9.5, 8.5, 10, 9.5 ], "texture": "#nagaspellsinger", "rotation": 180 },
				"east": { "uv": [ 10, 8.5, 9.5, 9.5 ], "texture": "#nagaspellsinger", "rotation": 180 }
			}
		},
		{
			"__comment": "Box1",
			"from": [ 7.2127, 13.3974, 6.19 ],
			"to": [ 8.7127, 13.8974, 8.190001 ],
			"faces": {
				"down": { "uv": [ 5.5, 0, 6, 1 ], "texture": "#nagaspellsinger" },
				"up": { "uv": [ 6.5, 0.5, 7, 1.5 ], "texture": "#nagaspellsinger", "rotation": 90 },
				"north": { "uv": [ 12.5, 9.0625, 13.5, 9.5 ], "texture": "#nagaspellsinger", "rotation": 180 },
				"south": { "uv": [ 15.5, 9.5, 16, 10 ], "texture": "#nagaspellsinger" },
				"west": { "uv": [ 9.5, 9.5, 10.5, 10 ], "texture": "#nagaspellsinger" },
				"east": { "uv": [ 10.5, 9.5, 9.5, 10 ], "texture": "#nagaspellsinger" }
			}
		},
		{
			"__comment": "Box1",
			"from": [ 8.4182, 9.6539, 8.889999 ],
			"to": [ 9.46364, 10.9607, 9.61 ],
			"rotation": { "origin": [ 6.090801, 3.716949, 8.224745 ], "axis": "x", "angle": -22.5 },
			"faces": {
				"down": { "uv": [ 7, 5, 7.5, 4.5 ], "texture": "#nagaspellsinger", "rotation": 270 },
				"up": { "uv": [ 7, 4.5, 7.5, 4 ], "texture": "#nagaspellsinger", "rotation": 90 },
				"north": { "uv": [ 7.5, 3.5, 7, 4 ], "texture": "#nagaspellsinger" },
				"south": { "uv": [ 14, 9, 14.5, 9.5 ], "texture": "#nagaspellsinger" },
				"west": { "uv": [ 7.5, 2, 7, 2.5 ], "texture": "#nagaspellsinger" },
				"east": { "uv": [ 7.5, 2.5, 7, 3 ], "texture": "#nagaspellsinger" }
			}
		},
		{
			"__comment": "Box1",
			"from": [ 8.200399, 9.545, 9.165999 ],
			"to": [ 9.76856, 11.2874, 10.03 ],
			"rotation": { "origin": [ 6.090801, 3.716949, 8.224745 ], "axis": "x", "angle": -22.5 },
			"faces": {
				"down": { "uv": [ 7, 1.5, 7.5, 2 ], "texture": "#nagaspellsinger", "rotation": 270 },
				"up": { "uv": [ 7, 1.5, 7.5, 1 ], "texture": "#nagaspellsinger", "rotation": 90 },
				"north": { "uv": [ 7.5, 0.5, 7, 1 ], "texture": "#nagaspellsinger" },
				"south": { "uv": [ 15, 8.5, 15.5, 9 ], "texture": "#nagaspellsinger" },
				"west": { "uv": [ 8.5, 8, 8, 8.5 ], "texture": "#nagaspellsinger" },
				"east": { "uv": [ 8, 8, 7.5, 8.5 ], "texture": "#nagaspellsinger" }
			}
		},
		{
			"__comment": "Box1",
			"from": [ 8.2951, 9.3272, 9.58 ],
			"to": [ 9.6019, 9.7628, 9.940001 ],
			"rotation": { "origin": [ 6.090801, 3.716949, 8.224745 ], "axis": "x", "angle": -22.5 },
			"faces": {
				"down": { "uv": [ 8.5, 8, 9, 8.5 ], "texture": "#nagaspellsinger", "rotation": 270 },
				"up": { "uv": [ 7, 7, 7.5, 7.5 ], "texture": "#nagaspellsinger", "rotation": 90 },
				"north": { "uv": [ 9.5, 8, 10, 8.5 ], "texture": "#nagaspellsinger" },
				"south": { "uv": [ 7, 6, 7.5, 6.5 ], "texture": "#nagaspellsinger" },
				"west": { "uv": [ 7, 5.5, 7.5, 6 ], "texture": "#nagaspellsinger" },
				"east": { "uv": [ 7, 5, 7.5, 5.5 ], "texture": "#nagaspellsinger" }
			}
		},
		{
			"__comment": "Box1",
			"from": [ 6.5285, 9.6539, 8.889999 ],
			"to": [ 7.573937, 10.9607, 9.61 ],
			"rotation": { "origin": [ 6.090801, 3.716949, 8.224745 ], "axis": "x", "angle": -22.5 },
			"faces": {
				"down": { "uv": [ 7, 4.5, 7.5, 5 ], "texture": "#nagaspellsinger", "rotation": 270 },
				"up": { "uv": [ 7, 4, 7.5, 4.5 ], "texture": "#nagaspellsinger", "rotation": 90 },
				"north": { "uv": [ 7, 3.5, 7.5, 4 ], "texture": "#nagaspellsinger" },
				"south": { "uv": [ 7, 3, 7.5, 3.5 ], "texture": "#nagaspellsinger" },
				"west": { "uv": [ 7, 2.5, 7.5, 3 ], "texture": "#nagaspellsinger" },
				"east": { "uv": [ 7, 2, 7.5, 2.5 ], "texture": "#nagaspellsinger" }
			}
		},
		{
			"__comment": "Box1",
			"from": [ 6.18, 9.545, 9.165999 ],
			"to": [ 7.748159, 11.2874, 10.03 ],
			"rotation": { "origin": [ 6.090801, 3.716949, 8.224745 ], "axis": "x", "angle": -22.5 },
			"faces": {
				"down": { "uv": [ 7, 1.5, 7.5, 2 ], "texture": "#nagaspellsinger", "rotation": 270 },
				"up": { "uv": [ 7, 1, 7.5, 1.5 ], "texture": "#nagaspellsinger", "rotation": 90 },
				"north": { "uv": [ 7, 0.5, 7.5, 1 ], "texture": "#nagaspellsinger" },
				"south": { "uv": [ 7, 0, 7.5, 0.5 ], "texture": "#nagaspellsinger" },
				"west": { "uv": [ 7.5, 8, 8, 8.5 ], "texture": "#nagaspellsinger" },
				"east": { "uv": [ 8, 8, 8.5, 8.5 ], "texture": "#nagaspellsinger" }
			}
		},
		{
			"__comment": "Box1",
			"from": [ 6.3455, 9.3272, 9.58 ],
			"to": [ 7.652299, 9.7628, 9.940001 ],
			"rotation": { "origin": [ 6.090801, 3.716949, 8.224745 ], "axis": "x", "angle": -22.5 },
			"faces": {
				"down": { "uv": [ 8.5, 8, 9, 8.5 ], "texture": "#nagaspellsinger", "rotation": 270 },
				"up": { "uv": [ 9, 8, 9.5, 8.5 ], "texture": "#nagaspellsinger", "rotation": 90 },
				"north": { "uv": [ 9.5, 8, 10, 8.5 ], "texture": "#nagaspellsinger" },
				"south": { "uv": [ 10, 8, 10.5, 8.5 ], "texture": "#nagaspellsinger" },
				"west": { "uv": [ 10.5, 8, 11, 8.5 ], "texture": "#nagaspellsinger" },
				"east": { "uv": [ 11, 8, 11.5, 8.5 ], "texture": "#nagaspellsinger" }
			}
		},
		{
			"__comment": "Box1",
			"from": [ 8.1371, 12.0324, -1.5687 ],
			"to": [ 8.300074, 12.20705, -1.39405 ],
			"rotation": { "origin": [ 6.090801, 3.716949, 4.599745 ], "axis": "x", "angle": 45 },
			"faces": {
				"down": { "uv": [ 13, 8.5, 12.5, 8 ], "texture": "#nagaspellsinger", "rotation": 90 },
				"up": { "uv": [ 13, 8, 13.5, 8.5 ], "texture": "#nagaspellsinger", "rotation": 270 },
				"north": { "uv": [ 12.5, 8.5, 12, 8 ], "texture": "#nagaspellsinger", "rotation": 270 },
				"south": { "uv": [ 11.5, 8, 12, 8.5 ], "texture": "#nagaspellsinger", "rotation": 90 },
				"west": { "uv": [ 13.5, 8, 14, 8.5 ], "texture": "#nagaspellsinger", "rotation": 270 },
				"east": { "uv": [ 14, 8, 14.5, 8.5 ], "texture": "#nagaspellsinger", "rotation": 90 }
			}
		},
		{
			"__comment": "Box1",
			"from": [ 7.7498, 14.1078, 1.6953 ],
			"to": [ 8.137919, 15.54528, 2.083421 ],
			"rotation": { "origin": [ 6.090801, 3.716949, 4.599745 ], "axis": "x", "angle": 22.5 },
			"faces": {
				"down": { "uv": [ 14.5, 8, 15, 8.5 ], "texture": "#nagaspellsinger", "rotation": 90 },
				"up": { "uv": [ 15, 8, 15.5, 8.5 ], "texture": "#nagaspellsinger", "rotation": 270 },
				"north": { "uv": [ 6.5, 2.5, 7, 3.5 ], "texture": "#nagaspellsinger" },
				"south": { "uv": [ 7.5, 7.5, 8, 8 ], "texture": "#nagaspellsinger", "rotation": 270 },
				"west": { "uv": [ 7.5, 7, 8, 7.5 ], "texture": "#nagaspellsinger" },
				"east": { "uv": [ 7.5, 6.5, 8, 7 ], "texture": "#nagaspellsinger" }
			}
		},
		{
			"__comment": "Box1",
			"from": [ 7.6817, 12.0298, -1.6331 ],
			"to": [ 8.184703, 12.20445, -1.45845 ],
			"rotation": { "origin": [ 6.090801, 3.716949, 4.599745 ], "axis": "x", "angle": 45 },
			"faces": {
				"down": { "uv": [ 8, 5.5, 7.5, 5 ], "texture": "#nagaspellsinger", "rotation": 180 },
				"up": { "uv": [ 7.5, 4.5, 8, 5 ], "texture": "#nagaspellsinger", "rotation": 270 },
				"north": { "uv": [ 8, 6, 7.5, 5.5 ], "texture": "#nagaspellsinger" },
				"south": { "uv": [ 7.5, 6, 8, 6.5 ], "texture": "#nagaspellsinger", "rotation": 90 },
				"west": { "uv": [ 7.5, 4, 8, 4.5 ], "texture": "#nagaspellsinger", "rotation": 270 },
				"east": { "uv": [ 8, 5.5, 8.5, 6 ], "texture": "#nagaspellsinger", "rotation": 90 }
			}
		},
		{
			"__comment": "Box1",
			"from": [ 7.7335, 12.294, 9.878099 ],
			"to": [ 8.140932, 12.46865, 10.05275 ],
			"rotation": { "origin": [ 6.090801, 3.716949, 4.599745 ], "axis": "x", "angle": -22.5 },
			"faces": {
				"down": { "uv": [ 7.5, 3, 8, 3.5 ], "texture": "#nagaspellsinger", "rotation": 90 },
				"up": { "uv": [ 7.5, 2.5, 8, 3 ], "texture": "#nagaspellsinger", "rotation": 270 },
				"north": { "uv": [ 7.5, 2, 8, 2.5 ], "texture": "#nagaspellsinger", "rotation": 180 },
				"south": { "uv": [ 7.5, 1.5, 8, 2 ], "texture": "#nagaspellsinger", "rotation": 270 },
				"west": { "uv": [ 7.5, 1, 8, 1.5 ], "texture": "#nagaspellsinger" },
				"east": { "uv": [ 7.5, 0.5, 8, 1 ], "texture": "#nagaspellsinger" }
			}
		},
		{
			"__comment": "Box1",
			"from": [ 7.5748, 12.0324, -1.5687 ],
			"to": [ 7.737774, 12.20705, -1.39405 ],
			"rotation": { "origin": [ 6.090801, 3.716949, 4.599745 ], "axis": "x", "angle": 45 },
			"faces": {
				"down": { "uv": [ 9, 8, 8.5, 7.5 ], "texture": "#nagaspellsinger", "rotation": 90 },
				"up": { "uv": [ 9, 7.5, 9.5, 8 ], "texture": "#nagaspellsinger", "rotation": 270 },
				"north": { "uv": [ 8.5, 8, 8, 7.5 ], "texture": "#nagaspellsinger", "rotation": 270 },
				"south": { "uv": [ 7.5, 0, 8, 0.5 ], "texture": "#nagaspellsinger", "rotation": 90 },
				"west": { "uv": [ 9.5, 7.5, 10, 8 ], "texture": "#nagaspellsinger", "rotation": 270 },
				"east": { "uv": [ 10, 7.5, 10.5, 8 ], "texture": "#nagaspellsinger", "rotation": 90 }
			}
		},
		{
			"__comment": "Box1",
			"from": [ 6.8877, 13.8974, 6.19 ],
			"to": [ 9.043919, 16.22612, 8.34622 ],
			"faces": {
				"down": { "uv": [ 5.5, 10, 6.5, 11 ], "texture": "#nagaspellsinger", "rotation": 270 },
				"up": { "uv": [ 6.5, 10, 7.5, 11 ], "texture": "#nagaspellsinger", "rotation": 90 },
				"north": { "uv": [ 4, 12, 6, 14 ], "texture": "#nagaspellsinger" },
				"south": { "uv": [ 6.5, 10, 7.5, 11 ], "texture": "#nagaspellsinger", "rotation": 90 },
				"west": { "uv": [ 9.5, 10, 10.5, 11 ], "texture": "#nagaspellsinger" },
				"east": { "uv": [ 10.5, 10, 9.5, 11 ], "texture": "#nagaspellsinger" }
			}
		},
		{
			"__comment": "Box1",
			"from": [ 6.1711, 9.1152, 9.9256 ],
			"to": [ 9.671099, 12.1152, 11.9256 ],
			"rotation": { "origin": [ 6.090801, 3.716949, 8.224745 ], "axis": "x", "angle": -22.5 },
			"faces": {
				"down": { "uv": [ 3.5, 11, 5, 12 ], "texture": "#nagaspellsinger" },
				"up": { "uv": [ 9.5, 11, 11, 12 ], "texture": "#nagaspellsinger" },
				"north": { "uv": [ 2, 4.5, 3.5, 6 ], "texture": "#nagaspellsinger" },
				"south": { "uv": [ 2, 6, 3.5, 7.5 ], "texture": "#nagaspellsinger" },
				"west": { "uv": [ 3.5, 3.5, 4.5, 5 ], "texture": "#nagaspellsinger" },
				"east": { "uv": [ 4.5, 3.5, 3.5, 5 ], "texture": "#nagaspellsinger" }
			}
		},
		{
			"__comment": "PlaneX29",
			"from": [ 5.3003, 6.5052, 12.9697 ],
			"to": [ 5.3013, 9.005199, 14.4697 ],
			"rotation": { "origin": [ 6.090801, 3.716949, 8.224745 ], "axis": "x", "angle": -22.5 },
			"faces": {
				"west": { "uv": [ 9.5, 8.5, 10, 9.5 ], "texture": "#nagaspellsinger", "rotation": 180 },
				"east": { "uv": [ 10, 8.5, 9.5, 9.5 ], "texture": "#nagaspellsinger", "rotation": 180 }
			}
		},
		{
			"__comment": "Box17",
			"from": [ 4.9297, 5.4226, 11.9619 ],
			"to": [ 6.0322, 6.4226, 13.0644 ],
			"rotation": { "origin": [ 6.090801, 3.716949, 8.224745 ], "axis": "x", "angle": -22.5 },
			"faces": {
				"down": { "uv": [ 8.5, 6.5, 9, 7 ], "texture": "#nagaspellsinger" },
				"up": { "uv": [ 8, 5, 8.5, 5.5 ], "texture": "#nagaspellsinger" },
				"north": { "uv": [ 8, 4.5, 8.5, 5 ], "texture": "#nagaspellsinger" },
				"south": { "uv": [ 8.5, 4.5, 8, 5 ], "texture": "#nagaspellsinger" },
				"west": { "uv": [ 8, 3.5, 8.5, 4 ], "texture": "#nagaspellsinger" },
				"east": { "uv": [ 8, 3, 8.5, 3.5 ], "texture": "#nagaspellsinger" }
			}
		},
		{
			"__comment": "Box17",
			"from": [ 4.9297, 6.3871, 11.9619 ],
			"to": [ 5.9297, 9.3871, 12.9619 ],
			"rotation": { "origin": [ 6.090801, 3.716949, 8.224745 ], "axis": "x", "angle": -22.5 },
			"faces": {
				"down": { "uv": [ 8, 2.5, 8.5, 3 ], "texture": "#nagaspellsinger" },
				"up": { "uv": [ 8, 2, 8.5, 2.5 ], "texture": "#nagaspellsinger" },
				"north": { "uv": [ 6, 1, 6.5, 2.5 ], "texture": "#nagaspellsinger" },
				"south": { "uv": [ 6, 1, 6.5, 2.5 ], "texture": "#nagaspellsinger" },
				"west": { "uv": [ 6, 1, 6.5, 2.5 ], "texture": "#nagaspellsinger" },
				"east": { "uv": [ 6, 1, 6.5, 2.5 ], "texture": "#nagaspellsinger" }
			}
		},
		{
			"__comment": "Box17",
			"from": [ 4.8143, 9.0588, 1.8516 ],
			"to": [ 6.16805, 10.41255, 4.8516 ],
			"rotation": { "origin": [ 6.090801, 3.716949, 8.224745 ], "axis": "x", "angle": 45 },
			"faces": {
				"down": { "uv": [ 7, 6.5, 6.5, 5 ], "texture": "#nagaspellsinger" },
				"up": { "uv": [ 6.5, 5, 7, 6.5 ], "texture": "#nagaspellsinger" },
				"north": { "uv": [ 9.5, 7.5, 9, 7 ], "texture": "#nagaspellsinger" },
				"south": { "uv": [ 8.5, 7, 9, 7.5 ], "texture": "#nagaspellsinger" },
				"west": { "uv": [ 6.5, 5, 7, 6.5 ], "texture": "#nagaspellsinger", "rotation": 270 },
				"east": { "uv": [ 6.5, 5, 7, 6.5 ], "texture": "#nagaspellsinger", "rotation": 90 }
			}
		},
		{
			"__comment": "PlaneX29",
			"from": [ 8.5328, 12.2142, 7.1094 ],
			"to": [ 12.5328, 16.2142, 7.1104 ],
			"faces": {
				"north": { "uv": [ 10, 12, 8, 14 ], "texture": "#nagaspellsinger", "rotation": 180 },
				"south": { "uv": [ 8, 12, 10, 14 ], "texture": "#nagaspellsinger", "rotation": 180 }
			}
		},
		{
			"__comment": "PlaneX29",
			"from": [ 2.6578, 8.6047, 3.668 ],
			"to": [ 6.6578, 12.6047, 3.669 ],
			"rotation": { "origin": [ 6.090801, 3.716949, 4.599745 ], "axis": "x", "angle": 22.5 },
			"faces": {
				"north": { "uv": [ 11, 14, 13, 16 ], "texture": "#nagaspellsinger", "rotation": 180 },
				"south": { "uv": [ 13, 14, 11, 16 ], "texture": "#nagaspellsinger", "rotation": 180 }
			}
		},
		{
			"__comment": "PlaneX29",
			"from": [ 4.1578, 16.2141, 7.1095 ],
			"to": [ 11.6578, 20.2141, 7.1105 ],
			"faces": {
				"north": { "uv": [ 0, 14, 3.5, 16 ], "texture": "#nagaspellsinger", "rotation": 180 },
				"south": { "uv": [ 3.5, 14, 0, 16 ], "texture": "#nagaspellsinger", "rotation": 180 }
			}
		},
		{
			"__comment": "PlaneX29",
			"from": [ 3.2828, 12.2142, 7.1094 ],
			"to": [ 7.2828, 16.2142, 7.1104 ],
			"faces": {
				"north": { "uv": [ 8, 12, 10, 14 ], "texture": "#nagaspellsinger", "rotation": 180 },
				"south": { "uv": [ 10, 12, 8, 14 ], "texture": "#nagaspellsinger", "rotation": 180 }
			}
		},
		{
			"__comment": "PlaneX29",
			"from": [ 6.4078, 5.0892, 11.4844 ],
			"to": [ 6.408648, 12.05479, 15.50301 ],
			"rotation": { "origin": [ 6.090801, 3.716949, 8.224745 ], "axis": "x", "angle": -22.5 },
			"faces": {
				"west": { "uv": [ 0, 2, 2, 5 ], "texture": "#nagaspellsinger", "rotation": 180 },
				"east": { "uv": [ 2, 2, 0, 5 ], "texture": "#nagaspellsinger", "rotation": 180 }
			}
		},
		{
			"__comment": "Box1",
			"from": [ 10.125, 7.9742, 7.9863 ],
			"to": [ 10.71306, 8.56226, 17.98332 ],
			"rotation": { "origin": [ 6.090801, 6.341949, 14.09974 ], "axis": "x", "angle": -22.5 },
			"faces": {
				"down": { "uv": [ 1, 7.5, 0, 0 ], "texture": "#nagaspear" },
				"up": { "uv": [ 0, 0, 1, 7.5 ], "texture": "#nagaspear" },
				"north": { "uv": [ 1, 10, 0, 9 ], "texture": "#nagaspear" },
				"south": { "uv": [ 0, 10, 1, 11 ], "texture": "#nagaspear" },
				"west": { "uv": [ 0, 0, 1, 7.5 ], "texture": "#nagaspear", "rotation": 270 },
				"east": { "uv": [ 0, 0, 1, 7.5 ], "texture": "#nagaspear", "rotation": 90 }
			}
		},
		{
			"__comment": "Box1",
			"from": [ 9.9779, 7.8271, 17.8094 ],
			"to": [ 10.8779, 8.7271, 18.7094 ],
			"rotation": { "origin": [ 6.090801, 6.341949, 14.09974 ], "axis": "x", "angle": -22.5 },
			"faces": {
				"down": { "uv": [ 2.5, 1.5, 1, 0 ], "texture": "#nagaspear" },
				"up": { "uv": [ 1, 0, 2.5, 1.5 ], "texture": "#nagaspear" },
				"north": { "uv": [ 2.5, 1.5, 1, 0 ], "texture": "#nagaspear" },
				"south": { "uv": [ 1, 0, 2.5, 1.5 ], "texture": "#nagaspear" },
				"west": { "uv": [ 1, 0, 2.5, 1.5 ], "texture": "#nagaspear", "rotation": 270 },
				"east": { "uv": [ 1, 0, 2.5, 1.5 ], "texture": "#nagaspear", "rotation": 90 }
			}
		},
		{
			"__comment": "PlaneX23",
			"from": [ 10.4191, 4.5015, 8.12 ],
			"to": [ 10.4209, 8.1015, 10.82 ],
			"rotation": { "origin": [ 6.090801, 6.341949, 14.09974 ], "axis": "x", "angle": -22.5 },
			"faces": {
				"west": { "uv": [ 4, 2, 9, 7 ], "texture": "#nagaspear", "rotation": 270 },
				"east": { "uv": [ 9, 2, 4, 7 ], "texture": "#nagaspear", "rotation": 90 }
			}
		},
		{
			"__comment": "Box4",
			"from": [ 10.3023, 8.0912, 2.7222 ],
			"to": [ 10.54416, 8.39353, 3.8022 ],
			"rotation": { "origin": [ 6.090801, 6.341949, 14.09974 ], "axis": "x", "angle": -22.5 },
			"faces": {
				"down": { "uv": [ 5, 16, 4, 15 ], "texture": "#nagaspear" },
				"up": { "uv": [ 4, 14, 5, 15 ], "texture": "#nagaspear" },
				"north": { "uv": [ 4, 9, 3, 8 ], "texture": "#nagaspear" },
				"south": { "uv": [ 3, 9, 4, 10 ], "texture": "#nagaspear" },
				"west": { "uv": [ 4, 13, 5, 14 ], "texture": "#nagaspear", "rotation": 270 },
				"east": { "uv": [ 4, 12, 5, 13 ], "texture": "#nagaspear", "rotation": 90 }
			}
		},
		{
			"__comment": "Box4",
			"from": [ 10.1821, 7.5242, 6.3942 ],
			"to": [ 10.6429, 8.4242, 8.0142 ],
			"rotation": { "origin": [ 6.090801, 6.341949, 14.09974 ], "axis": "x", "angle": -22.5 },
			"faces": {
				"down": { "uv": [ 5, 10, 4, 9 ], "texture": "#nagaspear" },
				"up": { "uv": [ 4, 8, 5, 9 ], "texture": "#nagaspear" },
				"north": { "uv": [ 5, 11, 4, 10 ], "texture": "#nagaspear" },
				"south": { "uv": [ 4, 11, 5, 12 ], "texture": "#nagaspear" },
				"west": { "uv": [ 5, 15, 6, 16 ], "texture": "#nagaspear", "rotation": 270 },
				"east": { "uv": [ 5, 14, 6, 15 ], "texture": "#nagaspear", "rotation": 90 }
			}
		},
		{
			"__comment": "Box4",
			"from": [ 10.2605, 3.5636, 2.8175 ],
			"to": [ 10.56283, 3.980248, 3.897501 ],
			"faces": {
				"down": { "uv": [ 6, 12, 5, 11 ], "texture": "#nagaspear" },
				"up": { "uv": [ 5, 10, 6, 11 ], "texture": "#nagaspear" },
				"north": { "uv": [ 6, 13, 5, 12 ], "texture": "#nagaspear" },
				"south": { "uv": [ 5, 13, 6, 14 ], "texture": "#nagaspear" },
				"west": { "uv": [ 5, 9, 6, 10 ], "texture": "#nagaspear", "rotation": 90 },
				"east": { "uv": [ 5, 8, 6, 9 ], "texture": "#nagaspear", "rotation": 270 }
			}
		},
		{
			"__comment": "Box4",
			"from": [ 10.3019, 7.9112, 3.7591 ],
			"to": [ 10.54376, 8.383589, 5.314301 ],
			"rotation": { "origin": [ 6.090801, 6.341949, 14.09974 ], "axis": "x", "angle": -22.5 },
			"faces": {
				"down": { "uv": [ 7, 14, 6, 13 ], "texture": "#nagaspear" },
				"up": { "uv": [ 6, 12, 7, 13 ], "texture": "#nagaspear" },
				"north": { "uv": [ 7, 15, 6, 14 ], "texture": "#nagaspear" },
				"south": { "uv": [ 6, 15, 7, 16 ], "texture": "#nagaspear" },
				"west": { "uv": [ 6, 11, 7, 12 ], "texture": "#nagaspear", "rotation": 270 },
				"east": { "uv": [ 6, 10, 7, 11 ], "texture": "#nagaspear", "rotation": 90 }
			}
		},
		{
			"__comment": "Box4",
			"from": [ 10.2607, 7.7852, 5.3142 ],
			"to": [ 10.56303, 8.37569, 6.3942 ],
			"rotation": { "origin": [ 6.090801, 6.341949, 14.09974 ], "axis": "x", "angle": -22.5 },
			"faces": {
				"down": { "uv": [ 8, 16, 7, 15 ], "texture": "#nagaspear" },
				"up": { "uv": [ 7, 14, 8, 15 ], "texture": "#nagaspear" },
				"north": { "uv": [ 7, 9, 6, 8 ], "texture": "#nagaspear" },
				"south": { "uv": [ 6, 9, 7, 10 ], "texture": "#nagaspear" },
				"west": { "uv": [ 7, 13, 8, 14 ], "texture": "#nagaspear", "rotation": 270 },
				"east": { "uv": [ 7, 12, 8, 13 ], "texture": "#nagaspear", "rotation": 90 }
			}
		},
		{
			"__comment": "Box4",
			"from": [ 10.2605, 4.5971, 6.7732 ],
			"to": [ 10.56283, 5.187589, 7.8532 ],
			"faces": {
				"down": { "uv": [ 8, 10, 7, 9 ], "texture": "#nagaspear" },
				"up": { "uv": [ 7, 8, 8, 9 ], "texture": "#nagaspear" },
				"north": { "uv": [ 8, 11, 7, 10 ], "texture": "#nagaspear" },
				"south": { "uv": [ 7, 11, 8, 12 ], "texture": "#nagaspear" },
				"west": { "uv": [ 8, 15, 9, 16 ], "texture": "#nagaspear", "rotation": 90 },
				"east": { "uv": [ 9, 15, 10, 16 ], "texture": "#nagaspear", "rotation": 270 }
			}
		},
		{
			"__comment": "Box4",
			"from": [ 10.2604, 4.3903, 6.2743 ],
			"to": [ 10.56273, 4.980789, 7.3543 ],
			"faces": {
				"down": { "uv": [ 13, 16, 12, 15 ], "texture": "#nagaspear" },
				"up": { "uv": [ 13, 15, 14, 16 ], "texture": "#nagaspear" },
				"north": { "uv": [ 12, 16, 11, 15 ], "texture": "#nagaspear" },
				"south": { "uv": [ 10, 15, 11, 16 ], "texture": "#nagaspear" },
				"west": { "uv": [ 14, 15, 15, 16 ], "texture": "#nagaspear", "rotation": 90 },
				"east": { "uv": [ 15, 15, 16, 16 ], "texture": "#nagaspear", "rotation": 270 }
			}
		},
		{
			"__comment": "Box4",
			"from": [ 10.2605, 4.0803, 5.526 ],
			"to": [ 10.56283, 4.670789, 6.606 ],
			"faces": {
				"down": { "uv": [ 9, 13, 8, 12 ], "texture": "#nagaspear" },
				"up": { "uv": [ 8, 11, 9, 12 ], "texture": "#nagaspear" },
				"north": { "uv": [ 9, 14, 8, 13 ], "texture": "#nagaspear" },
				"south": { "uv": [ 8, 14, 9, 15 ], "texture": "#nagaspear" },
				"west": { "uv": [ 8, 10, 9, 11 ], "texture": "#nagaspear", "rotation": 90 },
				"east": { "uv": [ 8, 9, 9, 10 ], "texture": "#nagaspear", "rotation": 270 }
			}
		},
		{
			"__comment": "Box4",
			"from": [ 10.2604, 3.9682, 4.6956 ],
			"to": [ 10.56273, 4.440591, 5.7756 ],
			"faces": {
				"down": { "uv": [ 11, 15, 10, 14 ], "texture": "#nagaspear" },
				"up": { "uv": [ 11, 14, 12, 15 ], "texture": "#nagaspear" },
				"north": { "uv": [ 10, 15, 9, 14 ], "texture": "#nagaspear" },
				"south": { "uv": [ 8, 8, 9, 9 ], "texture": "#nagaspear" },
				"west": { "uv": [ 12, 14, 13, 15 ], "texture": "#nagaspear", "rotation": 90 },
				"east": { "uv": [ 13, 14, 14, 15 ], "texture": "#nagaspear", "rotation": 270 }
			}
		},
		{
			"__comment": "Box4",
			"from": [ 10.2605, 3.7283, 4.2105 ],
			"to": [ 10.56283, 4.200691, 5.2905 ],
			"faces": {
				"down": { "uv": [ 10, 14, 9, 13 ], "texture": "#nagaspear" },
				"up": { "uv": [ 9, 12, 10, 13 ], "texture": "#nagaspear" },
				"north": { "uv": [ 16, 15, 15, 14 ], "texture": "#nagaspear" },
				"south": { "uv": [ 14, 14, 15, 15 ], "texture": "#nagaspear" },
				"west": { "uv": [ 9, 11, 10, 12 ], "texture": "#nagaspear", "rotation": 90 },
				"east": { "uv": [ 9, 10, 10, 11 ], "texture": "#nagaspear", "rotation": 270 }
			}
		},
		{
			"__comment": "Box4",
			"from": [ 10.2604, 3.5217, 3.7116 ],
			"to": [ 10.56273, 3.994091, 4.7916 ],
			"faces": {
				"down": { "uv": [ 11, 14, 10, 13 ], "texture": "#nagaspear" },
				"up": { "uv": [ 11, 13, 12, 14 ], "texture": "#nagaspear" },
				"north": { "uv": [ 10, 9, 9, 8 ], "texture": "#nagaspear" },
				"south": { "uv": [ 9, 9, 10, 10 ], "texture": "#nagaspear" },
				"west": { "uv": [ 12, 13, 13, 14 ], "texture": "#nagaspear", "rotation": 90 },
				"east": { "uv": [ 13, 13, 14, 14 ], "texture": "#nagaspear", "rotation": 270 }
			}
		}
	],
	"display": {
		"thirdperson_righthand": {
			"rotation":  [ 10, 0, 0 ],
			"translation":  [ 0.0026, -1.366, -2.086 ]
		},
		"thirdperson_lefthand": {
			"rotation":  [ 10, 0, 0 ],
			"translation":  [ 0.0026, -1.366, -2.086 ]
		},
		"firstperson_righthand": {
			"rotation":  [ 0, -7, 0 ],
			"translation":  [ -5.565, -12.52, 0 ],
			"scale":  [ 1.2695, 2, 1.9304 ]
		},
		"firstperson_lefthand": {
			"rotation":  [ 0, -9, 0 ],
			"translation":  [ -3.478, -13.21, 0 ],
			"scale":  [ 1.4086, 2, 2 ]
		},
		"gui": {
			"rotation":  [ 0, 172, 0 ],
			"translation":  [ 0.6956, -0.691, 0 ],
			"scale":  [ 0.8, 0.8, 0.8 ]
		},
		"head": {
			"translation":  [ -2.086, -9.042, -9.739 ],
			"scale":  [ 4, 4, 4 ]
		},
		"ground": {
			"rotation":  [ 90, 90, 0 ],
			"translation":  [ -1.39, 0, -0.69 ],
			"scale":  [ 0.5, 0.5, 0.5 ]
		},
		"fixed": {
			"rotation":  [ -90, 0, 0 ],
			"translation":  [ -2.086, -18.07, -34.08 ],
			"scale":  [ 4, 4, 4 ]
		}
	}
}