{
	"__comment": "Designed by Sefreneth with Cubik Studio - https://cubik.studio",
	"textures": {
		"nagamyrmidon": "item/nagamyrmidon",
		"nagaglaive": "item/nagaglaive"
	},
	"elements": [ 	 
		{
			"__comment": "Box1",
			"from": [ 9.1721, -1, 16.7753 ],
			"to": [ 10.1171, 0.26, 19.2953 ],
			"rotation": { "origin": [ 11.25, -1, 13 ], "axis": "y", "angle": -22.5 },
			"faces": {
				"down": { "uv": [ 6.5, 11.75, 6.75, 12.25 ], "texture": "#nagamyrmidon" },
				"up": { "uv": [ 4.5, 11.75, 4.75, 12.25 ], "texture": "#nagamyrmidon" },
				"north": { "uv": [ 6, 8.25, 6.25, 8.5 ], "texture": "#nagamyrmidon" },
				"south": { "uv": [ 0, 0.25, 0.25, 0.5 ], "texture": "#nagamyrmidon" },
				"west": { "uv": [ 7.5, 14, 8, 14.25 ], "texture": "#nagamyrmidon", "rotation": 270 },
				"east": { "uv": [ 7.5, 14.25, 8, 14 ], "texture": "#nagamyrmidon", "rotation": 270 }
			}
		},
		{
			"__comment": "Box1",
			"from": [ 5.7988, 8.7617, -1.2645 ],
			"to": [ 11.1538, 12.8567, 3.4605 ],
			"faces": {
				"down": { "uv": [ 4, 14, 5.25, 15 ], "texture": "#nagamyrmidon" },
				"up": { "uv": [ 5.25, 15, 6.5, 16 ], "texture": "#nagamyrmidon" },
				"north": { "uv": [ 4, 15, 5.25, 16 ], "texture": "#nagamyrmidon" },
				"south": { "uv": [ 5.25, 14, 6.5, 15 ], "texture": "#nagamyrmidon" },
				"west": { "uv": [ 0, 13, 1, 14 ], "texture": "#nagamyrmidon" },
				"east": { "uv": [ 1, 13, 2, 14 ], "texture": "#nagamyrmidon" }
			}
		},
		{
			"__comment": "Box1",
			"from": [ 6.0538, 10.6526, -1.4738 ],
			"to": [ 10.1488, 14.1176, 2.6212 ],
			"rotation": { "origin": [ 11.625, 13.625, 12 ], "axis": "x", "angle": -22.5 },
			"faces": {
				"down": { "uv": [ 2, 13, 3, 14 ], "texture": "#nagamyrmidon" },
				"up": { "uv": [ 3, 13, 4, 14 ], "texture": "#nagamyrmidon" },
				"north": { "uv": [ 3.75, 12.25, 4.75, 13 ], "texture": "#nagamyrmidon" },
				"south": { "uv": [ 4.75, 12.25, 5.75, 13 ], "texture": "#nagamyrmidon" },
				"west": { "uv": [ 5.75, 12.25, 6.75, 13 ], "texture": "#nagamyrmidon" },
				"east": { "uv": [ 16, 12, 15, 12.75 ], "texture": "#nagamyrmidon" }
			}
		},
		{
			"__comment": "Box1",
			"from": [ 5.8363, 6.6402, -3.0927 ],
			"to": [ 9.6163, 11.0502, 0.6873 ],
			"rotation": { "origin": [ 11.25, 17.25, 8.375 ], "axis": "x", "angle": -22.5 },
			"faces": {
				"down": { "uv": [ 3, 11, 3.75, 11.75 ], "texture": "#nagamyrmidon" },
				"up": { "uv": [ 3.75, 11, 4.5, 11.75 ], "texture": "#nagamyrmidon" },
				"north": { "uv": [ 6.75, 13, 7.5, 14 ], "texture": "#nagamyrmidon" },
				"south": { "uv": [ 6, 13, 6.75, 14 ], "texture": "#nagamyrmidon" },
				"west": { "uv": [ 3, 12, 3.75, 13 ], "texture": "#nagamyrmidon" },
				"east": { "uv": [ 13.5, 12, 12.75, 13 ], "texture": "#nagamyrmidon" }
			}
		},
		{
			"__comment": "Box1",
			"from": [ 6.2438, 0.9363, 1.6275 ],
			"to": [ 9.708799, 4.4013, 5.4075 ],
			"faces": {
				"down": { "uv": [ 6.75, 10, 7.5, 10.75 ], "texture": "#nagamyrmidon" },
				"up": { "uv": [ 6, 10, 6.75, 10.75 ], "texture": "#nagamyrmidon" },
				"north": { "uv": [ 5.25, 10, 6, 10.75 ], "texture": "#nagamyrmidon" },
				"south": { "uv": [ 4.5, 10, 5.25, 10.75 ], "texture": "#nagamyrmidon" },
				"west": { "uv": [ 3.75, 10, 4.5, 10.75 ], "texture": "#nagamyrmidon" },
				"east": { "uv": [ 13.5, 10, 12.75, 10.75 ], "texture": "#nagamyrmidon" }
			}
		},
		{
			"__comment": "Box1",
			"from": [ 6.4012, -1.3475, 4.305 ],
			"to": [ 9.5512, 2.1175, 7.77 ],
			"rotation": { "origin": [ 6.40125, -1.347499, 4.305 ], "axis": "x", "angle": -45 },
			"faces": {
				"down": { "uv": [ 1.5, 10, 2.25, 10.75 ], "texture": "#nagamyrmidon" },
				"up": { "uv": [ 6, 11, 6.75, 11.75 ], "texture": "#nagamyrmidon" },
				"north": { "uv": [ 2.25, 10, 3, 10.75 ], "texture": "#nagamyrmidon" },
				"south": { "uv": [ 4.5, 11, 5.25, 11.75 ], "texture": "#nagamyrmidon" },
				"west": { "uv": [ 5.25, 11, 6, 11.75 ], "texture": "#nagamyrmidon" },
				"east": { "uv": [ 12, 10, 11.25, 10.75 ], "texture": "#nagamyrmidon" }
			}
		},
		{
			"__comment": "Box1",
			"from": [ 6.5588, -1.2677, 4.62 ],
			"to": [ 9.393799, 1.8823, 7.77 ],
			"faces": {
				"down": { "uv": [ 7.5, 11, 8, 11.75 ], "texture": "#nagamyrmidon" },
				"up": { "uv": [ 7.5, 10, 8, 10.75 ], "texture": "#nagamyrmidon" },
				"north": { "uv": [ 0.75, 9.25, 1.25, 10 ], "texture": "#nagamyrmidon" },
				"south": { "uv": [ 1.25, 9.25, 1.75, 10 ], "texture": "#nagamyrmidon" },
				"west": { "uv": [ 1.5, 11, 2.25, 11.75 ], "texture": "#nagamyrmidon", "rotation": 270 },
				"east": { "uv": [ 11.5, 9, 12.25, 8.25 ], "texture": "#nagamyrmidon", "rotation": 270 }
			}
		},
		{
			"__comment": "Box1",
			"from": [ 5.8045, -1.5, 6.9204 ],
			"to": [ 8.324499, 1.335, 9.440399 ],
			"rotation": { "origin": [ 6.25, -1.5, 9.625 ], "axis": "y", "angle": -22.5 },
			"faces": {
				"down": { "uv": [ 13.5, 0, 14, 0.5 ], "texture": "#nagamyrmidon" },
				"up": { "uv": [ 6.75, 9.5, 7.25, 10 ], "texture": "#nagamyrmidon" },
				"north": { "uv": [ 7.25, 9.5, 7.75, 10 ], "texture": "#nagamyrmidon" },
				"south": { "uv": [ 0, 8.75, 0.5, 9.25 ], "texture": "#nagamyrmidon" },
				"west": { "uv": [ 0.5, 8.75, 1, 9.25 ], "texture": "#nagamyrmidon", "rotation": 270 },
				"east": { "uv": [ 12, 7, 12.5, 6.5 ], "texture": "#nagamyrmidon", "rotation": 270 }
			}
		},
		{
			"__comment": "Box1",
			"from": [ 6.9806, 10.7064, -6.5446 ],
			"to": [ 10.1306, 11.9664, -4.6546 ],
			"faces": {
				"down": { "uv": [ 1.5, 10.75, 2.25, 11 ], "texture": "#nagamyrmidon" },
				"up": { "uv": [ 2.25, 10.75, 3, 11 ], "texture": "#nagamyrmidon" },
				"north": { "uv": [ 3, 10.75, 3.75, 11 ], "texture": "#nagamyrmidon" },
				"south": { "uv": [ 4, 8.25, 4.75, 8.5 ], "texture": "#nagamyrmidon" },
				"west": { "uv": [ 4.25, 8, 4.5, 8.25 ], "texture": "#nagamyrmidon", "rotation": 270 },
				"east": { "uv": [ 4.5, 8, 4.25, 8.25 ], "texture": "#nagamyrmidon", "rotation": 270 }
			}
		},
		{
			"__comment": "Box1",
			"from": [ 6.7122, -1.189, 11.8464 ],
			"to": [ 8.287199, 0.7009999, 14.3664 ],
			"rotation": { "origin": [ 6.72625, -1.189, 12.44375 ], "axis": "y", "angle": 22.5 },
			"faces": {
				"down": { "uv": [ 0, 1, 0.25, 1.5 ], "texture": "#nagamyrmidon" },
				"up": { "uv": [ 0, 1.5, 0.25, 2 ], "texture": "#nagamyrmidon" },
				"north": { "uv": [ 4, 8, 4.25, 8.25 ], "texture": "#nagamyrmidon" },
				"south": { "uv": [ 1.5, 8, 1.75, 8.25 ], "texture": "#nagamyrmidon" },
				"west": { "uv": [ 0.25, 8, 0.75, 8.25 ], "texture": "#nagamyrmidon", "rotation": 270 },
				"east": { "uv": [ 12.5, 5.5, 13, 5.25 ], "texture": "#nagamyrmidon", "rotation": 270 }
			}
		},
		{
			"__comment": "Box1",
			"from": [ 7.6296, -1.001, 13.7739 ],
			"to": [ 8.889599, 0.5740001, 16.2939 ],
			"faces": {
				"down": { "uv": [ 0, 2, 0.25, 2.5 ], "texture": "#nagamyrmidon" },
				"up": { "uv": [ 0, 2.5, 0.25, 3 ], "texture": "#nagamyrmidon" },
				"north": { "uv": [ 2.75, 8, 3, 8.25 ], "texture": "#nagamyrmidon" },
				"south": { "uv": [ 2.5, 8, 2.75, 8.25 ], "texture": "#nagamyrmidon" },
				"west": { "uv": [ 6.25, 9.25, 6.75, 9.5 ], "texture": "#nagamyrmidon", "rotation": 270 },
				"east": { "uv": [ 13.5, 5.5, 14, 5.25 ], "texture": "#nagamyrmidon", "rotation": 270 }
			}
		},
		{
			"__comment": "Box1",
			"from": [ 6.1524, -1.4213, 9.4163 ],
			"to": [ 8.0424, 0.7837, 11.9363 ],
			"faces": {
				"down": { "uv": [ 7.75, 9.5, 8, 10 ], "texture": "#nagamyrmidon" },
				"up": { "uv": [ 6.75, 8.25, 7, 8.75 ], "texture": "#nagamyrmidon" },
				"north": { "uv": [ 6.5, 8.25, 6.75, 8.75 ], "texture": "#nagamyrmidon" },
				"south": { "uv": [ 6.25, 8.25, 6.5, 8.75 ], "texture": "#nagamyrmidon" },
				"west": { "uv": [ 3.5, 8.75, 4, 9.25 ], "texture": "#nagamyrmidon", "rotation": 270 },
				"east": { "uv": [ 13.5, 7, 14, 6.5 ], "texture": "#nagamyrmidon", "rotation": 270 }
			}
		},
		{
			"__comment": "Box1",
			"from": [ 7.304, 4.7286, -3.2889 ],
			"to": [ 9.823999, 7.2486, -0.7688999 ],
			"rotation": { "origin": [ 12, 8.5, 13.25 ], "axis": "x", "angle": 22.5 },
			"faces": {
				"down": { "uv": [ 11, 11.5, 11.5, 12 ], "texture": "#nagamyrmidon" },
				"up": { "uv": [ 10, 9, 10.5, 9.5 ], "texture": "#nagamyrmidon" },
				"north": { "uv": [ 5.5, 8.75, 6, 9.25 ], "texture": "#nagamyrmidon" },
				"south": { "uv": [ 6, 8.75, 6.5, 9.25 ], "texture": "#nagamyrmidon" },
				"west": { "uv": [ 8.5, 5.5, 9, 6 ], "texture": "#nagamyrmidon", "rotation": 90 },
				"east": { "uv": [ 8.5, 5.5, 9, 6 ], "texture": "#nagamyrmidon", "rotation": 90 }
			}
		},
		{
			"__comment": "Box1",
			"from": [ 6.8046, 10.7063, -4.6661 ],
			"to": [ 10.2696, 11.9663, -2.1461 ],
			"faces": {
				"down": { "uv": [ 6.75, 11.75, 7.5, 12.25 ], "texture": "#nagamyrmidon" },
				"up": { "uv": [ 5.75, 11.75, 6.5, 12.25 ], "texture": "#nagamyrmidon" },
				"north": { "uv": [ 6, 10.75, 6.75, 11 ], "texture": "#nagamyrmidon" },
				"south": { "uv": [ 15.25, 15.75, 16, 16 ], "texture": "#nagamyrmidon" },
				"west": { "uv": [ 4.25, 9.25, 4.75, 9.5 ], "texture": "#nagamyrmidon" },
				"east": { "uv": [ 4.75, 9.25, 4.25, 9.5 ], "texture": "#nagamyrmidon" }
			}
		},
		{
			"__comment": "Box1",
			"from": [ 6.9519, 12.3, -4.9161 ],
			"to": [ 10.1019, 13.56, -2.3961 ],
			"faces": {
				"down": { "uv": [ 3.75, 11.75, 4.5, 12.25 ], "texture": "#nagamyrmidon", "rotation": 90 },
				"up": { "uv": [ 4.75, 11.75, 5.5, 12.25 ], "texture": "#nagamyrmidon" },
				"north": { "uv": [ 4.75, 8.5, 5.5, 8.75 ], "texture": "#nagamyrmidon" },
				"south": { "uv": [ 4.75, 8.25, 5.5, 8.5 ], "texture": "#nagamyrmidon" },
				"west": { "uv": [ 7.5, 15, 8, 15.25 ], "texture": "#nagamyrmidon" },
				"east": { "uv": [ 8, 15, 7.5, 15.25 ], "texture": "#nagamyrmidon" }
			}
		},
		{
			"__comment": "Box1",
			"from": [ 7.1279, 12.3002, -6.4738 ],
			"to": [ 9.962898, 13.2452, -4.8988 ],
			"faces": {
				"down": { "uv": [ 4.75, 9.25, 5.25, 9.5 ], "texture": "#nagamyrmidon" },
				"up": { "uv": [ 6.75, 9.25, 7.25, 9.5 ], "texture": "#nagamyrmidon" },
				"north": { "uv": [ 5.5, 8.25, 6, 8.5 ], "texture": "#nagamyrmidon" },
				"south": { "uv": [ 7.5, 8.5, 8, 8.75 ], "texture": "#nagamyrmidon" },
				"west": { "uv": [ 5.25, 8, 5.5, 8.25 ], "texture": "#nagamyrmidon", "rotation": 270 },
				"east": { "uv": [ 5.25, 8.25, 5.5, 8 ], "texture": "#nagamyrmidon", "rotation": 270 }
			}
		},
		{
			"__comment": "Box17",
			"from": [ 11.552, 7.868, 3.7758 ],
			"to": [ 13.127, 9.443, 5.6658 ],
			"rotation": { "origin": [ 12, 8.625, 13 ], "axis": "x", "angle": -22.5 },
			"faces": {
				"down": { "uv": [ 15.5, 0, 15, 0.5 ], "texture": "#nagamyrmidon" },
				"up": { "uv": [ 3.5, 8, 3.75, 8.25 ], "texture": "#nagamyrmidon" },
				"north": { "uv": [ 15, 0, 14.5, 0.5 ], "texture": "#nagamyrmidon" },
				"south": { "uv": [ 14.5, 0, 15, 0.5 ], "texture": "#nagamyrmidon" },
				"west": { "uv": [ 4.75, 8, 5, 8.25 ], "texture": "#nagamyrmidon" },
				"east": { "uv": [ 15.5, 0, 16, 0.5 ], "texture": "#nagamyrmidon" }
			}
		},
		{
			"__comment": "Box17",
			"from": [ 11.0362, 1.3756, 2.2435 ],
			"to": [ 13.2412, 3.8956, 5.7085 ],
			"rotation": { "origin": [ 12, 8.625, 13 ], "axis": "x", "angle": 45 },
			"faces": {
				"down": { "uv": [ 2.25, 10, 2.75, 9.25 ], "texture": "#nagamyrmidon" },
				"up": { "uv": [ 2.25, 9.25, 2.75, 10 ], "texture": "#nagamyrmidon" },
				"north": { "uv": [ 1, 8.75, 0.5, 8.25 ], "texture": "#nagamyrmidon" },
				"south": { "uv": [ 0, 8.25, 0.5, 8.75 ], "texture": "#nagamyrmidon" },
				"west": { "uv": [ 3.25, 9.25, 3.75, 10 ], "texture": "#nagamyrmidon", "rotation": 270 },
				"east": { "uv": [ 8, 13.25, 7.5, 14 ], "texture": "#nagamyrmidon", "rotation": 90 }
			}
		},
		{
			"__comment": "Box17",
			"from": [ 3.5463, 1.5273, 2.4942 ],
			"to": [ 5.7513, 4.0473, 5.9592 ],
			"rotation": { "origin": [ 12.125, 8.75, 13 ], "axis": "x", "angle": 45 },
			"faces": {
				"down": { "uv": [ 2.75, 10, 2.25, 9.25 ], "texture": "#nagamyrmidon" },
				"up": { "uv": [ 2.75, 9.25, 2.25, 10 ], "texture": "#nagamyrmidon" },
				"north": { "uv": [ 1.5, 8.75, 1, 8.25 ], "texture": "#nagamyrmidon" },
				"south": { "uv": [ 15.5, 9, 16, 9.5 ], "texture": "#nagamyrmidon" },
				"west": { "uv": [ 7.5, 13.25, 8, 14 ], "texture": "#nagamyrmidon", "rotation": 270 },
				"east": { "uv": [ 7.5, 14.25, 8, 15 ], "texture": "#nagamyrmidon", "rotation": 90 }
			}
		},
		{
			"__comment": "Box17",
			"from": [ 3.7038, 8.0365, 3.7593 ],
			"to": [ 5.2788, 9.6115, 5.649301 ],
			"rotation": { "origin": [ 12.125, 8.75, 13 ], "axis": "x", "angle": -22.5 },
			"faces": {
				"down": { "uv": [ 15, 0, 15.5, 0.5 ], "texture": "#nagamyrmidon" },
				"up": { "uv": [ 6, 8, 6.25, 8.25 ], "texture": "#nagamyrmidon" },
				"north": { "uv": [ 14.5, 0, 15, 0.5 ], "texture": "#nagamyrmidon" },
				"south": { "uv": [ 15, 0, 14.5, 0.5 ], "texture": "#nagamyrmidon" },
				"west": { "uv": [ 15.5, 0, 16, 0.5 ], "texture": "#nagamyrmidon" },
				"east": { "uv": [ 0.75, 8, 1, 8.25 ], "texture": "#nagamyrmidon" }
			}
		},
		{
			"__comment": "Box17",
			"from": [ 3.7038, 9.6115, 3.7594 ],
			"to": [ 5.5938, 13.3915, 5.6494 ],
			"rotation": { "origin": [ 12.125, 8.75, 13 ], "axis": "x", "angle": -22.5 },
			"faces": {
				"down": { "uv": [ 5.5, 8, 5.75, 8.25 ], "texture": "#nagamyrmidon" },
				"up": { "uv": [ 3, 8, 3.25, 8.25 ], "texture": "#nagamyrmidon" },
				"north": { "uv": [ 12, 15, 12.5, 16 ], "texture": "#nagamyrmidon" },
				"south": { "uv": [ 15.5, 7, 16, 8.25 ], "texture": "#nagamyrmidon" },
				"west": { "uv": [ 15.5, 7, 16, 8.25 ], "texture": "#nagamyrmidon" },
				"east": { "uv": [ 15.5, 7, 16, 8.25 ], "texture": "#nagamyrmidon" }
			}
		},
		{
			"__comment": "Box17",
			"from": [ 11.237, 9.443, 3.7758 ],
			"to": [ 13.127, 13.223, 5.6658 ],
			"rotation": { "origin": [ 12, 8.625, 13 ], "axis": "x", "angle": -22.5 },
			"faces": {
				"down": { "uv": [ 1.25, 8, 1.5, 8.25 ], "texture": "#nagamyrmidon" },
				"up": { "uv": [ 3.25, 8, 3.5, 8.25 ], "texture": "#nagamyrmidon" },
				"north": { "uv": [ 12.5, 15, 12, 16 ], "texture": "#nagamyrmidon" },
				"south": { "uv": [ 15.5, 7, 16, 8.25 ], "texture": "#nagamyrmidon" },
				"west": { "uv": [ 15.5, 7, 16, 8.25 ], "texture": "#nagamyrmidon" },
				"east": { "uv": [ 15.5, 7, 16, 8.25 ], "texture": "#nagamyrmidon" }
			}
		},
		{
			"__comment": "PlaneX23",
			"from": [ 9.9725, 11.9852, -6.445 ],
			"to": [ 9.9735, 12.3002, -2.665 ],
			"faces": {
				"west": { "uv": [ 4.5, 10.75, 6, 11 ], "texture": "#nagamyrmidon", "rotation": 180 },
				"east": { "uv": [ 6, 10.75, 4.5, 11 ], "texture": "#nagamyrmidon", "rotation": 180 }
			}
		},
		{
			"__comment": "PlaneX23",
			"from": [ 6.93, 11.9664, -6.51 ],
			"to": [ 10.08, 12.2814, -6.509 ],
			"faces": {
				"north": { "uv": [ 7, 9, 8.5, 8.5 ], "texture": "#nagamyrmidon", "rotation": 180 },
				"south": { "uv": [ 8.5, 9, 7, 8.5 ], "texture": "#nagamyrmidon", "rotation": 180 }
			}
		},
		{
			"__comment": "PlaneX23",
			"from": [ 10.08, 11.9664, -6.51 ],
			"to": [ 10.081, 12.2814, -2.415 ],
			"faces": {
				"west": { "uv": [ 3.5, 8.5, 1.5, 9 ], "texture": "#nagamyrmidon" },
				"east": { "uv": [ 1.5, 8.5, 3.5, 9 ], "texture": "#nagamyrmidon" }
			}
		},
		{
			"__comment": "PlaneX23",
			"from": [ 7.1375, 11.9852, -6.445 ],
			"to": [ 9.9725, 12.3002, -6.444 ],
			"faces": {
				"north": { "uv": [ 7, 8.5, 8.5, 9 ], "texture": "#nagamyrmidon", "rotation": 180 },
				"south": { "uv": [ 8.5, 8.5, 7, 9 ], "texture": "#nagamyrmidon", "rotation": 180 }
			}
		},
		{
			"__comment": "PlaneX23",
			"from": [ 7.1375, 11.9852, -6.445 ],
			"to": [ 7.1385, 12.3002, -2.665 ],
			"faces": {
				"west": { "uv": [ 4.5, 10.75, 6, 11 ], "texture": "#nagamyrmidon", "rotation": 180 },
				"east": { "uv": [ 6, 10.75, 4.5, 11 ], "texture": "#nagamyrmidon", "rotation": 180 }
			}
		},
		{
			"__comment": "PlaneX23",
			"from": [ 7.0088, 11.9664, -6.51 ],
			"to": [ 7.0098, 12.2814, -2.415 ],
			"faces": {
				"west": { "uv": [ 3.5, 8.5, 1.5, 9 ], "texture": "#nagamyrmidon" },
				"east": { "uv": [ 1.5, 8.5, 3.5, 9 ], "texture": "#nagamyrmidon" }
			}
		},
		{
			"__comment": "PlaneX29",
			"from": [ 21.9641, 9.4325, 0.7528 ],
			"to": [ 21.9651, 14.7875, 4.5328 ],
			"rotation": { "origin": [ 12, 8.625, 13.25 ], "axis": "y", "angle": 45 },
			"faces": {
				"west": { "uv": [ 1.5, 11.75, 2.25, 13 ], "texture": "#nagamyrmidon" },
				"east": { "uv": [ 2.25, 11.75, 1.5, 13 ], "texture": "#nagamyrmidon" }
			}
		},
		{
			"__comment": "PlaneX29",
			"from": [ 10.2875, 5.6475, 3.2875 ],
			"to": [ 10.2885, 13.8375, 8.0125 ],
			"faces": {
				"west": { "uv": [ 0, 14, 1, 16 ], "texture": "#nagamyrmidon", "rotation": 180 },
				"east": { "uv": [ 1, 14, 0, 16 ], "texture": "#nagamyrmidon", "rotation": 180 }
			}
		},
		{
			"__comment": "PlaneX29",
			"from": [ -2.7803, 9.4325, 5.5691 ],
			"to": [ -2.7793, 14.7875, 9.3491 ],
			"rotation": { "origin": [ 12, 8.625, 13.25 ], "axis": "y", "angle": -45 },
			"faces": {
				"west": { "uv": [ 1.5, 11.75, 2.25, 13 ], "texture": "#nagamyrmidon" },
				"east": { "uv": [ 2.25, 11.75, 1.5, 13 ], "texture": "#nagamyrmidon" }
			}
		},
		{
			"__comment": "PlaneX29",
			"from": [ 8.554999, 13.2451, -6.0512 ],
			"to": [ 8.556, 15.1351, -2.2712 ],
			"faces": {
				"west": { "uv": [ 14.5, 14, 15.5, 14.5 ], "texture": "#nagamyrmidon" },
				"east": { "uv": [ 15.5, 14, 14.5, 14.5 ], "texture": "#nagamyrmidon" }
			}
		},
		{
			"__comment": "PlaneX29",
			"from": [ 6.665, 5.8976, 3.2875 ],
			"to": [ 6.666, 14.0876, 8.0125 ],
			"faces": {
				"west": { "uv": [ 0, 14, 1, 16 ], "texture": "#nagamyrmidon", "rotation": 180 },
				"east": { "uv": [ 1, 14, 0, 16 ], "texture": "#nagamyrmidon", "rotation": 180 }
			}
		},
		{
			"__comment": "PlaneX29",
			"from": [ 5.9562, 7.3366, -1.1197 ],
			"to": [ 5.9572, 12.0616, 3.2903 ],
			"rotation": { "origin": [ 12, 8.375, 13.375 ], "axis": "x", "angle": 22.5 },
			"faces": {
				"west": { "uv": [ 5, 13, 6, 14 ], "texture": "#nagamyrmidon" },
				"east": { "uv": [ 6, 13, 5, 14 ], "texture": "#nagamyrmidon" }
			}
		},
		{
			"__comment": "PlaneX29",
			"from": [ 9.682899, 0.2631, 17.0301 ],
			"to": [ 9.683899, 2.4681, 19.2351 ],
			"rotation": { "origin": [ 11.25, -1, 13 ], "axis": "y", "angle": -22.5 },
			"faces": {
				"west": { "uv": [ 7.5, 12.25, 8, 11.75 ], "texture": "#nagamyrmidon", "rotation": 270 },
				"east": { "uv": [ 7.5, 11.75, 8, 12.25 ], "texture": "#nagamyrmidon", "rotation": 270 }
			}
		},
		{
			"__comment": "PlaneX29",
			"from": [ 10.9962, 7.3366, -1.1197 ],
			"to": [ 10.9972, 12.0616, 3.2903 ],
			"rotation": { "origin": [ 12, 8.375, 13.375 ], "axis": "x", "angle": 22.5 },
			"faces": {
				"west": { "uv": [ 5, 13, 6, 14 ], "texture": "#nagamyrmidon" },
				"east": { "uv": [ 6, 13, 5, 14 ], "texture": "#nagamyrmidon" }
			}
		},
		{
			"__comment": "PlaneX29",
			"from": [ 7.9762, 1.5703, 5.7766 ],
			"to": [ 7.9772, 3.7753, 7.6666 ],
			"faces": {
				"west": { "uv": [ 4.25, 9.5, 4.75, 10 ], "texture": "#nagamyrmidon", "rotation": 90 },
				"east": { "uv": [ 4.25, 10, 4.75, 9.5 ], "texture": "#nagamyrmidon", "rotation": 90 }
			}
		},
		{
			"__comment": "PlaneX29",
			"from": [ 7.0563, 1.338, 7.3078 ],
			"to": [ 7.0573, 3.543, 9.5128 ],
			"rotation": { "origin": [ 6.25, -1.5, 9.625 ], "axis": "y", "angle": -22.5 },
			"faces": {
				"west": { "uv": [ 4.25, 9.5, 4.75, 10 ], "texture": "#nagamyrmidon", "rotation": 90 },
				"east": { "uv": [ 4.25, 10, 4.75, 9.5 ], "texture": "#nagamyrmidon", "rotation": 90 }
			}
		},
		{
			"__comment": "PlaneX29",
			"from": [ 12.2562, 9.986199, 5.3785 ],
			"to": [ 12.2572, 13.1362, 8.5285 ],
			"rotation": { "origin": [ 12, 8.625, 13 ], "axis": "x", "angle": -22.5 },
			"faces": {
				"west": { "uv": [ 6.75, 11, 7.5, 11.75 ], "texture": "#nagamyrmidon", "rotation": 180 },
				"east": { "uv": [ 7.5, 11, 6.75, 11.75 ], "texture": "#nagamyrmidon", "rotation": 180 }
			}
		},
		{
			"__comment": "PlaneX29",
			"from": [ 7.5089, 0.7041, 12.1106 ],
			"to": [ 7.5099, 2.9091, 14.3156 ],
			"rotation": { "origin": [ 6.72625, -1.189, 12.44375 ], "axis": "y", "angle": 22.5 },
			"faces": {
				"west": { "uv": [ 4.25, 9.5, 4.75, 10 ], "texture": "#nagamyrmidon", "rotation": 90 },
				"east": { "uv": [ 4.25, 10, 4.75, 9.5 ], "texture": "#nagamyrmidon", "rotation": 90 }
			}
		},
		{
			"__comment": "PlaneX29",
			"from": [ 8.271399, 0.4196, 14.1413 ],
			"to": [ 8.2724, 2.6246, 16.3463 ],
			"faces": {
				"west": { "uv": [ 5.75, 10, 6.25, 9.5 ], "texture": "#nagamyrmidon", "rotation": 270 },
				"east": { "uv": [ 5.75, 9.5, 6.25, 10 ], "texture": "#nagamyrmidon", "rotation": 270 }
			}
		},
		{
			"__comment": "PlaneX29",
			"from": [ 7.13, 0.7868, 9.788 ],
			"to": [ 7.131, 2.9918, 11.993 ],
			"faces": {
				"west": { "uv": [ 4.25, 9.5, 4.75, 10 ], "texture": "#nagamyrmidon", "rotation": 90 },
				"east": { "uv": [ 4.25, 10, 4.75, 9.5 ], "texture": "#nagamyrmidon", "rotation": 90 }
			}
		},
		{
			"__comment": "PlaneX29",
			"from": [ 4.9, 10.0217, 5.502 ],
			"to": [ 4.901, 13.1717, 8.651999 ],
			"rotation": { "origin": [ 12.125, 8.75, 13 ], "axis": "x", "angle": -22.5 },
			"faces": {
				"west": { "uv": [ 6.75, 11, 7.5, 11.75 ], "texture": "#nagamyrmidon", "rotation": 180 },
				"east": { "uv": [ 7.5, 11, 6.75, 11.75 ], "texture": "#nagamyrmidon", "rotation": 180 }
			}
		},
		{
			"__comment": "Box1",
			"from": [ 12, 8.625, 0.0039 ],
			"to": [ 12.76448, 9.389478, 13.00003 ],
			"rotation": { "origin": [ 12, 8.625, 13 ], "axis": "x", "angle": -22.5 },
			"faces": {
				"down": { "uv": [ 1, 11, 0, 16 ], "texture": "#nagaglaive", "rotation": 180 },
				"up": { "uv": [ 0, 16, 1, 11 ], "texture": "#nagaglaive", "rotation": 180 },
				"north": { "uv": [ 10, 9, 9, 8 ], "texture": "#nagaglaive" },
				"south": { "uv": [ 9, 9, 10, 10 ], "texture": "#nagaglaive" },
				"west": { "uv": [ 0, 11, 1, 16 ], "texture": "#nagaglaive", "rotation": 90 },
				"east": { "uv": [ 0, 11, 1, 16 ], "texture": "#nagaglaive", "rotation": 270 }
			}
		},
		{
			"__comment": "Box1",
			"from": [ 11.8089, 8.4339, 12.774 ],
			"to": [ 12.9789, 9.6039, 13.944 ],
			"rotation": { "origin": [ 12, 8.625, 13 ], "axis": "x", "angle": -22.5 },
			"faces": {
				"down": { "uv": [ 2, 10, 1, 9 ], "texture": "#nagaglaive" },
				"up": { "uv": [ 1, 9, 2, 10 ], "texture": "#nagaglaive" },
				"north": { "uv": [ 2, 10, 1, 9 ], "texture": "#nagaglaive" },
				"south": { "uv": [ 1, 9, 2, 10 ], "texture": "#nagaglaive" },
				"west": { "uv": [ 1, 9, 2, 10 ], "texture": "#nagaglaive", "rotation": 270 },
				"east": { "uv": [ 1, 9, 2, 10 ], "texture": "#nagaglaive", "rotation": 90 }
			}
		},
		{
			"__comment": "Box1",
			"from": [ 12.1912, 8.0519, -2.2896 ],
			"to": [ 12.57344, 9.580854, 0.003829479 ],
			"rotation": { "origin": [ 12, 8.625, 13 ], "axis": "x", "angle": -22.5 },
			"faces": {
				"down": { "uv": [ 3, 9, 2, 8 ], "texture": "#nagaglaive" },
				"up": { "uv": [ 3, 10, 4, 11 ], "texture": "#nagaglaive" },
				"north": { "uv": [ 3, 10, 2, 9 ], "texture": "#nagaglaive" },
				"south": { "uv": [ 2, 10, 3, 11 ], "texture": "#nagaglaive" },
				"west": { "uv": [ 3, 9, 4, 10 ], "texture": "#nagaglaive", "rotation": 270 },
				"east": { "uv": [ 4, 9, 3, 10 ], "texture": "#nagaglaive", "rotation": 90 }
			}
		},
		{
			"__comment": "Box1",
			"from": [ 12.1912, 7.7652, -3.0541 ],
			"to": [ 12.57344, 9.580833, -2.289621 ],
			"rotation": { "origin": [ 12, 8.625, 13 ], "axis": "x", "angle": -22.5 },
			"faces": {
				"down": { "uv": [ 5, 13, 4, 12 ], "texture": "#nagaglaive" },
				"up": { "uv": [ 5, 12, 6, 13 ], "texture": "#nagaglaive" },
				"north": { "uv": [ 6, 14, 5, 13 ], "texture": "#nagaglaive" },
				"south": { "uv": [ 4, 13, 5, 14 ], "texture": "#nagaglaive" },
				"west": { "uv": [ 4, 11, 5, 12 ], "texture": "#nagaglaive", "rotation": 270 },
				"east": { "uv": [ 5, 11, 4, 12 ], "texture": "#nagaglaive", "rotation": 90 }
			}
		},
		{
			"__comment": "Box1",
			"from": [ 12.1912, 7.7652, -4.9653 ],
			"to": [ 12.57344, 9.580833, -3.05411 ],
			"rotation": { "origin": [ 12, 8.625, 13 ], "axis": "x", "angle": -22.5 },
			"faces": {
				"down": { "uv": [ 5, 10, 4, 9 ], "texture": "#nagaglaive" },
				"up": { "uv": [ 5, 9, 6, 10 ], "texture": "#nagaglaive" },
				"north": { "uv": [ 6, 11, 5, 10 ], "texture": "#nagaglaive" },
				"south": { "uv": [ 4, 10, 5, 11 ], "texture": "#nagaglaive" },
				"west": { "uv": [ 4, 8, 5, 9 ], "texture": "#nagaglaive", "rotation": 270 },
				"east": { "uv": [ 5, 8, 4, 9 ], "texture": "#nagaglaive", "rotation": 90 }
			}
		},
		{
			"__comment": "Box1",
			"from": [ 12.1912, 7.574, -6.1119 ],
			"to": [ 12.57344, 9.571199, -4.965189 ],
			"rotation": { "origin": [ 12, 8.625, 13 ], "axis": "x", "angle": -22.5 },
			"faces": {
				"down": { "uv": [ 7, 14, 6, 13 ], "texture": "#nagaglaive" },
				"up": { "uv": [ 6, 12, 7, 13 ], "texture": "#nagaglaive" },
				"north": { "uv": [ 7, 15, 6, 14 ], "texture": "#nagaglaive" },
				"south": { "uv": [ 12, 9, 13, 10 ], "texture": "#nagaglaive" },
				"west": { "uv": [ 6, 11, 7, 12 ], "texture": "#nagaglaive", "rotation": 270 },
				"east": { "uv": [ 7, 11, 6, 12 ], "texture": "#nagaglaive", "rotation": 90 }
			}
		},
		{
			"__comment": "Box1",
			"from": [ 12.1912, 7.574, -6.8765 ],
			"to": [ 12.57344, 9.580753, -6.112019 ],
			"rotation": { "origin": [ 12, 8.625, 13 ], "axis": "x", "angle": -22.5 },
			"faces": {
				"down": { "uv": [ 8, 16, 7, 15 ], "texture": "#nagaglaive" },
				"up": { "uv": [ 7, 14, 8, 15 ], "texture": "#nagaglaive" },
				"north": { "uv": [ 7, 9, 6, 8 ], "texture": "#nagaglaive" },
				"south": { "uv": [ 6, 9, 7, 10 ], "texture": "#nagaglaive" },
				"west": { "uv": [ 7, 13, 8, 14 ], "texture": "#nagaglaive", "rotation": 270 },
				"east": { "uv": [ 8, 13, 7, 14 ], "texture": "#nagaglaive", "rotation": 90 }
			}
		},
		{
			"__comment": "Box1",
			"from": [ 12.1912, 7.6695, -7.641 ],
			"to": [ 12.57344, 9.580695, -6.876519 ],
			"rotation": { "origin": [ 12, 8.625, 13 ], "axis": "x", "angle": -22.5 },
			"faces": {
				"down": { "uv": [ 8, 10, 7, 9 ], "texture": "#nagaglaive" },
				"up": { "uv": [ 7, 8, 8, 9 ], "texture": "#nagaglaive" },
				"north": { "uv": [ 8, 11, 7, 10 ], "texture": "#nagaglaive" },
				"south": { "uv": [ 7, 11, 8, 12 ], "texture": "#nagaglaive" },
				"west": { "uv": [ 8, 15, 9, 16 ], "texture": "#nagaglaive", "rotation": 270 },
				"east": { "uv": [ 9, 15, 8, 16 ], "texture": "#nagaglaive", "rotation": 90 }
			}
		},
		{
			"__comment": "Box1",
			"from": [ 12.1919, -6.5784, -4.1609 ],
			"to": [ 12.57414, -5.81392, -3.014189 ],
			"rotation": { "origin": [ 12, 8.625, 13 ], "axis": "x", "angle": 22.5 },
			"faces": {
				"down": { "uv": [ 13, 16, 12, 15 ], "texture": "#nagaglaive" },
				"up": { "uv": [ 13, 15, 14, 16 ], "texture": "#nagaglaive" },
				"north": { "uv": [ 12, 16, 11, 15 ], "texture": "#nagaglaive" },
				"south": { "uv": [ 10, 15, 11, 16 ], "texture": "#nagaglaive" },
				"west": { "uv": [ 14, 15, 15, 16 ], "texture": "#nagaglaive", "rotation": 270 },
				"east": { "uv": [ 15, 15, 14, 16 ], "texture": "#nagaglaive", "rotation": 90 }
			}
		},
		{
			"__comment": "Box1",
			"from": [ 12.1919, 0.0739, -6.9464 ],
			"to": [ 12.57414, 1.602855, -5.799681 ],
			"faces": {
				"down": { "uv": [ 9, 13, 8, 12 ], "texture": "#nagaglaive" },
				"up": { "uv": [ 8, 11, 9, 12 ], "texture": "#nagaglaive" },
				"north": { "uv": [ 9, 14, 8, 13 ], "texture": "#nagaglaive" },
				"south": { "uv": [ 8, 14, 9, 15 ], "texture": "#nagaglaive" },
				"west": { "uv": [ 8, 10, 9, 11 ], "texture": "#nagaglaive", "rotation": 270 },
				"east": { "uv": [ 9, 10, 8, 11 ], "texture": "#nagaglaive", "rotation": 90 }
			}
		},
		{
			"__comment": "Box1",
			"from": [ 12.1912, 0.3974, -7.629 ],
			"to": [ 12.57344, 1.544118, -6.864521 ],
			"faces": {
				"down": { "uv": [ 11, 15, 10, 14 ], "texture": "#nagaglaive" },
				"up": { "uv": [ 11, 14, 12, 15 ], "texture": "#nagaglaive" },
				"north": { "uv": [ 10, 15, 9, 14 ], "texture": "#nagaglaive" },
				"south": { "uv": [ 8, 8, 9, 9 ], "texture": "#nagaglaive" },
				"west": { "uv": [ 12, 14, 13, 15 ], "texture": "#nagaglaive", "rotation": 270 },
				"east": { "uv": [ 13, 14, 12, 15 ], "texture": "#nagaglaive", "rotation": 90 }
			}
		},
		{
			"__comment": "Box22",
			"from": [ 12, 7.8607, -1.8116 ],
			"to": [ 12.76448, 9.007418, -0.6648905 ],
			"rotation": { "origin": [ 12, 8.625, 13 ], "axis": "x", "angle": -22.5 },
			"faces": {
				"down": { "uv": [ 2, 10, 1, 9 ], "texture": "#nagaglaive" },
				"up": { "uv": [ 1, 9, 2, 10 ], "texture": "#nagaglaive" },
				"north": { "uv": [ 2, 10, 1, 9 ], "texture": "#nagaglaive" },
				"south": { "uv": [ 1, 9, 2, 10 ], "texture": "#nagaglaive" },
				"west": { "uv": [ 1, 9, 2, 10 ], "texture": "#nagaglaive", "rotation": 270 },
				"east": { "uv": [ 1, 9, 2, 10 ], "texture": "#nagaglaive", "rotation": 90 }
			}
		},
		{
			"__comment": "PlaneX23",
			"from": [ 12.3824, 7.328, 11.8777 ],
			"to": [ 12.38474, 12.008, 15.3877 ],
			"rotation": { "origin": [ 12, 8.625, 13 ], "axis": "x", "angle": -22.5 },
			"faces": {
				"west": { "uv": [ 4, 14, 7, 16 ], "texture": "#nagaglaive", "rotation": 270 },
				"east": { "uv": [ 7, 14, 4, 16 ], "texture": "#nagaglaive", "rotation": 90 }
			}
		},
		{
			"__comment": "PlaneX23",
			"from": [ 12.0074, 5.2806, -2.7671 ],
			"to": [ 12.00974, 8.72075, 1.05529 ],
			"rotation": { "origin": [ 11.625, 8.625, 13 ], "axis": "x", "angle": -22.5 },
			"faces": {
				"west": { "uv": [ 10, 12, 12, 14 ], "texture": "#nagaglaive", "rotation": 270 },
				"east": { "uv": [ 12, 12, 10, 14 ], "texture": "#nagaglaive", "rotation": 90 }
			}
		}
	],
	"display": {
		"thirdperson_righthand": {
			"rotation":  [ 10, 0, 0 ],
			"translation":  [ 0.6982, -5.54, 2.0879 ]
		},
		"thirdperson_lefthand": {
			"rotation":  [ 10, 0, 0 ],
			"translation":  [ 0.6982, -5.54, 2.0879 ]
		},
		"firstperson_righthand": {
			"rotation":  [ 0, -7, 0 ],
			"translation":  [ 2.0868, -5.564, 0 ],
			"scale":  [ 1.2695, 2, 1.9304 ]
		},
		"firstperson_lefthand": {
			"rotation":  [ 0, -9, 0 ],
			"translation":  [ 2.7825, -9.042, 0 ],
			"scale":  [ 1.4086, 2, 2 ]
		},
		"gui": {
			"rotation":  [ 0, 90, 0 ],
			"translation":  [ 0.6956, -1.388, 0 ],
			"scale":  [ 0.5, 0.5, 0.5 ]
		},
		"head": {
			"translation":  [ 0.0003, -6.26, 15.304 ],
			"scale":  [ 4, 4, 4 ]
		},
		"ground": {
			"rotation":  [ 90, 90, 0 ],
			"translation":  [ 4.1745, 0, 1.396 ],
			"scale":  [ 0.5, 0.5, 0.5 ]
		},
		"fixed": {
			"rotation":  [ -90, 0, 0 ],
			"translation":  [ 0.0009, 13.217, -36.85 ],
			"scale":  [ 4, 4, 4 ]
		}
	}
}