{
	"__comment": "Designed by Sefreneth with Cubik Studio - https://cubik.studio",
	"textures": {
		"nagamyrmidon": "item/nagamyrmidon",
		"nagaglaive": "item/nagaglaive"
	},
	"elements": [ 	 
		{
			"__comment": "Box1",
			"from": [ 5.9712, -1.189, 16.2975 ],
			"to": [ 6.9162, 0.07099998, 18.8175 ],
			"rotation": { "origin": [ 6.55875, -1.189, 12.41625 ], "axis": "y", "angle": 22.5 },
			"faces": {
				"down": { "uv": [ 6.5, 11.75, 6.75, 12.25 ], "texture": "#nagamyrmidon" },
				"up": { "uv": [ 4.5, 11.75, 4.75, 12.25 ], "texture": "#nagamyrmidon" },
				"north": { "uv": [ 6, 8.25, 6.25, 8.5 ], "texture": "#nagamyrmidon" },
				"south": { "uv": [ 0, 0.25, 0.25, 0.5 ], "texture": "#nagamyrmidon" },
				"west": { "uv": [ 7.5, 14, 8, 14.25 ], "texture": "#nagamyrmidon", "rotation": 270 },
				"east": { "uv": [ 7.5, 14.25, 8, 14 ], "texture": "#nagamyrmidon", "rotation": 270 }
			}
		},
		{
			"__comment": "Box1",
			"from": [ 5.2988, 9.992499, 1.7062 ],
			"to": [ 10.6538, 14.0875, 6.4312 ],
			"faces": {
				"down": { "uv": [ 4, 14, 5.25, 15 ], "texture": "#nagamyrmidon" },
				"up": { "uv": [ 5.25, 15, 6.5, 16 ], "texture": "#nagamyrmidon" },
				"north": { "uv": [ 4, 15, 5.25, 16 ], "texture": "#nagamyrmidon" },
				"south": { "uv": [ 5.25, 14, 6.5, 15 ], "texture": "#nagamyrmidon" },
				"west": { "uv": [ 0, 13, 1, 14 ], "texture": "#nagamyrmidon" },
				"east": { "uv": [ 1, 13, 2, 14 ], "texture": "#nagamyrmidon" }
			}
		},
		{
			"__comment": "Box1",
			"from": [ 5.9288, 6.5275, 2.6512 ],
			"to": [ 10.0238, 9.992498, 6.7462 ],
			"faces": {
				"down": { "uv": [ 2, 13, 3, 14 ], "texture": "#nagamyrmidon" },
				"up": { "uv": [ 3, 13, 4, 14 ], "texture": "#nagamyrmidon" },
				"north": { "uv": [ 3.75, 12.25, 4.75, 13 ], "texture": "#nagamyrmidon" },
				"south": { "uv": [ 4.75, 12.25, 5.75, 13 ], "texture": "#nagamyrmidon" },
				"west": { "uv": [ 5.75, 12.25, 6.75, 13 ], "texture": "#nagamyrmidon" },
				"east": { "uv": [ 16, 12, 15, 12.75 ], "texture": "#nagamyrmidon" }
			}
		},
		{
			"__comment": "Box1",
			"from": [ 6.0863, 4.0863, 1.47 ],
			"to": [ 9.8663, 8.4963, 5.25 ],
			"rotation": { "origin": [ 6.08625, 4.08625, 1.47 ], "axis": "x", "angle": 22.5 },
			"faces": {
				"down": { "uv": [ 3, 11, 3.75, 11.75 ], "texture": "#nagamyrmidon" },
				"up": { "uv": [ 3.75, 11, 4.5, 11.75 ], "texture": "#nagamyrmidon" },
				"north": { "uv": [ 6.75, 13, 7.5, 14 ], "texture": "#nagamyrmidon" },
				"south": { "uv": [ 6, 13, 6.75, 14 ], "texture": "#nagamyrmidon" },
				"west": { "uv": [ 3, 12, 3.75, 13 ], "texture": "#nagamyrmidon" },
				"east": { "uv": [ 13.5, 12, 12.75, 13 ], "texture": "#nagamyrmidon" }
			}
		},
		{
			"__comment": "Box1",
			"from": [ 6.2438, 0.9363, 1.6275 ],
			"to": [ 9.708799, 4.4013, 5.4075 ],
			"faces": {
				"down": { "uv": [ 6.75, 10, 7.5, 10.75 ], "texture": "#nagamyrmidon" },
				"up": { "uv": [ 6, 10, 6.75, 10.75 ], "texture": "#nagamyrmidon" },
				"north": { "uv": [ 5.25, 10, 6, 10.75 ], "texture": "#nagamyrmidon" },
				"south": { "uv": [ 4.5, 10, 5.25, 10.75 ], "texture": "#nagamyrmidon" },
				"west": { "uv": [ 3.75, 10, 4.5, 10.75 ], "texture": "#nagamyrmidon" },
				"east": { "uv": [ 13.5, 10, 12.75, 10.75 ], "texture": "#nagamyrmidon" }
			}
		},
		{
			"__comment": "Box1",
			"from": [ 6.4012, -1.3475, 4.305 ],
			"to": [ 9.5512, 2.1175, 7.77 ],
			"rotation": { "origin": [ 6.40125, -1.347499, 4.305 ], "axis": "x", "angle": -45 },
			"faces": {
				"down": { "uv": [ 1.5, 10, 2.25, 10.75 ], "texture": "#nagamyrmidon" },
				"up": { "uv": [ 6, 11, 6.75, 11.75 ], "texture": "#nagamyrmidon" },
				"north": { "uv": [ 2.25, 10, 3, 10.75 ], "texture": "#nagamyrmidon" },
				"south": { "uv": [ 4.5, 11, 5.25, 11.75 ], "texture": "#nagamyrmidon" },
				"west": { "uv": [ 5.25, 11, 6, 11.75 ], "texture": "#nagamyrmidon" },
				"east": { "uv": [ 12, 10, 11.25, 10.75 ], "texture": "#nagamyrmidon" }
			}
		},
		{
			"__comment": "Box1",
			"from": [ 6.5588, -1.2677, 4.62 ],
			"to": [ 9.393799, 1.8823, 7.77 ],
			"faces": {
				"down": { "uv": [ 7.5, 11, 8, 11.75 ], "texture": "#nagamyrmidon" },
				"up": { "uv": [ 7.5, 10, 8, 10.75 ], "texture": "#nagamyrmidon" },
				"north": { "uv": [ 0.75, 9.25, 1.25, 10 ], "texture": "#nagamyrmidon" },
				"south": { "uv": [ 1.25, 9.25, 1.75, 10 ], "texture": "#nagamyrmidon" },
				"west": { "uv": [ 1.5, 11, 2.25, 11.75 ], "texture": "#nagamyrmidon", "rotation": 270 },
				"east": { "uv": [ 11.5, 9, 12.25, 8.25 ], "texture": "#nagamyrmidon", "rotation": 270 }
			}
		},
		{
			"__comment": "Box1",
			"from": [ 7.767, -1.2687, 7.5067 ],
			"to": [ 10.287, 1.5663, 10.0267 ],
			"rotation": { "origin": [ 8.212501, -1.268749, 10.21125 ], "axis": "y", "angle": 22.5 },
			"faces": {
				"down": { "uv": [ 13.5, 0, 14, 0.5 ], "texture": "#nagamyrmidon" },
				"up": { "uv": [ 6.75, 9.5, 7.25, 10 ], "texture": "#nagamyrmidon" },
				"north": { "uv": [ 7.25, 9.5, 7.75, 10 ], "texture": "#nagamyrmidon" },
				"south": { "uv": [ 0, 8.75, 0.5, 9.25 ], "texture": "#nagamyrmidon" },
				"west": { "uv": [ 0.5, 8.75, 1, 9.25 ], "texture": "#nagamyrmidon", "rotation": 270 },
				"east": { "uv": [ 12, 7, 12.5, 6.5 ], "texture": "#nagamyrmidon", "rotation": 270 }
			}
		},
		{
			"__comment": "Box1",
			"from": [ 6.4806, 16.7046, -0.3588 ],
			"to": [ 9.6306, 18.5946, 0.9012002 ],
			"rotation": { "origin": [ 9.70875, 14.6825, -1.7575 ], "axis": "x", "angle": -22.5 },
			"faces": {
				"down": { "uv": [ 4, 8.25, 4.75, 8.5 ], "texture": "#nagamyrmidon" },
				"up": { "uv": [ 3.75, 11, 3, 10.75 ], "texture": "#nagamyrmidon" },
				"north": { "uv": [ 2.25, 11, 1.5, 10.75 ], "texture": "#nagamyrmidon" },
				"south": { "uv": [ 2.25, 10.75, 3, 11 ], "texture": "#nagamyrmidon" },
				"west": { "uv": [ 4.25, 8, 4.5, 8.25 ], "texture": "#nagamyrmidon" },
				"east": { "uv": [ 4.5, 8, 4.25, 8.25 ], "texture": "#nagamyrmidon", "rotation": 180 }
			}
		},
		{
			"__comment": "Box1",
			"from": [ 7.9622, -1.189, 11.3464 ],
			"to": [ 9.537199, 0.7009999, 13.8664 ],
			"rotation": { "origin": [ 7.97625, -1.189, 11.94375 ], "axis": "y", "angle": -22.5 },
			"faces": {
				"down": { "uv": [ 0, 1, 0.25, 1.5 ], "texture": "#nagamyrmidon" },
				"up": { "uv": [ 0, 1.5, 0.25, 2 ], "texture": "#nagamyrmidon" },
				"north": { "uv": [ 4, 8, 4.25, 8.25 ], "texture": "#nagamyrmidon" },
				"south": { "uv": [ 1.5, 8, 1.75, 8.25 ], "texture": "#nagamyrmidon" },
				"west": { "uv": [ 0.25, 8, 0.75, 8.25 ], "texture": "#nagamyrmidon", "rotation": 270 },
				"east": { "uv": [ 12.5, 5.5, 13, 5.25 ], "texture": "#nagamyrmidon", "rotation": 270 }
			}
		},
		{
			"__comment": "Box1",
			"from": [ 7.4132, -1.19, 13.6344 ],
			"to": [ 8.6732, 0.3850001, 16.1544 ],
			"faces": {
				"down": { "uv": [ 0, 2, 0.25, 2.5 ], "texture": "#nagamyrmidon" },
				"up": { "uv": [ 0, 2.5, 0.25, 3 ], "texture": "#nagamyrmidon" },
				"north": { "uv": [ 2.75, 8, 3, 8.25 ], "texture": "#nagamyrmidon" },
				"south": { "uv": [ 2.5, 8, 2.75, 8.25 ], "texture": "#nagamyrmidon" },
				"west": { "uv": [ 6.25, 9.25, 6.75, 9.5 ], "texture": "#nagamyrmidon", "rotation": 270 },
				"east": { "uv": [ 13.5, 5.5, 14, 5.25 ], "texture": "#nagamyrmidon", "rotation": 270 }
			}
		},
		{
			"__comment": "Box1",
			"from": [ 7.8649, -1.19, 9.3776 ],
			"to": [ 9.7549, 1.015, 11.8976 ],
			"faces": {
				"down": { "uv": [ 7.75, 9.5, 8, 10 ], "texture": "#nagamyrmidon" },
				"up": { "uv": [ 6.75, 8.25, 7, 8.75 ], "texture": "#nagamyrmidon" },
				"north": { "uv": [ 6.5, 8.25, 6.75, 8.75 ], "texture": "#nagamyrmidon" },
				"south": { "uv": [ 6.25, 8.25, 6.5, 8.75 ], "texture": "#nagamyrmidon" },
				"west": { "uv": [ 3.5, 8.75, 4, 9.25 ], "texture": "#nagamyrmidon", "rotation": 270 },
				"east": { "uv": [ 13.5, 7, 14, 6.5 ], "texture": "#nagamyrmidon", "rotation": 270 }
			}
		},
		{
			"__comment": "Box1",
			"from": [ 6.804, 12.5938, 1.0531 ],
			"to": [ 9.323999, 15.1138, 3.573101 ],
			"rotation": { "origin": [ 9.70875, 13.5575, -0.5075001 ], "axis": "x", "angle": -22.5 },
			"faces": {
				"down": { "uv": [ 6, 8.75, 6.5, 9.25 ], "texture": "#nagamyrmidon" },
				"up": { "uv": [ 6, 9.25, 5.5, 8.75 ], "texture": "#nagamyrmidon" },
				"north": { "uv": [ 11.5, 12, 11, 11.5 ], "texture": "#nagamyrmidon" },
				"south": { "uv": [ 10, 9, 10.5, 9.5 ], "texture": "#nagamyrmidon" },
				"west": { "uv": [ 8.5, 5.5, 9, 6 ], "texture": "#nagamyrmidon", "rotation": 180 },
				"east": { "uv": [ 8.5, 5.5, 9, 6 ], "texture": "#nagamyrmidon" }
			}
		},
		{
			"__comment": "Box1",
			"from": [ 6.3046, 14.1961, -0.3588 ],
			"to": [ 9.7696, 16.7161, 0.9012002 ],
			"rotation": { "origin": [ 9.70875, 14.6825, -1.7575 ], "axis": "x", "angle": -22.5 },
			"faces": {
				"down": { "uv": [ 15.25, 15.75, 16, 16 ], "texture": "#nagamyrmidon" },
				"up": { "uv": [ 6.75, 11, 6, 10.75 ], "texture": "#nagamyrmidon" },
				"north": { "uv": [ 7.5, 12.25, 6.75, 11.75 ], "texture": "#nagamyrmidon" },
				"south": { "uv": [ 5.75, 11.75, 6.5, 12.25 ], "texture": "#nagamyrmidon" },
				"west": { "uv": [ 4.25, 9.25, 4.75, 9.5 ], "texture": "#nagamyrmidon", "rotation": 90 },
				"east": { "uv": [ 4.75, 9.25, 4.25, 9.5 ], "texture": "#nagamyrmidon", "rotation": 270 }
			}
		},
		{
			"__comment": "Box1",
			"from": [ 6.4519, 14.6961, 1.61 ],
			"to": [ 9.6019, 17.2161, 2.87 ],
			"rotation": { "origin": [ 9.70875, 14.9325, -1.3825 ], "axis": "x", "angle": -22.5 },
			"faces": {
				"down": { "uv": [ 4.75, 8.25, 5.5, 8.5 ], "texture": "#nagamyrmidon" },
				"up": { "uv": [ 5.5, 8.75, 4.75, 8.5 ], "texture": "#nagamyrmidon" },
				"north": { "uv": [ 4.5, 12.25, 3.75, 11.75 ], "texture": "#nagamyrmidon", "rotation": 90 },
				"south": { "uv": [ 4.75, 11.75, 5.5, 12.25 ], "texture": "#nagamyrmidon" },
				"west": { "uv": [ 7.5, 15, 8, 15.25 ], "texture": "#nagamyrmidon", "rotation": 90 },
				"east": { "uv": [ 8, 15, 7.5, 15.25 ], "texture": "#nagamyrmidon", "rotation": 270 }
			}
		},
		{
			"__comment": "Box1",
			"from": [ 6.6279, 17.1988, 1.61 ],
			"to": [ 9.462898, 18.7738, 2.555 ],
			"rotation": { "origin": [ 9.70875, 14.9325, -1.3825 ], "axis": "x", "angle": -22.5 },
			"faces": {
				"down": { "uv": [ 7.5, 8.5, 8, 8.75 ], "texture": "#nagamyrmidon" },
				"up": { "uv": [ 6, 8.5, 5.5, 8.25 ], "texture": "#nagamyrmidon" },
				"north": { "uv": [ 5.25, 9.5, 4.75, 9.25 ], "texture": "#nagamyrmidon" },
				"south": { "uv": [ 6.75, 9.25, 7.25, 9.5 ], "texture": "#nagamyrmidon" },
				"west": { "uv": [ 5.25, 8, 5.5, 8.25 ], "texture": "#nagamyrmidon" },
				"east": { "uv": [ 5.25, 8.25, 5.5, 8 ], "texture": "#nagamyrmidon", "rotation": 180 }
			}
		},
		{
			"__comment": "Box17",
			"from": [ 8.2946, 11.9819, -3.009 ],
			"to": [ 9.8696, 13.8719, -1.434 ],
			"rotation": { "origin": [ 8.8812, 8.7964, -1.527 ], "axis": "y", "angle": 45 },
			"faces": {
				"down": { "uv": [ 14.5, 0, 15, 0.5 ], "texture": "#nagamyrmidon" },
				"up": { "uv": [ 14.5, 0.5, 15, 0 ], "texture": "#nagamyrmidon" },
				"north": { "uv": [ 15, 0.5, 15.5, 0 ], "texture": "#nagamyrmidon" },
				"south": { "uv": [ 3.5, 8, 3.75, 8.25 ], "texture": "#nagamyrmidon" },
				"west": { "uv": [ 4.75, 8, 5, 8.25 ], "texture": "#nagamyrmidon", "rotation": 90 },
				"east": { "uv": [ 15.5, 0, 16, 0.5 ], "texture": "#nagamyrmidon", "rotation": 270 }
			}
		},
		{
			"__comment": "Box17",
			"from": [ 7.7788, 11.7793, 0.8983 ],
			"to": [ 9.9838, 14.2993, 4.3633 ],
			"rotation": { "origin": [ 8.8812, 8.7964, -3.027 ], "axis": "y", "angle": 22.5 },
			"faces": {
				"down": { "uv": [ 2.25, 9.25, 2.75, 10 ], "texture": "#nagamyrmidon" },
				"up": { "uv": [ 2.25, 10, 2.75, 9.25 ], "texture": "#nagamyrmidon" },
				"north": { "uv": [ 0.5, 8.75, 0, 8.25 ], "texture": "#nagamyrmidon" },
				"south": { "uv": [ 0.5, 8.25, 1, 8.75 ], "texture": "#nagamyrmidon" },
				"west": { "uv": [ 3.25, 9.25, 3.75, 10 ], "texture": "#nagamyrmidon", "rotation": 90 },
				"east": { "uv": [ 8, 13.25, 7.5, 14 ], "texture": "#nagamyrmidon", "rotation": 270 }
			}
		},
		{
			"__comment": "Box17",
			"from": [ 5.1713, 11.8576, 0.9079 ],
			"to": [ 7.3763, 14.3776, 4.3729 ],
			"rotation": { "origin": [ 6.625, 15.375, -1.625 ], "axis": "y", "angle": -22.5 },
			"faces": {
				"down": { "uv": [ 2.75, 9.25, 2.25, 10 ], "texture": "#nagamyrmidon" },
				"up": { "uv": [ 2.75, 10, 2.25, 9.25 ], "texture": "#nagamyrmidon" },
				"north": { "uv": [ 16, 9.5, 15.5, 9 ], "texture": "#nagamyrmidon" },
				"south": { "uv": [ 1, 8.25, 1.5, 8.75 ], "texture": "#nagamyrmidon" },
				"west": { "uv": [ 7.5, 13.25, 8, 14 ], "texture": "#nagamyrmidon", "rotation": 90 },
				"east": { "uv": [ 7.5, 14.25, 8, 15 ], "texture": "#nagamyrmidon", "rotation": 270 }
			}
		},
		{
			"__comment": "Box17",
			"from": [ 6.0788, 12.2813, -4.2325 ],
			"to": [ 7.6538, 14.1713, -2.6575 ],
			"rotation": { "origin": [ 6, 15.375, -1.5 ], "axis": "y", "angle": -45 },
			"faces": {
				"down": { "uv": [ 15, 0, 14.5, 0.5 ], "texture": "#nagamyrmidon" },
				"up": { "uv": [ 15, 0.5, 14.5, 0 ], "texture": "#nagamyrmidon" },
				"north": { "uv": [ 15.5, 0.5, 15, 0 ], "texture": "#nagamyrmidon" },
				"south": { "uv": [ 6, 8, 6.25, 8.25 ], "texture": "#nagamyrmidon" },
				"west": { "uv": [ 15.5, 0, 16, 0.5 ], "texture": "#nagamyrmidon", "rotation": 90 },
				"east": { "uv": [ 0.75, 8, 1, 8.25 ], "texture": "#nagamyrmidon", "rotation": 270 }
			}
		},
		{
			"__comment": "Box17",
			"from": [ 6.0788, 12.2813, -2.6575 ],
			"to": [ 7.9688, 14.1713, 1.1225 ],
			"rotation": { "origin": [ 6, 15.375, -1.5 ], "axis": "y", "angle": -45 },
			"faces": {
				"down": { "uv": [ 15.5, 7, 16, 8.25 ], "texture": "#nagamyrmidon" },
				"up": { "uv": [ 12.5, 16, 12, 15 ], "texture": "#nagamyrmidon" },
				"north": { "uv": [ 5.75, 8.25, 5.5, 8 ], "texture": "#nagamyrmidon" },
				"south": { "uv": [ 3, 8, 3.25, 8.25 ], "texture": "#nagamyrmidon" },
				"west": { "uv": [ 15.5, 7, 16, 8.25 ], "texture": "#nagamyrmidon", "rotation": 90 },
				"east": { "uv": [ 15.5, 7, 16, 8.25 ], "texture": "#nagamyrmidon", "rotation": 270 }
			}
		},
		{
			"__comment": "Box17",
			"from": [ 7.9796, 11.9819, -1.434 ],
			"to": [ 9.8696, 13.8719, 2.346 ],
			"rotation": { "origin": [ 8.8812, 8.7964, -1.527 ], "axis": "y", "angle": 45 },
			"faces": {
				"down": { "uv": [ 15.5, 7, 16, 8.25 ], "texture": "#nagamyrmidon" },
				"up": { "uv": [ 12, 16, 12.5, 15 ], "texture": "#nagamyrmidon" },
				"north": { "uv": [ 1.5, 8.25, 1.25, 8 ], "texture": "#nagamyrmidon" },
				"south": { "uv": [ 3.25, 8, 3.5, 8.25 ], "texture": "#nagamyrmidon" },
				"west": { "uv": [ 15.5, 7, 16, 8.25 ], "texture": "#nagamyrmidon", "rotation": 90 },
				"east": { "uv": [ 15.5, 7, 16, 8.25 ], "texture": "#nagamyrmidon", "rotation": 270 }
			}
		},
		{
			"__comment": "PlaneX23",
			"from": [ 9.4725, 14.965, 1.295 ],
			"to": [ 9.4735, 18.745, 1.61 ],
			"rotation": { "origin": [ 9.70875, 14.9325, -1.3825 ], "axis": "x", "angle": -22.5 },
			"faces": {
				"west": { "uv": [ 4.5, 10.75, 6, 11 ], "texture": "#nagamyrmidon", "rotation": 270 },
				"east": { "uv": [ 6, 10.75, 4.5, 11 ], "texture": "#nagamyrmidon", "rotation": 90 }
			}
		},
		{
			"__comment": "PlaneX23",
			"from": [ 6.43, 18.559, 0.9012 ],
			"to": [ 9.58, 18.56, 1.216201 ],
			"rotation": { "origin": [ 9.70875, 14.6825, -1.7575 ], "axis": "x", "angle": -22.5 },
			"faces": {
				"down": { "uv": [ 8.5, 9, 7, 8.5 ], "texture": "#nagamyrmidon", "rotation": 180 },
				"up": { "uv": [ 8.5, 8.5, 7, 9 ], "texture": "#nagamyrmidon", "rotation": 180 }
			}
		},
		{
			"__comment": "PlaneX23",
			"from": [ 9.58, 14.465, 0.9012 ],
			"to": [ 9.581, 18.56, 1.216201 ],
			"rotation": { "origin": [ 9.70875, 14.6825, -1.7575 ], "axis": "x", "angle": -22.5 },
			"faces": {
				"west": { "uv": [ 3.5, 8.5, 1.5, 9 ], "texture": "#nagamyrmidon", "rotation": 90 },
				"east": { "uv": [ 1.5, 8.5, 3.5, 9 ], "texture": "#nagamyrmidon", "rotation": 270 }
			}
		},
		{
			"__comment": "PlaneX23",
			"from": [ 6.6375, 18.744, 1.295 ],
			"to": [ 9.4725, 18.745, 1.61 ],
			"rotation": { "origin": [ 9.70875, 14.9325, -1.3825 ], "axis": "x", "angle": -22.5 },
			"faces": {
				"down": { "uv": [ 8.5, 8.5, 7, 9 ], "texture": "#nagamyrmidon", "rotation": 180 },
				"up": { "uv": [ 8.5, 9, 7, 8.5 ], "texture": "#nagamyrmidon", "rotation": 180 }
			}
		},
		{
			"__comment": "PlaneX23",
			"from": [ 6.6375, 14.965, 1.295 ],
			"to": [ 6.6385, 18.745, 1.61 ],
			"rotation": { "origin": [ 9.70875, 14.9325, -1.3825 ], "axis": "x", "angle": -22.5 },
			"faces": {
				"west": { "uv": [ 4.5, 10.75, 6, 11 ], "texture": "#nagamyrmidon", "rotation": 270 },
				"east": { "uv": [ 6, 10.75, 4.5, 11 ], "texture": "#nagamyrmidon", "rotation": 90 }
			}
		},
		{
			"__comment": "PlaneX23",
			"from": [ 6.5088, 14.465, 0.9012 ],
			"to": [ 6.5098, 18.56, 1.216201 ],
			"rotation": { "origin": [ 9.70875, 14.6825, -1.7575 ], "axis": "x", "angle": -22.5 },
			"faces": {
				"west": { "uv": [ 3.5, 8.5, 1.5, 9 ], "texture": "#nagamyrmidon", "rotation": 90 },
				"east": { "uv": [ 1.5, 8.5, 3.5, 9 ], "texture": "#nagamyrmidon", "rotation": 270 }
			}
		},
		{
			"__comment": "PlaneX29",
			"from": [ 9.708799, 15.8076, -1.3825 ],
			"to": [ 13.4888, 15.8086, 3.972501 ],
			"rotation": { "origin": [ 9.70875, 15.8075, -1.3825 ], "axis": "z", "angle": -22.5 },
			"faces": {
				"down": { "uv": [ 1.5, 11.75, 2.25, 13 ], "texture": "#nagamyrmidon" },
				"up": { "uv": [ 1.5, 13, 2.25, 11.75 ], "texture": "#nagamyrmidon" }
			}
		},
		{
			"__comment": "PlaneX29",
			"from": [ 9.787499, 6.7725, 6.0375 ],
			"to": [ 9.7885, 14.9625, 10.7625 ],
			"faces": {
				"west": { "uv": [ 0, 14, 1, 16 ], "texture": "#nagamyrmidon", "rotation": 180 },
				"east": { "uv": [ 1, 14, 0, 16 ], "texture": "#nagamyrmidon", "rotation": 180 }
			}
		},
		{
			"__comment": "PlaneX29",
			"from": [ 2.7, 16.9315, -1.3825 ],
			"to": [ 6.48, 16.9325, 3.972501 ],
			"rotation": { "origin": [ 9.708799, 16.9325, -1.3825 ], "axis": "z", "angle": 22.5 },
			"faces": {
				"down": { "uv": [ 2.25, 11.75, 1.5, 13 ], "texture": "#nagamyrmidon" },
				"up": { "uv": [ 2.25, 13, 1.5, 11.75 ], "texture": "#nagamyrmidon" }
			}
		},
		{
			"__comment": "PlaneX29",
			"from": [ 8.054999, 14.5712, 2.555 ],
			"to": [ 8.056, 18.3512, 4.445 ],
			"rotation": { "origin": [ 9.70875, 14.9325, -1.3825 ], "axis": "x", "angle": -22.5 },
			"faces": {
				"west": { "uv": [ 14.5, 14, 15.5, 14.5 ], "texture": "#nagamyrmidon", "rotation": 90 },
				"east": { "uv": [ 15.5, 14, 14.5, 14.5 ], "texture": "#nagamyrmidon", "rotation": 270 }
			}
		},
		{
			"__comment": "PlaneX29",
			"from": [ 6.165, 7.0225, 6.0375 ],
			"to": [ 6.166, 15.2125, 10.7625 ],
			"faces": {
				"west": { "uv": [ 0, 14, 1, 16 ], "texture": "#nagamyrmidon", "rotation": 180 },
				"east": { "uv": [ 1, 14, 0, 16 ], "texture": "#nagamyrmidon", "rotation": 180 }
			}
		},
		{
			"__comment": "PlaneX29",
			"from": [ 5.4562, 14.0875, 2.3363 ],
			"to": [ 5.4572, 18.8125, 6.7463 ],
			"rotation": { "origin": [ 5.45625, 14.0875, 2.33625 ], "axis": "x", "angle": 22.5 },
			"faces": {
				"west": { "uv": [ 5, 13, 6, 14 ], "texture": "#nagamyrmidon" },
				"east": { "uv": [ 6, 13, 5, 14 ], "texture": "#nagamyrmidon" }
			}
		},
		{
			"__comment": "PlaneX29",
			"from": [ 7.9762, 0.0741, 16.2856 ],
			"to": [ 7.9772, 2.2791, 18.4906 ],
			"rotation": { "origin": [ 7.97625, 2.19725, 16.03875 ], "axis": "y", "angle": 22.5 },
			"faces": {
				"west": { "uv": [ 7.5, 12.25, 8, 11.75 ], "texture": "#nagamyrmidon", "rotation": 270 },
				"east": { "uv": [ 7.5, 11.75, 8, 12.25 ], "texture": "#nagamyrmidon", "rotation": 270 }
			}
		},
		{
			"__comment": "PlaneX29",
			"from": [ 10.4962, 14.0875, 2.3363 ],
			"to": [ 10.4972, 18.8125, 6.7463 ],
			"rotation": { "origin": [ 10.49625, 14.0875, 2.33625 ], "axis": "x", "angle": 22.5 },
			"faces": {
				"west": { "uv": [ 5, 13, 6, 14 ], "texture": "#nagamyrmidon" },
				"east": { "uv": [ 6, 13, 5, 14 ], "texture": "#nagamyrmidon" }
			}
		},
		{
			"__comment": "PlaneX29",
			"from": [ 7.9762, 1.5703, 5.7766 ],
			"to": [ 7.9772, 3.7753, 7.6666 ],
			"faces": {
				"west": { "uv": [ 4.25, 9.5, 4.75, 10 ], "texture": "#nagamyrmidon", "rotation": 90 },
				"east": { "uv": [ 4.25, 10, 4.75, 9.5 ], "texture": "#nagamyrmidon", "rotation": 90 }
			}
		},
		{
			"__comment": "PlaneX29",
			"from": [ 7.9762, 1.5693, 7.7806 ],
			"to": [ 7.9772, 3.7743, 9.9856 ],
			"rotation": { "origin": [ 7.97625, 3.6925, 7.53375 ], "axis": "y", "angle": 22.5 },
			"faces": {
				"west": { "uv": [ 4.25, 9.5, 4.75, 10 ], "texture": "#nagamyrmidon", "rotation": 90 },
				"east": { "uv": [ 4.25, 10, 4.75, 9.5 ], "texture": "#nagamyrmidon", "rotation": 90 }
			}
		},
		{
			"__comment": "PlaneX29",
			"from": [ 11.8812, 13.0464, -4.027 ],
			"to": [ 15.0312, 13.0474, -0.8770003 ],
			"rotation": { "origin": [ 11.8812, 13.0464, -4.027 ], "axis": "y", "angle": -45 },
			"faces": {
				"down": { "uv": [ 7.5, 11.75, 6.75, 11 ], "texture": "#nagamyrmidon", "rotation": 90 },
				"up": { "uv": [ 7.5, 11, 6.75, 11.75 ], "texture": "#nagamyrmidon", "rotation": 270 }
			}
		},
		{
			"__comment": "PlaneX29",
			"from": [ 8.9212, 0.7041, 11.9543 ],
			"to": [ 8.9222, 2.9091, 14.1593 ],
			"rotation": { "origin": [ 8.92125, 2.827251, 11.7075 ], "axis": "y", "angle": -22.5 },
			"faces": {
				"west": { "uv": [ 4.25, 9.5, 4.75, 10 ], "texture": "#nagamyrmidon", "rotation": 90 },
				"east": { "uv": [ 4.25, 10, 4.75, 9.5 ], "texture": "#nagamyrmidon", "rotation": 90 }
			}
		},
		{
			"__comment": "PlaneX29",
			"from": [ 8.054999, 0.2306, 14.0018 ],
			"to": [ 8.056, 2.4356, 16.2068 ],
			"faces": {
				"west": { "uv": [ 5.75, 10, 6.25, 9.5 ], "texture": "#nagamyrmidon", "rotation": 270 },
				"east": { "uv": [ 5.75, 9.5, 6.25, 10 ], "texture": "#nagamyrmidon", "rotation": 270 }
			}
		},
		{
			"__comment": "PlaneX29",
			"from": [ 8.8425, 1.0181, 9.7493 ],
			"to": [ 8.8435, 3.2231, 11.9543 ],
			"faces": {
				"west": { "uv": [ 4.25, 9.5, 4.75, 10 ], "texture": "#nagamyrmidon", "rotation": 90 },
				"east": { "uv": [ 4.25, 10, 4.75, 9.5 ], "texture": "#nagamyrmidon", "rotation": 90 }
			}
		},
		{
			"__comment": "PlaneX29",
			"from": [ 4.275, 13.1805, -2.5639 ],
			"to": [ 7.425, 13.1815, 0.5860991 ],
			"rotation": { "origin": [ 4.275, 13.1805, 0.5861001 ], "axis": "y", "angle": 45 },
			"faces": {
				"down": { "uv": [ 7.5, 11.75, 6.75, 11 ], "texture": "#nagamyrmidon", "rotation": 90 },
				"up": { "uv": [ 7.5, 11, 6.75, 11.75 ], "texture": "#nagamyrmidon", "rotation": 270 }
			}
		},
		{
			"__comment": "Box1",
			"from": [ 7.8676, 2.0552, -3.1555 ],
			"to": [ 8.63208, 15.05133, -2.391022 ],
			"faces": {
				"down": { "uv": [ 9, 9, 10, 10 ], "texture": "#nagaglaive" },
				"up": { "uv": [ 9, 8, 10, 9 ], "texture": "#nagaglaive" },
				"north": { "uv": [ 0, 16, 1, 11 ], "texture": "#nagaglaive", "rotation": 180 },
				"south": { "uv": [ 0, 16, 1, 11 ], "texture": "#nagaglaive", "rotation": 180 },
				"west": { "uv": [ 0, 11, 1, 16 ], "texture": "#nagaglaive", "rotation": 180 },
				"east": { "uv": [ 0, 11, 1, 16 ], "texture": "#nagaglaive", "rotation": 180 }
			}
		},
		{
			"__comment": "Box1",
			"from": [ 7.6765, 1.1112, -3.3466 ],
			"to": [ 8.8465, 2.2812, -2.1766 ],
			"faces": {
				"down": { "uv": [ 1, 9, 2, 10 ], "texture": "#nagaglaive" },
				"up": { "uv": [ 1, 9, 2, 10 ], "texture": "#nagaglaive" },
				"north": { "uv": [ 1, 9, 2, 10 ], "texture": "#nagaglaive" },
				"south": { "uv": [ 1, 9, 2, 10 ], "texture": "#nagaglaive" },
				"west": { "uv": [ 1, 9, 2, 10 ], "texture": "#nagaglaive" },
				"east": { "uv": [ 1, 9, 2, 10 ], "texture": "#nagaglaive" }
			}
		},
		{
			"__comment": "Box1",
			"from": [ 8.0588, 15.0514, -3.7287 ],
			"to": [ 8.44104, 17.34483, -2.199745 ],
			"faces": {
				"down": { "uv": [ 2, 10, 3, 11 ], "texture": "#nagaglaive" },
				"up": { "uv": [ 2, 9, 3, 10 ], "texture": "#nagaglaive" },
				"north": { "uv": [ 2, 8, 3, 9 ], "texture": "#nagaglaive" },
				"south": { "uv": [ 3, 10, 4, 11 ], "texture": "#nagaglaive" },
				"west": { "uv": [ 3, 9, 4, 10 ], "texture": "#nagaglaive" },
				"east": { "uv": [ 4, 9, 3, 10 ], "texture": "#nagaglaive" }
			}
		},
		{
			"__comment": "Box1",
			"from": [ 8.0588, 17.3448, -4.0154 ],
			"to": [ 8.44104, 18.10928, -2.199766 ],
			"faces": {
				"down": { "uv": [ 4, 13, 5, 14 ], "texture": "#nagaglaive" },
				"up": { "uv": [ 5, 13, 6, 14 ], "texture": "#nagaglaive" },
				"north": { "uv": [ 4, 12, 5, 13 ], "texture": "#nagaglaive" },
				"south": { "uv": [ 5, 12, 6, 13 ], "texture": "#nagaglaive" },
				"west": { "uv": [ 4, 11, 5, 12 ], "texture": "#nagaglaive" },
				"east": { "uv": [ 5, 11, 4, 12 ], "texture": "#nagaglaive" }
			}
		},
		{
			"__comment": "Box1",
			"from": [ 8.0588, 18.1093, -4.0154 ],
			"to": [ 8.44104, 20.02049, -2.199766 ],
			"faces": {
				"down": { "uv": [ 4, 10, 5, 11 ], "texture": "#nagaglaive" },
				"up": { "uv": [ 5, 10, 6, 11 ], "texture": "#nagaglaive" },
				"north": { "uv": [ 4, 9, 5, 10 ], "texture": "#nagaglaive" },
				"south": { "uv": [ 5, 9, 6, 10 ], "texture": "#nagaglaive" },
				"west": { "uv": [ 4, 8, 5, 9 ], "texture": "#nagaglaive" },
				"east": { "uv": [ 5, 8, 4, 9 ], "texture": "#nagaglaive" }
			}
		},
		{
			"__comment": "Box1",
			"from": [ 8.0588, 20.0204, -4.2066 ],
			"to": [ 8.44104, 21.16711, -2.209401 ],
			"faces": {
				"down": { "uv": [ 12, 9, 13, 10 ], "texture": "#nagaglaive" },
				"up": { "uv": [ 6, 14, 7, 15 ], "texture": "#nagaglaive" },
				"north": { "uv": [ 6, 13, 7, 14 ], "texture": "#nagaglaive" },
				"south": { "uv": [ 6, 12, 7, 13 ], "texture": "#nagaglaive" },
				"west": { "uv": [ 6, 11, 7, 12 ], "texture": "#nagaglaive" },
				"east": { "uv": [ 7, 11, 6, 12 ], "texture": "#nagaglaive" }
			}
		},
		{
			"__comment": "Box1",
			"from": [ 8.0588, 21.1672, -4.2066 ],
			"to": [ 8.44104, 21.93168, -2.199846 ],
			"faces": {
				"down": { "uv": [ 6, 9, 7, 10 ], "texture": "#nagaglaive" },
				"up": { "uv": [ 6, 8, 7, 9 ], "texture": "#nagaglaive" },
				"north": { "uv": [ 7, 15, 8, 16 ], "texture": "#nagaglaive" },
				"south": { "uv": [ 7, 14, 8, 15 ], "texture": "#nagaglaive" },
				"west": { "uv": [ 7, 13, 8, 14 ], "texture": "#nagaglaive" },
				"east": { "uv": [ 8, 13, 7, 14 ], "texture": "#nagaglaive" }
			}
		},
		{
			"__comment": "Box1",
			"from": [ 8.0588, 21.9317, -4.1111 ],
			"to": [ 8.44104, 22.69618, -2.199905 ],
			"faces": {
				"down": { "uv": [ 7, 11, 8, 12 ], "texture": "#nagaglaive" },
				"up": { "uv": [ 7, 10, 8, 11 ], "texture": "#nagaglaive" },
				"north": { "uv": [ 7, 9, 8, 10 ], "texture": "#nagaglaive" },
				"south": { "uv": [ 7, 8, 8, 9 ], "texture": "#nagaglaive" },
				"west": { "uv": [ 8, 15, 9, 16 ], "texture": "#nagaglaive" },
				"east": { "uv": [ 9, 15, 8, 16 ], "texture": "#nagaglaive" }
			}
		},
		{
			"__comment": "Box1",
			"from": [ 8.0595, 23.9329, -10.8923 ],
			"to": [ 8.44174, 25.07961, -10.12782 ],
			"rotation": { "origin": [ 8.25, 14, -6.5 ], "axis": "x", "angle": 45 },
			"faces": {
				"down": { "uv": [ 10, 15, 11, 16 ], "texture": "#nagaglaive" },
				"up": { "uv": [ 11, 15, 12, 16 ], "texture": "#nagaglaive" },
				"north": { "uv": [ 12, 15, 13, 16 ], "texture": "#nagaglaive" },
				"south": { "uv": [ 13, 15, 14, 16 ], "texture": "#nagaglaive" },
				"west": { "uv": [ 14, 15, 15, 16 ], "texture": "#nagaglaive" },
				"east": { "uv": [ 15, 15, 14, 16 ], "texture": "#nagaglaive" }
			}
		},
		{
			"__comment": "Box1",
			"from": [ 8.0595, 23.0438, -7.3904 ],
			"to": [ 8.44174, 24.19052, -5.861445 ],
			"rotation": { "origin": [ 8.25, 14, -6.5 ], "axis": "x", "angle": 22.5 },
			"faces": {
				"down": { "uv": [ 8, 14, 9, 15 ], "texture": "#nagaglaive" },
				"up": { "uv": [ 8, 13, 9, 14 ], "texture": "#nagaglaive" },
				"north": { "uv": [ 8, 12, 9, 13 ], "texture": "#nagaglaive" },
				"south": { "uv": [ 8, 11, 9, 12 ], "texture": "#nagaglaive" },
				"west": { "uv": [ 8, 10, 9, 11 ], "texture": "#nagaglaive" },
				"east": { "uv": [ 9, 10, 8, 11 ], "texture": "#nagaglaive" }
			}
		},
		{
			"__comment": "Box1",
			"from": [ 8.0588, 24.1086, -7.067 ],
			"to": [ 8.44104, 24.87308, -5.920282 ],
			"rotation": { "origin": [ 8.25, 14, -6.5 ], "axis": "x", "angle": 22.5 },
			"faces": {
				"down": { "uv": [ 8, 8, 9, 9 ], "texture": "#nagaglaive" },
				"up": { "uv": [ 9, 14, 10, 15 ], "texture": "#nagaglaive" },
				"north": { "uv": [ 10, 14, 11, 15 ], "texture": "#nagaglaive" },
				"south": { "uv": [ 11, 14, 12, 15 ], "texture": "#nagaglaive" },
				"west": { "uv": [ 12, 14, 13, 15 ], "texture": "#nagaglaive" },
				"east": { "uv": [ 13, 14, 12, 15 ], "texture": "#nagaglaive" }
			}
		},
		{
			"__comment": "Box22",
			"from": [ 7.8676, 15.7201, -3.9199 ],
			"to": [ 8.63208, 16.86681, -2.773182 ],
			"faces": {
				"down": { "uv": [ 1, 9, 2, 10 ], "texture": "#nagaglaive" },
				"up": { "uv": [ 1, 9, 2, 10 ], "texture": "#nagaglaive" },
				"north": { "uv": [ 1, 9, 2, 10 ], "texture": "#nagaglaive" },
				"south": { "uv": [ 1, 9, 2, 10 ], "texture": "#nagaglaive" },
				"west": { "uv": [ 1, 9, 2, 10 ], "texture": "#nagaglaive" },
				"east": { "uv": [ 1, 9, 2, 10 ], "texture": "#nagaglaive" }
			}
		},
		{
			"__comment": "PlaneX23",
			"from": [ 8.25, -0.3325, -4.4525 ],
			"to": [ 8.25234, 3.1775, 0.227499 ],
			"faces": {
				"west": { "uv": [ 4, 14, 7, 16 ], "texture": "#nagaglaive" },
				"east": { "uv": [ 7, 14, 4, 16 ], "texture": "#nagaglaive" }
			}
		},
		{
			"__comment": "PlaneX23",
			"from": [ 8.25, 14, -6.5 ],
			"to": [ 8.25234, 17.82239, -3.05985 ],
			"faces": {
				"west": { "uv": [ 10, 12, 12, 14 ], "texture": "#nagaglaive" },
				"east": { "uv": [ 12, 12, 10, 14 ], "texture": "#nagaglaive" }
			}
		}
	],
	"display": {
		"thirdperson_righthand": {
			"rotation":  [ 10, 0, 0 ],
			"translation":  [ 0.6982, -5.54, 2.0879 ]
		},
		"thirdperson_lefthand": {
			"rotation":  [ 10, 0, 0 ],
			"translation":  [ 0.6982, -5.54, 2.0879 ]
		},
		"firstperson_righthand": {
			"rotation":  [ 0, -7, 0 ],
			"translation":  [ 2.0868, -5.564, 0 ],
			"scale":  [ 1.2695, 2, 1.9304 ]
		},
		"firstperson_lefthand": {
			"rotation":  [ 0, -9, 0 ],
			"translation":  [ 2.7825, -9.042, 0 ],
			"scale":  [ 1.4086, 2, 2 ]
		},
		"gui": {
			"rotation":  [ 0, 90, 0 ],
			"translation":  [ 0.6956, -1.388, 0 ],
			"scale":  [ 0.5, 0.5, 0.5 ]
		},
		"head": {
			"translation":  [ 0.0003, -6.26, 15.304 ],
			"scale":  [ 4, 4, 4 ]
		},
		"ground": {
			"rotation":  [ 90, 90, 0 ],
			"translation":  [ 4.1745, 0, 1.396 ],
			"scale":  [ 0.5, 0.5, 0.5 ]
		},
		"fixed": {
			"rotation":  [ -90, 0, 0 ],
			"translation":  [ 0.0009, 13.217, -36.85 ],
			"scale":  [ 4, 4, 4 ]
		}
	}
}