{
	"__comment": "Designed by Sefreneth with Cubik Studio - https://cubik.studio",
	"textures": {
		"nagaspellsinger": "item/nagaspellsinger",
		"nagaspear": "item/nagaspear"
	},
	"elements": [ 	 
		{
			"__comment": "Box1",
			"from": [ 12.5882, -0.7697, 18.2497 ],
			"to": [ 14.73146, 0.3019299, 19.05342 ],
			"rotation": { "origin": [ 7.934999, 1.1075, 15.8913 ], "axis": "y", "angle": -22.5 },
			"faces": {
				"down": { "uv": [ 8, 8.5, 8.5, 9.5 ], "texture": "#nagaspellsinger", "rotation": 90 },
				"up": { "uv": [ 12, 8.5, 12.5, 9.5 ], "texture": "#nagaspellsinger", "rotation": 270 },
				"north": { "uv": [ 13.5, 10, 14.5, 9.5 ], "texture": "#nagaspellsinger", "rotation": 270 },
				"south": { "uv": [ 13.5, 9.5, 14.5, 10 ], "texture": "#nagaspellsinger", "rotation": 270 },
				"west": { "uv": [ 6.5, 0, 7, 0.5 ], "texture": "#nagaspellsinger" },
				"east": { "uv": [ 12.5, 8.5625, 13, 9.0625 ], "texture": "#nagaspellsinger" }
			}
		},
		{
			"__comment": "Box1",
			"from": [ 6.5471, 11.7402, 9.6756 ],
			"to": [ 10.0471, 12.2402, 11.6756 ],
			"faces": {
				"down": { "uv": [ 2, 9, 3.5, 10.5 ], "texture": "#nagaspellsinger" },
				"up": { "uv": [ 2, 7.5, 3.5, 9 ], "texture": "#nagaspellsinger" },
				"north": { "uv": [ 6.5, 9.5, 8, 10 ], "texture": "#nagaspellsinger" },
				"south": { "uv": [ 14.5, 10, 16, 10.5 ], "texture": "#nagaspellsinger" },
				"west": { "uv": [ 8, 9.5, 9.5, 10 ], "texture": "#nagaspellsinger" },
				"east": { "uv": [ 14.5, 10.5, 16, 11 ], "texture": "#nagaspellsinger" }
			}
		},
		{
			"__comment": "Box1",
			"from": [ 6.6819, 6.2932, 9.8544 ],
			"to": [ 10.1819, 9.7932, 11.8544 ],
			"faces": {
				"down": { "uv": [ 3.5, 5, 4.5, 6.5 ], "texture": "#nagaspellsinger" },
				"up": { "uv": [ 11, 11, 12.5, 12 ], "texture": "#nagaspellsinger" },
				"north": { "uv": [ 2, 3, 3.5, 4.5 ], "texture": "#nagaspellsinger" },
				"south": { "uv": [ 2, 1.5, 3.5, 3 ], "texture": "#nagaspellsinger" },
				"west": { "uv": [ 3.5, 8, 4.5, 9.5 ], "texture": "#nagaspellsinger" },
				"east": { "uv": [ 4.5, 8, 3.5, 9.5 ], "texture": "#nagaspellsinger" }
			}
		},
		{
			"__comment": "Box1",
			"from": [ 6.4659, 4.217, 8.2247 ],
			"to": [ 10.4659, 8.217, 11.2247 ],
			"rotation": { "origin": [ 6.465801, 4.216949, 8.224745 ], "axis": "x", "angle": 22.5 },
			"faces": {
				"down": { "uv": [ 2, 0, 3.5, 1.5 ], "texture": "#nagaspellsinger" },
				"up": { "uv": [ 2, 10.5, 3.5, 12 ], "texture": "#nagaspellsinger" },
				"north": { "uv": [ 13, 12, 14.5, 14 ], "texture": "#nagaspellsinger" },
				"south": { "uv": [ 11.5, 12, 13, 14 ], "texture": "#nagaspellsinger" },
				"west": { "uv": [ 10, 12, 11.5, 14 ], "texture": "#nagaspellsinger" },
				"east": { "uv": [ 11.5, 12, 10, 14 ], "texture": "#nagaspellsinger" }
			}
		},
		{
			"__comment": "Box1",
			"from": [ 6.9748, 1.4129, 8.3587 ],
			"to": [ 9.921782, 4.359882, 11.57359 ],
			"faces": {
				"down": { "uv": [ 3.5, 6.5, 4.5, 8 ], "texture": "#nagaspellsinger" },
				"up": { "uv": [ 3.5, 5, 4.5, 6.5 ], "texture": "#nagaspellsinger" },
				"north": { "uv": [ 11.5, 10, 12.5, 11 ], "texture": "#nagaspellsinger" },
				"south": { "uv": [ 10.5, 10, 11.5, 11 ], "texture": "#nagaspellsinger" },
				"west": { "uv": [ 5, 11, 6.5, 12 ], "texture": "#nagaspellsinger" },
				"east": { "uv": [ 6.5, 11, 5, 12 ], "texture": "#nagaspellsinger" }
			}
		},
		{
			"__comment": "Box1",
			"from": [ 7.1087, -0.6545, 10.5109 ],
			"to": [ 9.787775, 2.292482, 13.45788 ],
			"rotation": { "origin": [ 7.108709, -0.6544545, 10.51091 ], "axis": "x", "angle": -45 },
			"faces": {
				"down": { "uv": [ 12.5, 10, 13.5, 11 ], "texture": "#nagaspellsinger" },
				"up": { "uv": [ 13.5, 10, 14.5, 11 ], "texture": "#nagaspellsinger" },
				"north": { "uv": [ 12.5, 11, 13.5, 12 ], "texture": "#nagaspellsinger" },
				"south": { "uv": [ 13.5, 11, 14.5, 12 ], "texture": "#nagaspellsinger" },
				"west": { "uv": [ 14.5, 11, 15.5, 12 ], "texture": "#nagaspellsinger" },
				"east": { "uv": [ 15.5, 11, 14.5, 12 ], "texture": "#nagaspellsinger" }
			}
		},
		{
			"__comment": "Box1",
			"from": [ 7.2427, -0.8366, 10.9038 ],
			"to": [ 9.653866, 1.842475, 13.58288 ],
			"faces": {
				"down": { "uv": [ 3.5, 1.5, 4.5, 2.5 ], "texture": "#nagaspellsinger" },
				"up": { "uv": [ 3.5, 0.5, 4.5, 1.5 ], "texture": "#nagaspellsinger" },
				"north": { "uv": [ 4.5, 10, 5.5, 11 ], "texture": "#nagaspellsinger" },
				"south": { "uv": [ 4.5, 9, 5.5, 10 ], "texture": "#nagaspellsinger" },
				"west": { "uv": [ 4.5, 8, 5.5, 9 ], "texture": "#nagaspellsinger", "rotation": 270 },
				"east": { "uv": [ 4.5, 9, 5.5, 8 ], "texture": "#nagaspellsinger", "rotation": 270 }
			}
		},
		{
			"__comment": "Box1",
			"from": [ 7.4107, -0.8374, 13.249 ],
			"to": [ 9.55396, 1.573767, 15.39226 ],
			"rotation": { "origin": [ 8.434999, 1.1075, 15.3913 ], "axis": "y", "angle": 0 },
			"faces": {
				"down": { "uv": [ 4.5, 6, 5.5, 7 ], "texture": "#nagaspellsinger" },
				"up": { "uv": [ 4.5, 5, 5.5, 6 ], "texture": "#nagaspellsinger" },
				"north": { "uv": [ 4.5, 4, 5.5, 5 ], "texture": "#nagaspellsinger" },
				"south": { "uv": [ 4.5, 3, 5.5, 4 ], "texture": "#nagaspellsinger" },
				"west": { "uv": [ 4.5, 2, 5.5, 3 ], "texture": "#nagaspellsinger", "rotation": 270 },
				"east": { "uv": [ 4.5, 3, 5.5, 2 ], "texture": "#nagaspellsinger", "rotation": 270 }
			}
		},
		{
			"__comment": "Box1",
			"from": [ 7.9566, -0.7697, 17.3895 ],
			"to": [ 9.296137, 0.8377448, 19.53276 ],
			"rotation": { "origin": [ 7.934999, 1.1075, 15.8913 ], "axis": "y", "angle": 22.5 },
			"faces": {
				"down": { "uv": [ 7.5, 8.5, 8, 9.5 ], "texture": "#nagaspellsinger" },
				"up": { "uv": [ 7, 8.5, 7.5, 9.5 ], "texture": "#nagaspellsinger" },
				"north": { "uv": [ 15.5, 8, 16, 8.5 ], "texture": "#nagaspellsinger" },
				"south": { "uv": [ 7.5, 3.5, 8, 4 ], "texture": "#nagaspellsinger" },
				"west": { "uv": [ 11.5, 9.5, 12.5, 10 ], "texture": "#nagaspellsinger", "rotation": 270 },
				"east": { "uv": [ 11.5, 10, 12.5, 9.5 ], "texture": "#nagaspellsinger", "rotation": 270 }
			}
		},
		{
			"__comment": "Box1",
			"from": [ 6.7194, -0.7705, 19.1956 ],
			"to": [ 7.79103, 0.5690375, 21.33886 ],
			"rotation": { "origin": [ 7.934999, 1.1075, 15.8913 ], "axis": "y", "angle": 45 },
			"faces": {
				"down": { "uv": [ 6.5, 1.5, 7, 2.5 ], "texture": "#nagaspellsinger" },
				"up": { "uv": [ 6, 0, 6.5, 1 ], "texture": "#nagaspellsinger" },
				"north": { "uv": [ 10.5, 7.5, 11, 8 ], "texture": "#nagaspellsinger" },
				"south": { "uv": [ 11, 7.5, 11.5, 8 ], "texture": "#nagaspellsinger" },
				"west": { "uv": [ 10, 9, 11, 9.5 ], "texture": "#nagaspellsinger", "rotation": 270 },
				"east": { "uv": [ 10, 9.5, 11, 9 ], "texture": "#nagaspellsinger", "rotation": 270 }
			}
		},
		{
			"__comment": "Box1",
			"from": [ 7.6035, -0.7705, 15.0752 ],
			"to": [ 9.210945, 1.104852, 17.21846 ],
			"rotation": { "origin": [ 8.434999, 1.1075, 15.3913 ], "axis": "y", "angle": 22.5 },
			"faces": {
				"down": { "uv": [ 9, 8.5, 9.5, 9.5 ], "texture": "#nagaspellsinger" },
				"up": { "uv": [ 11, 8.5, 11.5, 9.5 ], "texture": "#nagaspellsinger" },
				"north": { "uv": [ 11.5, 7.5, 12, 8 ], "texture": "#nagaspellsinger" },
				"south": { "uv": [ 12, 7.5, 12.5, 8 ], "texture": "#nagaspellsinger" },
				"west": { "uv": [ 10, 8.5, 11, 9 ], "texture": "#nagaspellsinger", "rotation": 270 },
				"east": { "uv": [ 10, 9, 11, 8.5 ], "texture": "#nagaspellsinger", "rotation": 270 }
			}
		},
		{
			"__comment": "Box1",
			"from": [ 7.623, 12.6212, 10.4197 ],
			"to": [ 8.973, 14.1212, 11.7697 ],
			"faces": {
				"down": { "uv": [ 12.5, 7.5, 13, 8 ], "texture": "#nagaspellsinger" },
				"up": { "uv": [ 13, 7.5, 13.5, 8 ], "texture": "#nagaspellsinger" },
				"north": { "uv": [ 4.5, 0, 5.5, 1 ], "texture": "#nagaspellsinger" },
				"south": { "uv": [ 13.5, 7.5, 14, 8 ], "texture": "#nagaspellsinger" },
				"west": { "uv": [ 14, 7.5, 14.5, 8 ], "texture": "#nagaspellsinger", "rotation": 180 },
				"east": { "uv": [ 14.5, 7.5, 14, 8 ], "texture": "#nagaspellsinger", "rotation": 180 }
			}
		},
		{
			"__comment": "Box17",
			"from": [ 10.0643, 14.6738, 14.9571 ],
			"to": [ 11.41805, 17.6738, 16.31085 ],
			"rotation": { "origin": [ 10.5, 9.125, 20 ], "axis": "x", "angle": -45 },
			"faces": {
				"down": { "uv": [ 15, 7.5, 15.5, 8 ], "texture": "#nagaspellsinger" },
				"up": { "uv": [ 15.5, 7.5, 16, 8 ], "texture": "#nagaspellsinger" },
				"north": { "uv": [ 5.5, 7, 6, 8.5 ], "texture": "#nagaspellsinger" },
				"south": { "uv": [ 5.5, 7, 6, 8.5 ], "texture": "#nagaspellsinger" },
				"west": { "uv": [ 5.5, 7, 6, 8.5 ], "texture": "#nagaspellsinger" },
				"east": { "uv": [ 5.5, 7, 6, 8.5 ], "texture": "#nagaspellsinger" }
			}
		},
		{
			"__comment": "Box17",
			"from": [ 10.1797, 6.2416, 12.5603 ],
			"to": [ 11.2822, 7.2416, 13.6628 ],
			"rotation": { "origin": [ 10.5, 6.5, 19.25 ], "axis": "x", "angle": 0 },
			"faces": {
				"down": { "uv": [ 9, 6.5, 8.5, 7 ], "texture": "#nagaspellsinger" },
				"up": { "uv": [ 8, 6.5, 8.5, 7 ], "texture": "#nagaspellsinger" },
				"north": { "uv": [ 8.5, 4.5, 8, 5 ], "texture": "#nagaspellsinger" },
				"south": { "uv": [ 8, 4.5, 8.5, 5 ], "texture": "#nagaspellsinger" },
				"west": { "uv": [ 8, 1, 8.5, 1.5 ], "texture": "#nagaspellsinger" },
				"east": { "uv": [ 8, 3.5, 8.5, 4 ], "texture": "#nagaspellsinger" }
			}
		},
		{
			"__comment": "Box17",
			"from": [ 10.1797, 7.2061, 12.5603 ],
			"to": [ 11.1797, 10.2061, 13.5603 ],
			"rotation": { "origin": [ 10.5, 6.5, 19.25 ], "axis": "x", "angle": 0 },
			"faces": {
				"down": { "uv": [ 8, 0, 8.5, 0.5 ], "texture": "#nagaspellsinger" },
				"up": { "uv": [ 9.5, 7, 10, 7.5 ], "texture": "#nagaspellsinger" },
				"north": { "uv": [ 6, 8.5, 6.5, 10 ], "texture": "#nagaspellsinger" },
				"south": { "uv": [ 6, 8.5, 6.5, 10 ], "texture": "#nagaspellsinger" },
				"west": { "uv": [ 6, 8.5, 6.5, 10 ], "texture": "#nagaspellsinger" },
				"east": { "uv": [ 6, 8.5, 6.5, 10 ], "texture": "#nagaspellsinger" }
			}
		},
		{
			"__comment": "PlaneX29",
			"from": [ 9.8637, 5.3766, 11.4844 ],
			"to": [ 9.864551, 12.34219, 15.50301 ],
			"faces": {
				"west": { "uv": [ 0, 2, 2, 5 ], "texture": "#nagaspellsinger", "rotation": 180 },
				"east": { "uv": [ 2, 2, 0, 5 ], "texture": "#nagaspellsinger", "rotation": 180 }
			}
		},
		{
			"__comment": "PlaneX29",
			"from": [ 9.5328, 9.0892, 9.2344 ],
			"to": [ 13.5328, 13.0892, 9.2354 ],
			"rotation": { "origin": [ 13.53278, 9.08923, 9.234404 ], "axis": "x", "angle": 22.5 },
			"faces": {
				"north": { "uv": [ 13, 14, 11, 16 ], "texture": "#nagaspellsinger", "rotation": 180 },
				"south": { "uv": [ 11, 14, 13, 16 ], "texture": "#nagaspellsinger", "rotation": 180 }
			}
		},
		{
			"__comment": "PlaneX29",
			"from": [ 12.805, 0.3046, 18.6182 ],
			"to": [ 14.68035, 2.179952, 18.61905 ],
			"rotation": { "origin": [ 7.934999, 1.1075, 15.8913 ], "axis": "y", "angle": -22.5 },
			"faces": {
				"north": { "uv": [ 9, 15.5, 10, 14.5 ], "texture": "#nagaspellsinger", "rotation": 270 },
				"south": { "uv": [ 9, 14.5, 10, 15.5 ], "texture": "#nagaspellsinger", "rotation": 270 }
			}
		},
		{
			"__comment": "PlaneX29",
			"from": [ 8.4482, 1.5771, 11.8875 ],
			"to": [ 8.449051, 3.452452, 13.49494 ],
			"faces": {
				"west": { "uv": [ 13, 14, 14, 15 ], "texture": "#nagaspellsinger", "rotation": 90 },
				"east": { "uv": [ 13, 15, 14, 14 ], "texture": "#nagaspellsinger", "rotation": 90 }
			}
		},
		{
			"__comment": "PlaneX29",
			"from": [ 8.4482, 1.5763, 13.5919 ],
			"to": [ 8.449051, 3.451652, 15.46725 ],
			"faces": {
				"west": { "uv": [ 13, 14, 14, 15 ], "texture": "#nagaspellsinger", "rotation": 90 },
				"east": { "uv": [ 13, 15, 14, 14 ], "texture": "#nagaspellsinger", "rotation": 90 }
			}
		},
		{
			"__comment": "PlaneX29",
			"from": [ 8.6341, 0.8404, 17.6142 ],
			"to": [ 8.634951, 2.715752, 19.48955 ],
			"rotation": { "origin": [ 7.934999, 1.1075, 15.8913 ], "axis": "y", "angle": 22.5 },
			"faces": {
				"west": { "uv": [ 13, 14, 14, 15 ], "texture": "#nagaspellsinger", "rotation": 90 },
				"east": { "uv": [ 13, 15, 14, 14 ], "texture": "#nagaspellsinger", "rotation": 90 }
			}
		},
		{
			"__comment": "PlaneX29",
			"from": [ 7.2652, 0.4377, 19.508 ],
			"to": [ 7.26605, 2.313052, 21.38335 ],
			"rotation": { "origin": [ 7.934999, 1.1075, 15.8913 ], "axis": "y", "angle": 45 },
			"faces": {
				"west": { "uv": [ 14, 14, 15, 15 ], "texture": "#nagaspellsinger", "rotation": 270 },
				"east": { "uv": [ 14, 15, 15, 14 ], "texture": "#nagaspellsinger", "rotation": 270 }
			}
		},
		{
			"__comment": "PlaneX29",
			"from": [ 8.434999, 1.1075, 15.3913 ],
			"to": [ 8.43585, 2.982852, 17.26665 ],
			"rotation": { "origin": [ 8.434999, 1.1075, 15.3913 ], "axis": "y", "angle": 22.5 },
			"faces": {
				"west": { "uv": [ 13, 14, 14, 15 ], "texture": "#nagaspellsinger", "rotation": 90 },
				"east": { "uv": [ 13, 15, 14, 14 ], "texture": "#nagaspellsinger", "rotation": 90 }
			}
		},
		{
			"__comment": "PlaneX29",
			"from": [ 10.5503, 7.2777, 13.4797 ],
			"to": [ 10.5513, 9.777699, 14.9797 ],
			"rotation": { "origin": [ 10.5, 6.5, 19.25 ], "axis": "x", "angle": 0 },
			"faces": {
				"west": { "uv": [ 9.5, 8.5, 10, 9.5 ], "texture": "#nagaspellsinger", "rotation": 180 },
				"east": { "uv": [ 10, 8.5, 9.5, 9.5 ], "texture": "#nagaspellsinger", "rotation": 180 }
			}
		},
		{
			"__comment": "Box1",
			"from": [ 7.5877, 13.8974, 9.815 ],
			"to": [ 9.0877, 14.3974, 11.815 ],
			"faces": {
				"down": { "uv": [ 5.5, 0, 6, 1 ], "texture": "#nagaspellsinger" },
				"up": { "uv": [ 6.5, 0.5, 7, 1.5 ], "texture": "#nagaspellsinger", "rotation": 90 },
				"north": { "uv": [ 12.5, 9.0625, 13.5, 9.5 ], "texture": "#nagaspellsinger", "rotation": 180 },
				"south": { "uv": [ 15.5, 9.5, 16, 10 ], "texture": "#nagaspellsinger" },
				"west": { "uv": [ 9.5, 9.5, 10.5, 10 ], "texture": "#nagaspellsinger" },
				"east": { "uv": [ 10.5, 9.5, 9.5, 10 ], "texture": "#nagaspellsinger" }
			}
		},
		{
			"__comment": "Box1",
			"from": [ 8.7932, 10.1539, 8.889999 ],
			"to": [ 9.83864, 11.4607, 9.61 ],
			"faces": {
				"down": { "uv": [ 7, 5, 7.5, 4.5 ], "texture": "#nagaspellsinger", "rotation": 270 },
				"up": { "uv": [ 7, 4.5, 7.5, 4 ], "texture": "#nagaspellsinger", "rotation": 90 },
				"north": { "uv": [ 7.5, 3.5, 7, 4 ], "texture": "#nagaspellsinger" },
				"south": { "uv": [ 14, 9, 14.5, 9.5 ], "texture": "#nagaspellsinger" },
				"west": { "uv": [ 7.5, 2, 7, 2.5 ], "texture": "#nagaspellsinger" },
				"east": { "uv": [ 7.5, 2.5, 7, 3 ], "texture": "#nagaspellsinger" }
			}
		},
		{
			"__comment": "Box1",
			"from": [ 8.575399, 10.045, 9.165999 ],
			"to": [ 10.14356, 11.7874, 10.03 ],
			"faces": {
				"down": { "uv": [ 7, 1.5, 7.5, 2 ], "texture": "#nagaspellsinger", "rotation": 270 },
				"up": { "uv": [ 7, 1.5, 7.5, 1 ], "texture": "#nagaspellsinger", "rotation": 90 },
				"north": { "uv": [ 7.5, 0.5, 7, 1 ], "texture": "#nagaspellsinger" },
				"south": { "uv": [ 15, 8.5, 15.5, 9 ], "texture": "#nagaspellsinger" },
				"west": { "uv": [ 8.5, 8, 8, 8.5 ], "texture": "#nagaspellsinger" },
				"east": { "uv": [ 8, 8, 7.5, 8.5 ], "texture": "#nagaspellsinger" }
			}
		},
		{
			"__comment": "Box1",
			"from": [ 8.6701, 9.8272, 9.58 ],
			"to": [ 9.9769, 10.2628, 9.940001 ],
			"faces": {
				"down": { "uv": [ 8.5, 8, 9, 8.5 ], "texture": "#nagaspellsinger", "rotation": 270 },
				"up": { "uv": [ 7, 7, 7.5, 7.5 ], "texture": "#nagaspellsinger", "rotation": 90 },
				"north": { "uv": [ 9.5, 8, 10, 8.5 ], "texture": "#nagaspellsinger" },
				"south": { "uv": [ 7, 6, 7.5, 6.5 ], "texture": "#nagaspellsinger" },
				"west": { "uv": [ 7, 5.5, 7.5, 6 ], "texture": "#nagaspellsinger" },
				"east": { "uv": [ 7, 5, 7.5, 5.5 ], "texture": "#nagaspellsinger" }
			}
		},
		{
			"__comment": "Box1",
			"from": [ 6.9035, 10.1539, 8.889999 ],
			"to": [ 7.948938, 11.4607, 9.61 ],
			"faces": {
				"down": { "uv": [ 7, 4.5, 7.5, 5 ], "texture": "#nagaspellsinger", "rotation": 270 },
				"up": { "uv": [ 7, 4, 7.5, 4.5 ], "texture": "#nagaspellsinger", "rotation": 90 },
				"north": { "uv": [ 7, 3.5, 7.5, 4 ], "texture": "#nagaspellsinger" },
				"south": { "uv": [ 7, 3, 7.5, 3.5 ], "texture": "#nagaspellsinger" },
				"west": { "uv": [ 7, 2.5, 7.5, 3 ], "texture": "#nagaspellsinger" },
				"east": { "uv": [ 7, 2, 7.5, 2.5 ], "texture": "#nagaspellsinger" }
			}
		},
		{
			"__comment": "Box1",
			"from": [ 6.555, 10.045, 9.165999 ],
			"to": [ 8.123159, 11.7874, 10.03 ],
			"faces": {
				"down": { "uv": [ 7, 1.5, 7.5, 2 ], "texture": "#nagaspellsinger", "rotation": 270 },
				"up": { "uv": [ 7, 1, 7.5, 1.5 ], "texture": "#nagaspellsinger", "rotation": 90 },
				"north": { "uv": [ 7, 0.5, 7.5, 1 ], "texture": "#nagaspellsinger" },
				"south": { "uv": [ 7, 0, 7.5, 0.5 ], "texture": "#nagaspellsinger" },
				"west": { "uv": [ 7.5, 8, 8, 8.5 ], "texture": "#nagaspellsinger" },
				"east": { "uv": [ 8, 8, 8.5, 8.5 ], "texture": "#nagaspellsinger" }
			}
		},
		{
			"__comment": "Box1",
			"from": [ 6.7205, 9.8272, 9.58 ],
			"to": [ 8.027299, 10.2628, 9.940001 ],
			"faces": {
				"down": { "uv": [ 8.5, 8, 9, 8.5 ], "texture": "#nagaspellsinger", "rotation": 270 },
				"up": { "uv": [ 9, 8, 9.5, 8.5 ], "texture": "#nagaspellsinger", "rotation": 90 },
				"north": { "uv": [ 9.5, 8, 10, 8.5 ], "texture": "#nagaspellsinger" },
				"south": { "uv": [ 10, 8, 10.5, 8.5 ], "texture": "#nagaspellsinger" },
				"west": { "uv": [ 10.5, 8, 11, 8.5 ], "texture": "#nagaspellsinger" },
				"east": { "uv": [ 11, 8, 11.5, 8.5 ], "texture": "#nagaspellsinger" }
			}
		},
		{
			"__comment": "Box1",
			"from": [ 8.5121, 14.3351, 9.8665 ],
			"to": [ 8.675074, 14.50975, 10.04115 ],
			"rotation": { "origin": [ 7.94977, 14.33507, 9.866466 ], "axis": "x", "angle": -45 },
			"faces": {
				"down": { "uv": [ 11.5, 8, 12, 8.5 ], "texture": "#nagaspellsinger", "rotation": 90 },
				"up": { "uv": [ 12, 8, 12.5, 8.5 ], "texture": "#nagaspellsinger", "rotation": 270 },
				"north": { "uv": [ 12.5, 8, 13, 8.5 ], "texture": "#nagaspellsinger", "rotation": 90 },
				"south": { "uv": [ 13, 8, 13.5, 8.5 ], "texture": "#nagaspellsinger", "rotation": 270 },
				"west": { "uv": [ 13.5, 8, 14, 8.5 ], "texture": "#nagaspellsinger" },
				"east": { "uv": [ 14, 8, 14.5, 8.5 ], "texture": "#nagaspellsinger" }
			}
		},
		{
			"__comment": "Box1",
			"from": [ 8.1248, 14.8823, 9.879399 ],
			"to": [ 8.512919, 16.31978, 10.26752 ],
			"rotation": { "origin": [ 8.12476, 15.814, 9.815001 ], "axis": "x", "angle": 22.5 },
			"faces": {
				"down": { "uv": [ 14.5, 8, 15, 8.5 ], "texture": "#nagaspellsinger", "rotation": 90 },
				"up": { "uv": [ 15, 8, 15.5, 8.5 ], "texture": "#nagaspellsinger", "rotation": 270 },
				"north": { "uv": [ 6.5, 2.5, 7, 3.5 ], "texture": "#nagaspellsinger" },
				"south": { "uv": [ 7.5, 7.5, 8, 8 ], "texture": "#nagaspellsinger", "rotation": 270 },
				"west": { "uv": [ 7.5, 7, 8, 7.5 ], "texture": "#nagaspellsinger" },
				"east": { "uv": [ 7.5, 6.5, 8, 7 ], "texture": "#nagaspellsinger" }
			}
		},
		{
			"__comment": "Box1",
			"from": [ 8.0567, 14.3789, 9.818999 ],
			"to": [ 8.559703, 14.55355, 9.993653 ],
			"rotation": { "origin": [ 8.056721, 14.37891, 9.819031 ], "axis": "x", "angle": -45 },
			"faces": {
				"down": { "uv": [ 7.5, 6, 8, 6.5 ], "texture": "#nagaspellsinger", "rotation": 90 },
				"up": { "uv": [ 7.5, 5.5, 8, 6 ], "texture": "#nagaspellsinger" },
				"north": { "uv": [ 7.5, 5, 8, 5.5 ], "texture": "#nagaspellsinger", "rotation": 180 },
				"south": { "uv": [ 7.5, 4.5, 8, 5 ], "texture": "#nagaspellsinger", "rotation": 270 },
				"west": { "uv": [ 7.5, 4, 8, 4.5 ], "texture": "#nagaspellsinger" },
				"east": { "uv": [ 8, 5.5, 8.5, 6 ], "texture": "#nagaspellsinger" }
			}
		},
		{
			"__comment": "Box1",
			"from": [ 8.1085, 14.1611, 9.818999 ],
			"to": [ 8.515932, 14.33575, 9.993653 ],
			"rotation": { "origin": [ 8.108469, 14.16114, 9.819031 ], "axis": "x", "angle": -22.5 },
			"faces": {
				"down": { "uv": [ 7.5, 3, 8, 3.5 ], "texture": "#nagaspellsinger", "rotation": 90 },
				"up": { "uv": [ 7.5, 2.5, 8, 3 ], "texture": "#nagaspellsinger", "rotation": 270 },
				"north": { "uv": [ 7.5, 2, 8, 2.5 ], "texture": "#nagaspellsinger", "rotation": 180 },
				"south": { "uv": [ 7.5, 1.5, 8, 2 ], "texture": "#nagaspellsinger", "rotation": 270 },
				"west": { "uv": [ 7.5, 1, 8, 1.5 ], "texture": "#nagaspellsinger" },
				"east": { "uv": [ 7.5, 0.5, 8, 1 ], "texture": "#nagaspellsinger" }
			}
		},
		{
			"__comment": "Box1",
			"from": [ 7.9498, 14.3351, 9.8665 ],
			"to": [ 8.112774, 14.50975, 10.04115 ],
			"rotation": { "origin": [ 7.94977, 14.33507, 9.866466 ], "axis": "x", "angle": -45 },
			"faces": {
				"down": { "uv": [ 7.5, 0, 8, 0.5 ], "texture": "#nagaspellsinger", "rotation": 90 },
				"up": { "uv": [ 8, 7.5, 8.5, 8 ], "texture": "#nagaspellsinger", "rotation": 270 },
				"north": { "uv": [ 8.5, 7.5, 9, 8 ], "texture": "#nagaspellsinger", "rotation": 90 },
				"south": { "uv": [ 9, 7.5, 9.5, 8 ], "texture": "#nagaspellsinger", "rotation": 270 },
				"west": { "uv": [ 9.5, 7.5, 10, 8 ], "texture": "#nagaspellsinger" },
				"east": { "uv": [ 10, 7.5, 10.5, 8 ], "texture": "#nagaspellsinger" }
			}
		},
		{
			"__comment": "Box1",
			"from": [ 7.2627, 14.3974, 9.815 ],
			"to": [ 9.418919, 16.72612, 11.97122 ],
			"faces": {
				"down": { "uv": [ 5.5, 10, 6.5, 11 ], "texture": "#nagaspellsinger", "rotation": 270 },
				"up": { "uv": [ 6.5, 10, 7.5, 11 ], "texture": "#nagaspellsinger", "rotation": 90 },
				"north": { "uv": [ 4, 12, 6, 14 ], "texture": "#nagaspellsinger" },
				"south": { "uv": [ 6.5, 10, 7.5, 11 ], "texture": "#nagaspellsinger", "rotation": 90 },
				"west": { "uv": [ 9.5, 10, 10.5, 11 ], "texture": "#nagaspellsinger" },
				"east": { "uv": [ 10.5, 10, 9.5, 11 ], "texture": "#nagaspellsinger" }
			}
		},
		{
			"__comment": "Box1",
			"from": [ 6.5461, 9.6152, 9.9256 ],
			"to": [ 10.0461, 12.6152, 11.9256 ],
			"faces": {
				"down": { "uv": [ 3.5, 11, 5, 12 ], "texture": "#nagaspellsinger" },
				"up": { "uv": [ 9.5, 11, 11, 12 ], "texture": "#nagaspellsinger" },
				"north": { "uv": [ 2, 4.5, 3.5, 6 ], "texture": "#nagaspellsinger" },
				"south": { "uv": [ 2, 6, 3.5, 7.5 ], "texture": "#nagaspellsinger" },
				"west": { "uv": [ 3.5, 3.5, 4.5, 5 ], "texture": "#nagaspellsinger" },
				"east": { "uv": [ 4.5, 3.5, 3.5, 5 ], "texture": "#nagaspellsinger" }
			}
		},
		{
			"__comment": "PlaneX29",
			"from": [ 5.6753, 8.005199, 9.0947 ],
			"to": [ 5.6763, 10.5052, 10.5947 ],
			"rotation": { "origin": [ 5.237657, 8.021025, 8.01987 ], "axis": "x", "angle": 45 },
			"faces": {
				"west": { "uv": [ 9.5, 8.5, 10, 9.5 ], "texture": "#nagaspellsinger", "rotation": 180 },
				"east": { "uv": [ 10, 8.5, 9.5, 9.5 ], "texture": "#nagaspellsinger", "rotation": 180 }
			}
		},
		{
			"__comment": "Box17",
			"from": [ 5.3047, 6.9226, 8.0869 ],
			"to": [ 6.4072, 7.9226, 9.1894 ],
			"rotation": { "origin": [ 5.237657, 8.021025, 8.01987 ], "axis": "x", "angle": 45 },
			"faces": {
				"down": { "uv": [ 8.5, 6.5, 9, 7 ], "texture": "#nagaspellsinger" },
				"up": { "uv": [ 8, 5, 8.5, 5.5 ], "texture": "#nagaspellsinger" },
				"north": { "uv": [ 8, 4.5, 8.5, 5 ], "texture": "#nagaspellsinger" },
				"south": { "uv": [ 8.5, 4.5, 8, 5 ], "texture": "#nagaspellsinger" },
				"west": { "uv": [ 8, 3.5, 8.5, 4 ], "texture": "#nagaspellsinger" },
				"east": { "uv": [ 8, 3, 8.5, 3.5 ], "texture": "#nagaspellsinger" }
			}
		},
		{
			"__comment": "Box17",
			"from": [ 5.3047, 7.8871, 8.0869 ],
			"to": [ 6.3047, 10.8871, 9.0869 ],
			"rotation": { "origin": [ 5.237657, 8.021025, 8.01987 ], "axis": "x", "angle": 45 },
			"faces": {
				"down": { "uv": [ 8, 2.5, 8.5, 3 ], "texture": "#nagaspellsinger" },
				"up": { "uv": [ 8, 2, 8.5, 2.5 ], "texture": "#nagaspellsinger" },
				"north": { "uv": [ 6, 1, 6.5, 2.5 ], "texture": "#nagaspellsinger" },
				"south": { "uv": [ 6, 1, 6.5, 2.5 ], "texture": "#nagaspellsinger" },
				"west": { "uv": [ 6, 1, 6.5, 2.5 ], "texture": "#nagaspellsinger" },
				"east": { "uv": [ 6, 1, 6.5, 2.5 ], "texture": "#nagaspellsinger" }
			}
		},
		{
			"__comment": "Box17",
			"from": [ 5.1893, 10.208, 8.8979 ],
			"to": [ 6.54305, 13.208, 10.25165 ],
			"rotation": { "origin": [ 5.237657, 8.021025, 8.01987 ], "axis": "x", "angle": 22.5 },
			"faces": {
				"down": { "uv": [ 8.5, 7, 9, 7.5 ], "texture": "#nagaspellsinger" },
				"up": { "uv": [ 9, 7, 9.5, 7.5 ], "texture": "#nagaspellsinger" },
				"north": { "uv": [ 6.5, 5, 7, 6.5 ], "texture": "#nagaspellsinger" },
				"south": { "uv": [ 6.5, 5, 7, 6.5 ], "texture": "#nagaspellsinger" },
				"west": { "uv": [ 6.5, 5, 7, 6.5 ], "texture": "#nagaspellsinger" },
				"east": { "uv": [ 6.5, 5, 7, 6.5 ], "texture": "#nagaspellsinger" }
			}
		},
		{
			"__comment": "PlaneX29",
			"from": [ 8.9078, 12.7142, 10.7344 ],
			"to": [ 12.9078, 16.7142, 10.7354 ],
			"faces": {
				"north": { "uv": [ 10, 12, 8, 14 ], "texture": "#nagaspellsinger", "rotation": 180 },
				"south": { "uv": [ 8, 12, 10, 14 ], "texture": "#nagaspellsinger", "rotation": 180 }
			}
		},
		{
			"__comment": "PlaneX29",
			"from": [ 3.0328, 9.0892, 9.2344 ],
			"to": [ 7.0328, 13.0892, 9.2354 ],
			"rotation": { "origin": [ 7.032778, 9.08923, 9.234404 ], "axis": "x", "angle": 22.5 },
			"faces": {
				"north": { "uv": [ 11, 14, 13, 16 ], "texture": "#nagaspellsinger", "rotation": 180 },
				"south": { "uv": [ 13, 14, 11, 16 ], "texture": "#nagaspellsinger", "rotation": 180 }
			}
		},
		{
			"__comment": "PlaneX29",
			"from": [ 4.5328, 16.7142, 10.7344 ],
			"to": [ 12.0328, 20.7142, 10.7354 ],
			"faces": {
				"north": { "uv": [ 0, 14, 3.5, 16 ], "texture": "#nagaspellsinger", "rotation": 180 },
				"south": { "uv": [ 3.5, 14, 0, 16 ], "texture": "#nagaspellsinger", "rotation": 180 }
			}
		},
		{
			"__comment": "PlaneX29",
			"from": [ 3.6578, 12.7142, 10.7344 ],
			"to": [ 7.6578, 16.7142, 10.7354 ],
			"faces": {
				"north": { "uv": [ 8, 12, 10, 14 ], "texture": "#nagaspellsinger", "rotation": 180 },
				"south": { "uv": [ 10, 12, 8, 14 ], "texture": "#nagaspellsinger", "rotation": 180 }
			}
		},
		{
			"__comment": "PlaneX29",
			"from": [ 6.7828, 5.5892, 11.4844 ],
			"to": [ 6.783649, 12.55479, 15.50301 ],
			"faces": {
				"west": { "uv": [ 0, 2, 2, 5 ], "texture": "#nagaspellsinger", "rotation": 180 },
				"east": { "uv": [ 2, 2, 0, 5 ], "texture": "#nagaspellsinger", "rotation": 180 }
			}
		},
		{
			"__comment": "Box1",
			"from": [ 10.5, 6.5, 7.253 ],
			"to": [ 11.08806, 7.08806, 17.25002 ],
			"rotation": { "origin": [ 10.5, 6.5, 17.25 ], "axis": "x", "angle": 0 },
			"faces": {
				"down": { "uv": [ 1, 7.5, 0, 0 ], "texture": "#nagaspear" },
				"up": { "uv": [ 0, 0, 1, 7.5 ], "texture": "#nagaspear" },
				"north": { "uv": [ 1, 10, 0, 9 ], "texture": "#nagaspear" },
				"south": { "uv": [ 0, 10, 1, 11 ], "texture": "#nagaspear" },
				"west": { "uv": [ 0, 0, 1, 7.5 ], "texture": "#nagaspear", "rotation": 270 },
				"east": { "uv": [ 0, 0, 1, 7.5 ], "texture": "#nagaspear", "rotation": 90 }
			}
		},
		{
			"__comment": "Box1",
			"from": [ 10.3529, 6.3529, 17.0761 ],
			"to": [ 11.2529, 7.252901, 17.9761 ],
			"rotation": { "origin": [ 10.5, 6.5, 17.25 ], "axis": "x", "angle": 0 },
			"faces": {
				"down": { "uv": [ 2.5, 1.5, 1, 0 ], "texture": "#nagaspear" },
				"up": { "uv": [ 1, 0, 2.5, 1.5 ], "texture": "#nagaspear" },
				"north": { "uv": [ 2.5, 1.5, 1, 0 ], "texture": "#nagaspear" },
				"south": { "uv": [ 1, 0, 2.5, 1.5 ], "texture": "#nagaspear" },
				"west": { "uv": [ 1, 0, 2.5, 1.5 ], "texture": "#nagaspear", "rotation": 270 },
				"east": { "uv": [ 1, 0, 2.5, 1.5 ], "texture": "#nagaspear", "rotation": 90 }
			}
		},
		{
			"__comment": "PlaneX23",
			"from": [ 10.7941, 3.0273, 7.3867 ],
			"to": [ 10.7959, 6.6273, 10.0867 ],
			"rotation": { "origin": [ 10.5, 6.5, 17.25 ], "axis": "x", "angle": 0 },
			"faces": {
				"west": { "uv": [ 4, 2, 9, 7 ], "texture": "#nagaspear", "rotation": 270 },
				"east": { "uv": [ 9, 2, 4, 7 ], "texture": "#nagaspear", "rotation": 90 }
			}
		},
		{
			"__comment": "Box4",
			"from": [ 10.6773, 6.617, 1.9889 ],
			"to": [ 10.91916, 6.91933, 3.0689 ],
			"rotation": { "origin": [ 10.5, 6.5, 17.25 ], "axis": "x", "angle": 0 },
			"faces": {
				"down": { "uv": [ 5, 16, 4, 15 ], "texture": "#nagaspear" },
				"up": { "uv": [ 4, 14, 5, 15 ], "texture": "#nagaspear" },
				"north": { "uv": [ 4, 9, 3, 8 ], "texture": "#nagaspear" },
				"south": { "uv": [ 3, 9, 4, 10 ], "texture": "#nagaspear" },
				"west": { "uv": [ 4, 13, 5, 14 ], "texture": "#nagaspear", "rotation": 270 },
				"east": { "uv": [ 4, 12, 5, 13 ], "texture": "#nagaspear", "rotation": 90 }
			}
		},
		{
			"__comment": "Box4",
			"from": [ 10.5571, 6.05, 5.6609 ],
			"to": [ 11.0179, 6.949999, 7.2809 ],
			"rotation": { "origin": [ 10.5, 6.5, 17.25 ], "axis": "x", "angle": 0 },
			"faces": {
				"down": { "uv": [ 5, 10, 4, 9 ], "texture": "#nagaspear" },
				"up": { "uv": [ 4, 8, 5, 9 ], "texture": "#nagaspear" },
				"north": { "uv": [ 5, 11, 4, 10 ], "texture": "#nagaspear" },
				"south": { "uv": [ 4, 11, 5, 12 ], "texture": "#nagaspear" },
				"west": { "uv": [ 5, 15, 6, 16 ], "texture": "#nagaspear", "rotation": 270 },
				"east": { "uv": [ 5, 14, 6, 15 ], "texture": "#nagaspear", "rotation": 90 }
			}
		},
		{
			"__comment": "Box4",
			"from": [ 10.6355, 0.7274, 3.0045 ],
			"to": [ 10.93783, 1.144048, 4.084501 ],
			"rotation": { "origin": [ 10.5, 6.5, 17.25 ], "axis": "x", "angle": 22.5 },
			"faces": {
				"down": { "uv": [ 6, 12, 5, 11 ], "texture": "#nagaspear" },
				"up": { "uv": [ 5, 10, 6, 11 ], "texture": "#nagaspear" },
				"north": { "uv": [ 6, 13, 5, 12 ], "texture": "#nagaspear" },
				"south": { "uv": [ 5, 13, 6, 14 ], "texture": "#nagaspear" },
				"west": { "uv": [ 5, 9, 6, 10 ], "texture": "#nagaspear", "rotation": 90 },
				"east": { "uv": [ 5, 8, 6, 9 ], "texture": "#nagaspear", "rotation": 270 }
			}
		},
		{
			"__comment": "Box4",
			"from": [ 10.6769, 6.437, 3.0257 ],
			"to": [ 10.91876, 6.90939, 4.5809 ],
			"rotation": { "origin": [ 10.5, 6.5, 17.25 ], "axis": "x", "angle": 0 },
			"faces": {
				"down": { "uv": [ 7, 14, 6, 13 ], "texture": "#nagaspear" },
				"up": { "uv": [ 6, 12, 7, 13 ], "texture": "#nagaspear" },
				"north": { "uv": [ 7, 15, 6, 14 ], "texture": "#nagaspear" },
				"south": { "uv": [ 6, 15, 7, 16 ], "texture": "#nagaspear" },
				"west": { "uv": [ 6, 11, 7, 12 ], "texture": "#nagaspear", "rotation": 270 },
				"east": { "uv": [ 6, 10, 7, 11 ], "texture": "#nagaspear", "rotation": 90 }
			}
		},
		{
			"__comment": "Box4",
			"from": [ 10.6357, 6.311, 4.5809 ],
			"to": [ 10.93803, 6.90149, 5.6609 ],
			"rotation": { "origin": [ 10.5, 6.5, 17.25 ], "axis": "x", "angle": 0 },
			"faces": {
				"down": { "uv": [ 8, 16, 7, 15 ], "texture": "#nagaspear" },
				"up": { "uv": [ 7, 14, 8, 15 ], "texture": "#nagaspear" },
				"north": { "uv": [ 7, 9, 6, 8 ], "texture": "#nagaspear" },
				"south": { "uv": [ 6, 9, 7, 10 ], "texture": "#nagaspear" },
				"west": { "uv": [ 7, 13, 8, 14 ], "texture": "#nagaspear", "rotation": 270 },
				"east": { "uv": [ 7, 12, 8, 13 ], "texture": "#nagaspear", "rotation": 90 }
			}
		},
		{
			"__comment": "Box4",
			"from": [ 10.6355, 1.761, 6.9601 ],
			"to": [ 10.93783, 2.351489, 8.0401 ],
			"rotation": { "origin": [ 10.5, 6.5, 17.25 ], "axis": "x", "angle": 22.5 },
			"faces": {
				"down": { "uv": [ 8, 10, 7, 9 ], "texture": "#nagaspear" },
				"up": { "uv": [ 7, 8, 8, 9 ], "texture": "#nagaspear" },
				"north": { "uv": [ 8, 11, 7, 10 ], "texture": "#nagaspear" },
				"south": { "uv": [ 7, 11, 8, 12 ], "texture": "#nagaspear" },
				"west": { "uv": [ 8, 15, 9, 16 ], "texture": "#nagaspear", "rotation": 90 },
				"east": { "uv": [ 9, 15, 10, 16 ], "texture": "#nagaspear", "rotation": 270 }
			}
		},
		{
			"__comment": "Box4",
			"from": [ 10.6354, 1.5542, 6.4612 ],
			"to": [ 10.93773, 2.144689, 7.5412 ],
			"rotation": { "origin": [ 10.5, 6.5, 17.25 ], "axis": "x", "angle": 22.5 },
			"faces": {
				"down": { "uv": [ 13, 16, 12, 15 ], "texture": "#nagaspear" },
				"up": { "uv": [ 13, 15, 14, 16 ], "texture": "#nagaspear" },
				"north": { "uv": [ 12, 16, 11, 15 ], "texture": "#nagaspear" },
				"south": { "uv": [ 10, 15, 11, 16 ], "texture": "#nagaspear" },
				"west": { "uv": [ 14, 15, 15, 16 ], "texture": "#nagaspear", "rotation": 90 },
				"east": { "uv": [ 15, 15, 16, 16 ], "texture": "#nagaspear", "rotation": 270 }
			}
		},
		{
			"__comment": "Box4",
			"from": [ 10.6355, 1.2442, 5.7129 ],
			"to": [ 10.93783, 1.834689, 6.7929 ],
			"rotation": { "origin": [ 10.5, 6.5, 17.25 ], "axis": "x", "angle": 22.5 },
			"faces": {
				"down": { "uv": [ 9, 13, 8, 12 ], "texture": "#nagaspear" },
				"up": { "uv": [ 8, 11, 9, 12 ], "texture": "#nagaspear" },
				"north": { "uv": [ 9, 14, 8, 13 ], "texture": "#nagaspear" },
				"south": { "uv": [ 8, 14, 9, 15 ], "texture": "#nagaspear" },
				"west": { "uv": [ 8, 10, 9, 11 ], "texture": "#nagaspear", "rotation": 90 },
				"east": { "uv": [ 8, 9, 9, 10 ], "texture": "#nagaspear", "rotation": 270 }
			}
		},
		{
			"__comment": "Box4",
			"from": [ 10.6354, 1.132, 4.8825 ],
			"to": [ 10.93773, 1.604391, 5.9625 ],
			"rotation": { "origin": [ 10.5, 6.5, 17.25 ], "axis": "x", "angle": 22.5 },
			"faces": {
				"down": { "uv": [ 11, 15, 10, 14 ], "texture": "#nagaspear" },
				"up": { "uv": [ 11, 14, 12, 15 ], "texture": "#nagaspear" },
				"north": { "uv": [ 10, 15, 9, 14 ], "texture": "#nagaspear" },
				"south": { "uv": [ 8, 8, 9, 9 ], "texture": "#nagaspear" },
				"west": { "uv": [ 12, 14, 13, 15 ], "texture": "#nagaspear", "rotation": 90 },
				"east": { "uv": [ 13, 14, 14, 15 ], "texture": "#nagaspear", "rotation": 270 }
			}
		},
		{
			"__comment": "Box4",
			"from": [ 10.6355, 0.8921, 4.3974 ],
			"to": [ 10.93783, 1.364491, 5.4774 ],
			"rotation": { "origin": [ 10.5, 6.5, 17.25 ], "axis": "x", "angle": 22.5 },
			"faces": {
				"down": { "uv": [ 10, 14, 9, 13 ], "texture": "#nagaspear" },
				"up": { "uv": [ 9, 12, 10, 13 ], "texture": "#nagaspear" },
				"north": { "uv": [ 16, 15, 15, 14 ], "texture": "#nagaspear" },
				"south": { "uv": [ 14, 14, 15, 15 ], "texture": "#nagaspear" },
				"west": { "uv": [ 9, 11, 10, 12 ], "texture": "#nagaspear", "rotation": 90 },
				"east": { "uv": [ 9, 10, 10, 11 ], "texture": "#nagaspear", "rotation": 270 }
			}
		},
		{
			"__comment": "Box4",
			"from": [ 10.6354, 0.6855, 3.8985 ],
			"to": [ 10.93773, 1.157891, 4.9785 ],
			"rotation": { "origin": [ 10.5, 6.5, 17.25 ], "axis": "x", "angle": 22.5 },
			"faces": {
				"down": { "uv": [ 11, 14, 10, 13 ], "texture": "#nagaspear" },
				"up": { "uv": [ 11, 13, 12, 14 ], "texture": "#nagaspear" },
				"north": { "uv": [ 10, 9, 9, 8 ], "texture": "#nagaspear" },
				"south": { "uv": [ 9, 9, 10, 10 ], "texture": "#nagaspear" },
				"west": { "uv": [ 12, 13, 13, 14 ], "texture": "#nagaspear", "rotation": 90 },
				"east": { "uv": [ 13, 13, 14, 14 ], "texture": "#nagaspear", "rotation": 270 }
			}
		}
	],
	"display": {
		"thirdperson_righthand": {
			"rotation":  [ 10, 0, 0 ],
			"translation":  [ 0.0026, -1.366, -2.086 ]
		},
		"thirdperson_lefthand": {
			"rotation":  [ 10, 0, 0 ],
			"translation":  [ 0.0026, -1.366, -2.086 ]
		},
		"firstperson_righthand": {
			"rotation":  [ 0, -7, 0 ],
			"translation":  [ -5.565, -12.52, 0 ],
			"scale":  [ 1.2695, 2, 1.9304 ]
		},
		"firstperson_lefthand": {
			"rotation":  [ 0, -9, 0 ],
			"translation":  [ -3.478, -13.21, 0 ],
			"scale":  [ 1.4086, 2, 2 ]
		},
		"gui": {
			"rotation":  [ 0, 172, 0 ],
			"translation":  [ 0.6956, -0.691, 0 ],
			"scale":  [ 0.8, 0.8, 0.8 ]
		},
		"head": {
			"translation":  [ -2.086, -9.042, -9.739 ],
			"scale":  [ 4, 4, 4 ]
		},
		"ground": {
			"rotation":  [ 90, 90, 0 ],
			"translation":  [ -1.39, 0, -0.69 ],
			"scale":  [ 0.5, 0.5, 0.5 ]
		},
		"fixed": {
			"rotation":  [ -90, 0, 0 ],
			"translation":  [ -2.086, -18.07, -34.08 ],
			"scale":  [ 4, 4, 4 ]
		}
	}
}