{
	"parent": "item/generated",
	"textures": {
		"layer0": "item/prismarine_shard"
	},
	
	"overrides": [
		{"predicate": {"custom_model_data":1000001}, "model": "item/undineidle"},
		{"predicate": {"custom_model_data":1000002}, "model": "item/undineidle1"},
		{"predicate": {"custom_model_data":1000003}, "model": "item/undineidle2"},
		{"predicate": {"custom_model_data":1000004}, "model": "item/undine1"},
		{"predicate": {"custom_model_data":1000005}, "model": "item/undine2"},
		{"predicate": {"custom_model_data":1000006}, "model": "item/undinewave1"},
		{"predicate": {"custom_model_data":1000007}, "model": "item/undinewave2"},
		{"predicate": {"custom_model_data":1000008}, "model": "item/undinewave3"},
		{"predicate": {"custom_model_data":1000009}, "model": "item/undineshield1"},
		{"predicate": {"custom_model_data":1000010}, "model": "item/undineshield2"},
		{"predicate": {"custom_model_data":1000011}, "model": "item/undineshield3"},
		{"predicate": {"custom_model_data":1000012}, "model": "item/undineball1"},
		{"predicate": {"custom_model_data":1000013}, "model": "item/undineball2"},
		{"predicate": {"custom_model_data":1000014}, "model": "item/undineball3"},
		{"predicate": {"custom_model_data":1000015}, "model": "item/undinewall1"},
		{"predicate": {"custom_model_data":1000016}, "model": "item/undinewall2"},
		{"predicate": {"custom_model_data":1000017}, "model": "item/undinewall3"},
		{"predicate": {"custom_model_data":1000018}, "model": "item/undinedeath1"},
		{"predicate": {"custom_model_data":1000019}, "model": "item/undinedeath2"},
		{"predicate": {"custom_model_data":1000020}, "model": "item/undinedeath3"},
		{"predicate": {"custom_model_data":1000021}, "model": "item/waterballanima"},
		{"predicate": {"custom_model_data":1000022}, "model": "item/icespikesmall"},
		{"predicate": {"custom_model_data":1000023}, "model": "item/icespikemedium"},
		{"predicate": {"custom_model_data":1000024}, "model": "item/icespikebig"},
		{"predicate": {"custom_model_data":1000025}, "model": "item/tidalwave"},
		{"predicate": {"custom_model_data":1000026}, "model": "item/nagamyrmidonidle"},
		{"predicate": {"custom_model_data":1000027}, "model": "item/nagamyrmidonidle1"},
		{"predicate": {"custom_model_data":1000028}, "model": "item/nagamyrmidon1"},
		{"predicate": {"custom_model_data":1000029}, "model": "item/nagamyrmidon2"},
		{"predicate": {"custom_model_data":1000030}, "model": "item/nagamyrmidon3"},
		{"predicate": {"custom_model_data":1000031}, "model": "item/nagamyrmidonstab1"},
		{"predicate": {"custom_model_data":1000032}, "model": "item/nagamyrmidonstab2"},
		{"predicate": {"custom_model_data":1000033}, "model": "item/nagamyrmidonstab3"},
		{"predicate": {"custom_model_data":1000034}, "model": "item/nagamyrmidondmg"},
		{"predicate": {"custom_model_data":1000035}, "model": "item/nagamyrmidonbuff1"},
		{"predicate": {"custom_model_data":1000036}, "model": "item/nagamyrmidonbuff2"},
		{"predicate": {"custom_model_data":1000037}, "model": "item/nagamyrmidonslash"},
		{"predicate": {"custom_model_data":1000038}, "model": "item/nagamyrmidonspin"},
		{"predicate": {"custom_model_data":1000039}, "model": "item/nagamyrmidondeath1"},
		{"predicate": {"custom_model_data":1000040}, "model": "item/nagamyrmidondeath2"},
		{"predicate": {"custom_model_data":1000041}, "model": "item/nagamyrmidondeath3"},
		{"predicate": {"custom_model_data":1000042}, "model": "item/nagaspellsingeridle"},
		{"predicate": {"custom_model_data":1000043}, "model": "item/nagaspellsingeridle2"},
		{"predicate": {"custom_model_data":1000044}, "model": "item/nagaspellsingeridle3"},
		{"predicate": {"custom_model_data":1000045}, "model": "item/nagaspellsinger1"},
		{"predicate": {"custom_model_data":1000046}, "model": "item/nagaspellsinger2"},
		{"predicate": {"custom_model_data":1000047}, "model": "item/nagaspellsinger3"},
		{"predicate": {"custom_model_data":1000048}, "model": "item/nagaspellsingeratt1"},
		{"predicate": {"custom_model_data":1000049}, "model": "item/nagaspellsingeratt2"},
		{"predicate": {"custom_model_data":1000050}, "model": "item/nagaspellsingeratt3"},
		{"predicate": {"custom_model_data":1000051}, "model": "item/nagaspellsingerthrow1"},
		{"predicate": {"custom_model_data":1000052}, "model": "item/nagaspellsingerthrow2"},
		{"predicate": {"custom_model_data":1000053}, "model": "item/nagaspellsingerthrow3"},
		{"predicate": {"custom_model_data":1000054}, "model": "item/nagaspellsingerillusion"},
		{"predicate": {"custom_model_data":1000055}, "model": "item/nagaspellsingeridleensnare1"},
		{"predicate": {"custom_model_data":1000056}, "model": "item/nagaspellsingeridleensnare2"},
		{"predicate": {"custom_model_data":1000057}, "model": "item/nagaspellsingerdeath1"},
		{"predicate": {"custom_model_data":1000058}, "model": "item/nagaspellsingerdeath2"},
		{"predicate": {"custom_model_data":1000059}, "model": "item/nagaspellsingerdeath3"},
		{"predicate": {"custom_model_data":1000060}, "model": "item/fishnet"},
		{"predicate": {"custom_model_data":1000061}, "model": "item/serpentheadidle"},
		{"predicate": {"custom_model_data":1000062}, "model": "item/serpentmiddleidle"},
		{"predicate": {"custom_model_data":1000063}, "model": "item/serpenttailidle"},
		{"predicate": {"custom_model_data":1000064}, "model": "item/serpentheadidle1"},
		{"predicate": {"custom_model_data":1000065}, "model": "item/serpenthead1"},
		{"predicate": {"custom_model_data":1000066}, "model": "item/serpentmiddle1"},
		{"predicate": {"custom_model_data":1000067}, "model": "item/serpenttail1"},
		{"predicate": {"custom_model_data":1000068}, "model": "item/serpenthead2"},
		{"predicate": {"custom_model_data":1000069}, "model": "item/serpentmiddle2"},
		{"predicate": {"custom_model_data":1000070}, "model": "item/serpenttail2"},
		{"predicate": {"custom_model_data":1000071}, "model": "item/serpentheadspit1"},
		{"predicate": {"custom_model_data":1000072}, "model": "item/serpentmiddlespit"},
		{"predicate": {"custom_model_data":1000073}, "model": "item/serpenttailspit"},
		{"predicate": {"custom_model_data":1000074}, "model": "item/serpentheadspit2"},
		{"predicate": {"custom_model_data":1000075}, "model": "item/serpentheadspit3"},
		{"predicate": {"custom_model_data":1000076}, "model": "item/serpentheadbite1"},
		{"predicate": {"custom_model_data":1000077}, "model": "item/serpentheadbite2"},
		{"predicate": {"custom_model_data":1000078}, "model": "item/serpenttailbite2"},
		{"predicate": {"custom_model_data":1000079}, "model": "item/serpentheadbite3"},
		{"predicate": {"custom_model_data":1000080}, "model": "item/serpenttailbite3"},
		{"predicate": {"custom_model_data":1000081}, "model": "item/serpentheadroar"},
		{"predicate": {"custom_model_data":1000082}, "model": "item/serpentheadroar1"},
		{"predicate": {"custom_model_data":1000083}, "model": "item/serpentheadroar2"},
		{"predicate": {"custom_model_data":1000084}, "model": "item/serpentscales"},
		{"predicate": {"custom_model_data":1000085}, "model": "item/serpenttrophy"},
		{"predicate": {"custom_model_data":1000086}, "model": "item/nagascales"},
		{"predicate": {"custom_model_data":1000087}, "model": "item/yellownagascales"},
		{"predicate": {"custom_model_data":1000088}, "model": "item/watercoreanima"},
		{"predicate": {"custom_model_data":1000089}, "model": "item/serpentmiddledeath"},
		{"predicate": {"custom_model_data":1000090}, "model": "item/serpenttaildeath"},
		{"predicate": {"custom_model_data":1000091}, "model": "item/serpentheaddeath"}			
	]
}