{
	"__comment": "Designed by Sefreneth with Cubik Studio - https://cubik.studio",
	"textures": {
		"seaserpenthead": "item/seaserpenthead"
	},
	"elements": [ 	 
		{
			"__comment": "Box9",
			"from": [ 13.41, 0.68, -7.975 ],
			"to": [ 19.57, 8.6, 3.465001 ],
			"rotation": { "origin": [ 16.49, 8.599999, -7.975001 ], "axis": "y", "angle": -22.5 },
			"faces": {
				"down": { "uv": [ 2.5, 5.25, 4, 8 ], "texture": "#seaserpenthead" },
				"up": { "uv": [ 2.5, 2.5, 4, 5.25 ], "texture": "#seaserpenthead" },
				"north": { "uv": [ 2.5, 0.75, 4, 2.5 ], "texture": "#seaserpenthead" },
				"south": { "uv": [ 5, 5, 6.5, 6.75 ], "texture": "#seaserpenthead" },
				"west": { "uv": [ 7.75, 11.25, 10.5, 13 ], "texture": "#seaserpenthead" },
				"east": { "uv": [ 10.5, 11.25, 7.75, 13 ], "texture": "#seaserpenthead" }
			}
		},
		{
			"__comment": "PlaneX11",
			"from": [ 16.49, 8.599999, -7.975 ],
			"to": [ 16.49176, 20.92, 3.465001 ],
			"rotation": { "origin": [ 16.49, 8.599999, -7.975001 ], "axis": "y", "angle": -22.5 },
			"faces": {
				"west": { "uv": [ 8, 13, 10.75, 16 ], "texture": "#seaserpenthead" },
				"east": { "uv": [ 10.75, 13, 8, 16 ], "texture": "#seaserpenthead" }
			}
		},
		{
			"__comment": "Box9",
			"from": [ 4.1889, 0.68, -6.092 ],
			"to": [ 15.6889, 7.18, -0.592 ],
			"rotation": { "origin": [ 26.24, 8.599999, 5.274999 ], "axis": "y", "angle": 22.5 },
			"faces": {
				"down": { "uv": [ 2.5, 5.25, 4, 8 ], "texture": "#seaserpenthead", "rotation": 270 },
				"up": { "uv": [ 2.5, 8, 4, 10.75 ], "texture": "#seaserpenthead", "rotation": 90 },
				"north": { "uv": [ 5, 14.25, 7.75, 16 ], "texture": "#seaserpenthead" },
				"south": { "uv": [ 7.75, 14.25, 5, 16 ], "texture": "#seaserpenthead" },
				"west": { "uv": [ 2.5, 0.75, 4, 2.5 ], "texture": "#seaserpenthead" },
				"east": { "uv": [ 0, 10, 1.5, 11.75 ], "texture": "#seaserpenthead" }
			}
		},
		{
			"__comment": "PlaneX11",
			"from": [ 4.2489, 7.225, -3.387 ],
			"to": [ 15.6889, 19.545, -3.38524 ],
			"rotation": { "origin": [ 26.24, 8.599999, 5.274999 ], "axis": "y", "angle": 22.5 },
			"faces": {
				"north": { "uv": [ 8, 13, 10.75, 16 ], "texture": "#seaserpenthead" },
				"south": { "uv": [ 10.75, 13, 8, 16 ], "texture": "#seaserpenthead" }
			}
		},
		{
			"__comment": "Box9",
			"from": [ -9.625, 0.58, 12.7951 ],
			"to": [ 1.875, 5.58, 16.7951 ],
			"rotation": { "origin": [ 24.75, 8.5, 14.625 ], "axis": "y", "angle": -22.5 },
			"faces": {
				"down": { "uv": [ 2.5, 5.25, 4, 8 ], "texture": "#seaserpenthead", "rotation": 270 },
				"up": { "uv": [ 2.5, 2.5, 4, 5.25 ], "texture": "#seaserpenthead", "rotation": 90 },
				"north": { "uv": [ 7.75, 11.25, 10.5, 13 ], "texture": "#seaserpenthead" },
				"south": { "uv": [ 10.5, 11.25, 7.75, 13 ], "texture": "#seaserpenthead" },
				"west": { "uv": [ 5, 5, 6.5, 6.75 ], "texture": "#seaserpenthead" },
				"east": { "uv": [ 2.5, 0.75, 4, 2.5 ], "texture": "#seaserpenthead" }
			}
		},
		{
			"__comment": "PlaneX11",
			"from": [ -9.565, 5.625, 14.6251 ],
			"to": [ 1.875001, 17.945, 14.62686 ],
			"rotation": { "origin": [ 24.75, 8.5, 14.625 ], "axis": "y", "angle": -22.5 },
			"faces": {
				"north": { "uv": [ 13.5, 14, 16, 15.5 ], "texture": "#seaserpenthead" },
				"south": { "uv": [ 16, 14, 13.5, 15.5 ], "texture": "#seaserpenthead" }
			}
		}
	],
	"display": {
		"thirdperson_righthand": {
			"rotation":  [ 90, 0, 0 ],
			"scale":  [ 0.5, 0.5, 0.5 ]
		},
		"thirdperson_lefthand": {
			"rotation":  [ 90, 0, 0 ],
			"scale":  [ 0.5, 0.5, 0.5 ]
		},
		"gui": {
			"rotation":  [ 6, 139, 0 ],
			"scale":  [ 0.5, 0.5, 0.5 ]
		},
		"head": {
			"translation":  [ -32, -69.56, 80 ],
			"scale":  [ 4, 4, 4 ]
		},
		"ground": {
			"translation":  [ 0, 3.4782, 0 ],
			"scale":  [ 0.5, 0.5, 0.5 ]
		},
		"fixed": {
			"rotation":  [ -90, 0, 0 ],
			"translation":  [ -0.695, -9.739, -28.51 ],
			"scale":  [ 4, 4, 4 ]
		}
	}
}