{
	"__comment": "Designed by Sefreneth with Cubik Studio - https://cubik.studio",
	"textures": {
		"seaserpenthead": "item/seaserpenthead"
	},
	"elements": [ 	 
		{
			"__comment": "Box1",
			"from": [ 2.94, -0.4209, 7.61 ],
			"to": [ 8.22, 2.2191, 10.25176 ],
			"rotation": { "origin": [ 2.5, 9.75, 10.125 ], "axis": "x", "angle": 22.5 },
			"faces": {
				"down": { "uv": [ 7.75, 4.5, 6.5, 4 ], "texture": "#seaserpenthead" },
				"up": { "uv": [ 6.5, 3.5, 7.75, 4 ], "texture": "#seaserpenthead" },
				"north": { "uv": [ 7.75, 5, 6.5, 4.5 ], "texture": "#seaserpenthead" },
				"south": { "uv": [ 6.5, 5.5, 7.75, 6 ], "texture": "#seaserpenthead" },
				"west": { "uv": [ 4.5, 7.5, 5, 8 ], "texture": "#seaserpenthead", "rotation": 270 },
				"east": { "uv": [ 5, 7.5, 4.5, 8 ], "texture": "#seaserpenthead", "rotation": 90 }
			}
		},
		{
			"__comment": "Box1",
			"from": [ 1.62, 9.2591, 7.6118 ],
			"to": [ 9.54, 14.5391, 10.2518 ],
			"rotation": { "origin": [ 2.5, 9.75, 10.125 ], "axis": "x", "angle": 22.5 },
			"faces": {
				"down": { "uv": [ 15.25, 9.25, 13.5, 8.75 ], "texture": "#seaserpenthead" },
				"up": { "uv": [ 11.25, 8, 13, 8.5 ], "texture": "#seaserpenthead" },
				"north": { "uv": [ 10, 11.25, 8.25, 10 ], "texture": "#seaserpenthead" },
				"south": { "uv": [ 6.5, 10, 8.25, 11.25 ], "texture": "#seaserpenthead" },
				"west": { "uv": [ 6.5, 3, 7.75, 3.5 ], "texture": "#seaserpenthead", "rotation": 270 },
				"east": { "uv": [ 7.75, 3, 6.5, 3.5 ], "texture": "#seaserpenthead", "rotation": 90 }
			}
		},
		{
			"__comment": "Box1",
			"from": [ 2.06, 5.7391, 7.6118 ],
			"to": [ 9.1, 9.2591, 10.2518 ],
			"rotation": { "origin": [ 2.5, 9.75, 10.125 ], "axis": "x", "angle": 22.5 },
			"faces": {
				"down": { "uv": [ 14.75, 8.5, 13, 8 ], "texture": "#seaserpenthead" },
				"up": { "uv": [ 11.75, 8.75, 13.5, 9.25 ], "texture": "#seaserpenthead" },
				"north": { "uv": [ 8.25, 8.75, 6.5, 8 ], "texture": "#seaserpenthead" },
				"south": { "uv": [ 13.5, 9.25, 15.25, 10 ], "texture": "#seaserpenthead" },
				"west": { "uv": [ 4, 8, 4.75, 8.5 ], "texture": "#seaserpenthead", "rotation": 270 },
				"east": { "uv": [ 4.75, 8, 4, 8.5 ], "texture": "#seaserpenthead", "rotation": 90 }
			}
		},
		{
			"__comment": "Box1",
			"from": [ 2.5, 2.2191, 7.6118 ],
			"to": [ 8.66, 5.739101, 10.2518 ],
			"rotation": { "origin": [ 2.5, 9.75, 10.125 ], "axis": "x", "angle": 22.5 },
			"faces": {
				"down": { "uv": [ 8, 7, 6.5, 6.5 ], "texture": "#seaserpenthead" },
				"up": { "uv": [ 6.5, 6, 8, 6.5 ], "texture": "#seaserpenthead" },
				"north": { "uv": [ 4, 0.75, 2.5, 0 ], "texture": "#seaserpenthead" },
				"south": { "uv": [ 9.75, 8, 11.25, 8.75 ], "texture": "#seaserpenthead" },
				"west": { "uv": [ 4, 9.5, 4.75, 10 ], "texture": "#seaserpenthead", "rotation": 270 },
				"east": { "uv": [ 4.75, 9.5, 4, 10 ], "texture": "#seaserpenthead", "rotation": 90 }
			}
		},
		{
			"__comment": "Box1",
			"from": [ 1.621, 13.925, 4.47 ],
			"to": [ 9.541, 19.205, 9.75 ],
			"rotation": { "origin": [ 2.5, 8.5, 8.625 ], "axis": "x", "angle": 22.5 },
			"faces": {
				"down": { "uv": [ 10, 10, 11.75, 11.25 ], "texture": "#seaserpenthead" },
				"up": { "uv": [ 11.75, 10, 13.5, 11.25 ], "texture": "#seaserpenthead" },
				"north": { "uv": [ 13.5, 10, 15.25, 11.25 ], "texture": "#seaserpenthead" },
				"south": { "uv": [ 6.5, 8.75, 8.25, 10 ], "texture": "#seaserpenthead" },
				"west": { "uv": [ 5, 3.75, 6.25, 5 ], "texture": "#seaserpenthead" },
				"east": { "uv": [ 6.25, 3.75, 5, 5 ], "texture": "#seaserpenthead" }
			}
		},
		{
			"__comment": "Box1",
			"from": [ 2.061, 13.925, 0.95 ],
			"to": [ 9.101, 18.325, 4.47 ],
			"rotation": { "origin": [ 2.5, 8.5, 8.625 ], "axis": "x", "angle": 22.5 },
			"faces": {
				"down": { "uv": [ 13.5, 13, 15.25, 13.75 ], "texture": "#seaserpenthead" },
				"up": { "uv": [ 11.75, 9.25, 13.5, 10 ], "texture": "#seaserpenthead" },
				"north": { "uv": [ 8.25, 9, 10, 10 ], "texture": "#seaserpenthead" },
				"south": { "uv": [ 10, 9, 11.75, 10 ], "texture": "#seaserpenthead" },
				"west": { "uv": [ 1.5, 0, 2.25, 1 ], "texture": "#seaserpenthead" },
				"east": { "uv": [ 2.25, 0, 1.5, 1 ], "texture": "#seaserpenthead" }
			}
		},
		{
			"__comment": "Box1",
			"from": [ 2.941, 13.925, -5.21 ],
			"to": [ 8.221001, 16.565, -2.57 ],
			"rotation": { "origin": [ 2.5, 8.5, 8.625 ], "axis": "x", "angle": 22.5 },
			"faces": {
				"down": { "uv": [ 14.75, 8.25, 16, 8.75 ], "texture": "#seaserpenthead" },
				"up": { "uv": [ 6.5, 1.5, 7.75, 2 ], "texture": "#seaserpenthead" },
				"north": { "uv": [ 6.5, 2, 7.75, 2.5 ], "texture": "#seaserpenthead" },
				"south": { "uv": [ 6.5, 2.5, 7.75, 3 ], "texture": "#seaserpenthead" },
				"west": { "uv": [ 4.5, 7, 5, 7.5 ], "texture": "#seaserpenthead" },
				"east": { "uv": [ 5, 7, 4.5, 7.5 ], "texture": "#seaserpenthead" }
			}
		},
		{
			"__comment": "Box1",
			"from": [ 2.501, 13.925, -2.57 ],
			"to": [ 8.660999, 17.445, 0.9500012 ],
			"rotation": { "origin": [ 2.5, 8.5, 8.625 ], "axis": "x", "angle": 22.5 },
			"faces": {
				"down": { "uv": [ 5, 1.75, 6.5, 2.5 ], "texture": "#seaserpenthead" },
				"up": { "uv": [ 5, 1, 6.5, 1.75 ], "texture": "#seaserpenthead" },
				"north": { "uv": [ 5, 0.25, 6.5, 1 ], "texture": "#seaserpenthead" },
				"south": { "uv": [ 8.25, 8, 9.75, 8.75 ], "texture": "#seaserpenthead" },
				"west": { "uv": [ 4, 10, 4.75, 10.75 ], "texture": "#seaserpenthead" },
				"east": { "uv": [ 4.75, 10, 4, 10.75 ], "texture": "#seaserpenthead" }
			}
		},
		{
			"__comment": "Box9",
			"from": [ 4.785, 0.68, 16.275 ],
			"to": [ 10.945, 8.6, 27.715 ],
			"faces": {
				"down": { "uv": [ 2.5, 5.25, 4, 8 ], "texture": "#seaserpenthead" },
				"up": { "uv": [ 2.5, 2.5, 4, 5.25 ], "texture": "#seaserpenthead" },
				"north": { "uv": [ 2.5, 0.75, 4, 2.5 ], "texture": "#seaserpenthead" },
				"south": { "uv": [ 5, 5, 6.5, 6.75 ], "texture": "#seaserpenthead" },
				"west": { "uv": [ 7.75, 11.25, 10.5, 13 ], "texture": "#seaserpenthead" },
				"east": { "uv": [ 10.5, 11.25, 7.75, 13 ], "texture": "#seaserpenthead" }
			}
		},
		{
			"__comment": "Box9",
			"from": [ 3.375, 9.75, 7.5 ],
			"to": [ 9.535, 17.67, 18.94 ],
			"rotation": { "origin": [ 3.375, 9.75, 7.5 ], "axis": "x", "angle": 45 },
			"faces": {
				"down": { "uv": [ 2.5, 5.25, 4, 8 ], "texture": "#seaserpenthead" },
				"up": { "uv": [ 2.5, 8, 4, 10.75 ], "texture": "#seaserpenthead" },
				"north": { "uv": [ 5, 6.75, 6.5, 8.5 ], "texture": "#seaserpenthead" },
				"south": { "uv": [ 2.5, 0.75, 4, 2.5 ], "texture": "#seaserpenthead" },
				"west": { "uv": [ 13.25, 11.25, 16, 13 ], "texture": "#seaserpenthead" },
				"east": { "uv": [ 16, 11.25, 13.25, 13 ], "texture": "#seaserpenthead" }
			}
		},
		{
			"__comment": "PlaneX11",
			"from": [ 7.865, 8.599999, 16.275 ],
			"to": [ 7.86676, 20.92, 27.715 ],
			"faces": {
				"west": { "uv": [ 8, 13, 10.75, 16 ], "texture": "#seaserpenthead" },
				"east": { "uv": [ 10.75, 13, 8, 16 ], "texture": "#seaserpenthead" }
			}
		},
		{
			"__comment": "PlaneX11",
			"from": [ 7.5417, 6.485, 9.5207 ],
			"to": [ 22.5417, 23.485, 9.5217 ],
			"rotation": { "origin": [ 2.5, 9.875, 14.125 ], "axis": "y", "angle": -22.5 },
			"faces": {
				"north": { "uv": [ 2.5, 12.5, 0, 16 ], "texture": "#seaserpenthead" },
				"south": { "uv": [ 0, 12.5, 2.5, 16 ], "texture": "#seaserpenthead" }
			}
		},
		{
			"__comment": "PlaneX13",
			"from": [ 2.941, 12.165, -5.21 ],
			"to": [ 8.221001, 13.925, -5.208241 ],
			"rotation": { "origin": [ 2.5, 8.5, 8.625 ], "axis": "x", "angle": 22.5 },
			"faces": {
				"north": { "uv": [ 0, 0, 1.5, 1 ], "texture": "#seaserpenthead" },
				"south": { "uv": [ 1.5, 0, 0, 1 ], "texture": "#seaserpenthead" }
			}
		},
		{
			"__comment": "PlaneX11",
			"from": [ 6.455, 17.67, 7.5 ],
			"to": [ 6.45676, 29.99, 18.94 ],
			"rotation": { "origin": [ 3.375, 9.75, 7.5 ], "axis": "x", "angle": 22.5 },
			"faces": {
				"west": { "uv": [ 8, 13, 10.75, 16 ], "texture": "#seaserpenthead" },
				"east": { "uv": [ 10.75, 13, 8, 16 ], "texture": "#seaserpenthead" }
			}
		},
		{
			"__comment": "PlaneX11",
			"from": [ 5.581, 17.445, -0.81 ],
			"to": [ 5.58276, 27.125, 9.750001 ],
			"rotation": { "origin": [ 2.5, 8.5, 8.625 ], "axis": "x", "angle": 22.5 },
			"faces": {
				"west": { "uv": [ 16, 13.75, 13.5, 16 ], "texture": "#seaserpenthead" },
				"east": { "uv": [ 13.5, 13.75, 16, 16 ], "texture": "#seaserpenthead" }
			}
		},
		{
			"__comment": "PlaneX13",
			"from": [ 3.036, 12.29, -5.43 ],
			"to": [ 3.03776, 14.05, 9.530003 ],
			"rotation": { "origin": [ 2.5, 8.5, 8.625 ], "axis": "x", "angle": 22.5 },
			"faces": {
				"west": { "uv": [ 6.5, 8, 12.5, 7.5 ], "texture": "#seaserpenthead" },
				"east": { "uv": [ 12.5, 8, 6.5, 7.5 ], "texture": "#seaserpenthead" }
			}
		},
		{
			"__comment": "PlaneX13",
			"from": [ 8.125999, 12.29, -5.43 ],
			"to": [ 8.12776, 14.05, 9.530003 ],
			"rotation": { "origin": [ 2.5, 8.5, 8.625 ], "axis": "x", "angle": 22.5 },
			"faces": {
				"west": { "uv": [ 6.5, 8, 12.5, 7.5 ], "texture": "#seaserpenthead" },
				"east": { "uv": [ 12.5, 8, 6.5, 7.5 ], "texture": "#seaserpenthead" }
			}
		},
		{
			"__comment": "PlaneX13",
			"from": [ 7.78, -0.6409, 5.8518 ],
			"to": [ 7.78176, 14.3191, 7.6118 ],
			"rotation": { "origin": [ 2.5, 9.75, 10.125 ], "axis": "x", "angle": 22.5 },
			"faces": {
				"west": { "uv": [ 6.5, 7.5, 12.5, 8 ], "texture": "#seaserpenthead", "rotation": 270 },
				"east": { "uv": [ 12.5, 7.5, 6.5, 8 ], "texture": "#seaserpenthead", "rotation": 90 }
			}
		},
		{
			"__comment": "PlaneX13",
			"from": [ 3.38, -0.6409, 5.8518 ],
			"to": [ 3.38176, 14.3191, 7.6118 ],
			"rotation": { "origin": [ 2.5, 9.75, 10.125 ], "axis": "x", "angle": 22.5 },
			"faces": {
				"west": { "uv": [ 6.5, 7.5, 12.5, 8 ], "texture": "#seaserpenthead", "rotation": 270 },
				"east": { "uv": [ 12.5, 7.5, 6.5, 8 ], "texture": "#seaserpenthead", "rotation": 90 }
			}
		},
		{
			"__comment": "PlaneX13",
			"from": [ 2.94, -0.4208, 5.8518 ],
			"to": [ 8.22, -0.4190405, 7.6118 ],
			"rotation": { "origin": [ 2.5, 9.75, 10.125 ], "axis": "x", "angle": 22.5 },
			"faces": {
				"down": { "uv": [ 1.5, 0, 0, 1 ], "texture": "#seaserpenthead" },
				"up": { "uv": [ 0, 1, 1.5, 0 ], "texture": "#seaserpenthead" }
			}
		},
		{
			"__comment": "PlaneX11",
			"from": [ -13.0303, 6.61, 11.347 ],
			"to": [ 1.969699, 23.61, 11.348 ],
			"rotation": { "origin": [ 2.5, 9.875, 11.75 ], "axis": "y", "angle": 22.5 },
			"faces": {
				"north": { "uv": [ 0, 12.5, 2.5, 16 ], "texture": "#seaserpenthead" },
				"south": { "uv": [ 2.5, 12.5, 0, 16 ], "texture": "#seaserpenthead" }
			}
		}
	],
	"display": {
		"thirdperson_righthand": {
			"rotation":  [ 90, 0, 0 ],
			"scale":  [ 0.5, 0.5, 0.5 ]
		},
		"thirdperson_lefthand": {
			"rotation":  [ 90, 0, 0 ],
			"scale":  [ 0.5, 0.5, 0.5 ]
		},
		"gui": {
			"rotation":  [ 6, 139, 0 ],
			"scale":  [ 0.5, 0.5, 0.5 ]
		},
		"head": {
			"translation":  [ 0.6956, -4.173, -67.47 ],
			"scale":  [ 4, 4, 4 ]
		},
		"ground": {
			"translation":  [ 0, 3.4782, 0 ],
			"scale":  [ 0.5, 0.5, 0.5 ]
		},
		"fixed": {
			"rotation":  [ -90, 0, 0 ],
			"translation":  [ -0.695, -64, -28.51 ],
			"scale":  [ 4, 4, 4 ]
		}
	}
}