{
	"__comment": "Designed by Sefreneth with Cubik Studio - https://cubik.studio",
	"textures": {
		"seaserpenthead": "item/seaserpenthead"
	},
	"elements": [ 	 
		{
			"__comment": "Box9",
			"from": [ 4.787, 8.1167, -2.439 ],
			"to": [ 10.947, 19.5567, 5.481001 ],
			"rotation": { "origin": [ 7.866, 12.475, 2.585 ], "axis": "x", "angle": -22.5 },
			"faces": {
				"down": { "uv": [ 5, 5, 6.5, 6.75 ], "texture": "#seaserpenthead" },
				"up": { "uv": [ 4, 2.5, 2.5, 0.75 ], "texture": "#seaserpenthead" },
				"north": { "uv": [ 4, 8, 2.5, 5.25 ], "texture": "#seaserpenthead" },
				"south": { "uv": [ 2.5, 2.5, 4, 5.25 ], "texture": "#seaserpenthead" },
				"west": { "uv": [ 7.75, 11.25, 10.5, 13 ], "texture": "#seaserpenthead", "rotation": 90 },
				"east": { "uv": [ 10.5, 11.25, 7.75, 13 ], "texture": "#seaserpenthead", "rotation": 270 }
			}
		},
		{
			"__comment": "PlaneX11",
			"from": [ 7.867, 8.1167, 5.481 ],
			"to": [ 7.86876, 19.5567, 17.801 ],
			"rotation": { "origin": [ 7.866, 12.475, 2.585 ], "axis": "x", "angle": -22.5 },
			"faces": {
				"west": { "uv": [ 8, 13, 10.75, 16 ], "texture": "#seaserpenthead", "rotation": 90 },
				"east": { "uv": [ 10.75, 13, 8, 16 ], "texture": "#seaserpenthead", "rotation": 270 }
			}
		},
		{
			"__comment": "Box9",
			"from": [ 4.786, 4.555, 2.585 ],
			"to": [ 10.946, 12.475, 14.025 ],
			"rotation": { "origin": [ 7.866, 12.475, 2.585 ], "axis": "x", "angle": 22.5 },
			"faces": {
				"down": { "uv": [ 2.5, 5.25, 4, 8 ], "texture": "#seaserpenthead" },
				"up": { "uv": [ 2.5, 8, 4, 10.75 ], "texture": "#seaserpenthead" },
				"north": { "uv": [ 0, 10, 1.5, 11.75 ], "texture": "#seaserpenthead" },
				"south": { "uv": [ 2.5, 0.75, 4, 2.5 ], "texture": "#seaserpenthead" },
				"west": { "uv": [ 5, 14.25, 7.75, 16 ], "texture": "#seaserpenthead" },
				"east": { "uv": [ 7.75, 14.25, 5, 16 ], "texture": "#seaserpenthead" }
			}
		},
		{
			"__comment": "PlaneX11",
			"from": [ 7.866, 12.475, 2.585 ],
			"to": [ 7.86776, 24.795, 14.025 ],
			"rotation": { "origin": [ 7.866, 12.475, 2.585 ], "axis": "x", "angle": 22.5 },
			"faces": {
				"west": { "uv": [ 8, 13, 10.75, 16 ], "texture": "#seaserpenthead" },
				"east": { "uv": [ 10.75, 13, 8, 16 ], "texture": "#seaserpenthead" }
			}
		},
		{
			"__comment": "Box9",
			"from": [ 5.535, 0.68, 10.4 ],
			"to": [ 11.695, 8.6, 21.84 ],
			"rotation": { "origin": [ 5.535, 0.68, 10.4 ], "axis": "y", "angle": -22.5 },
			"faces": {
				"down": { "uv": [ 2.5, 5.25, 4, 8 ], "texture": "#seaserpenthead" },
				"up": { "uv": [ 2.5, 2.5, 4, 5.25 ], "texture": "#seaserpenthead" },
				"north": { "uv": [ 2.5, 0.75, 4, 2.5 ], "texture": "#seaserpenthead" },
				"south": { "uv": [ 5, 5, 6.5, 6.75 ], "texture": "#seaserpenthead" },
				"west": { "uv": [ 7.75, 11.25, 10.5, 13 ], "texture": "#seaserpenthead" },
				"east": { "uv": [ 10.5, 11.25, 7.75, 13 ], "texture": "#seaserpenthead" }
			}
		},
		{
			"__comment": "PlaneX11",
			"from": [ 8.615, 8.599999, 10.4 ],
			"to": [ 8.61676, 20.92, 21.84 ],
			"rotation": { "origin": [ 5.535, 0.68, 10.4 ], "axis": "y", "angle": -22.5 },
			"faces": {
				"west": { "uv": [ 8, 13, 10.75, 16 ], "texture": "#seaserpenthead" },
				"east": { "uv": [ 10.75, 13, 8, 16 ], "texture": "#seaserpenthead" }
			}
		}
	],
	"display": {
		"thirdperson_righthand": {
			"rotation":  [ 90, 0, 0 ],
			"scale":  [ 0.5, 0.5, 0.5 ]
		},
		"thirdperson_lefthand": {
			"rotation":  [ 90, 0, 0 ],
			"scale":  [ 0.5, 0.5, 0.5 ]
		},
		"gui": {
			"rotation":  [ 6, 139, 0 ],
			"scale":  [ 0.5, 0.5, 0.5 ]
		},
		"head": {
			"translation":  [ 4.1738, -80, 22.259 ],
			"scale":  [ 4, 4, 4 ]
		},
		"ground": {
			"translation":  [ 0, 3.4782, 0 ],
			"scale":  [ 0.5, 0.5, 0.5 ]
		},
		"fixed": {
			"rotation":  [ -90, 0, 0 ],
			"translation":  [ -0.695, -9.739, -28.51 ],
			"scale":  [ 4, 4, 4 ]
		}
	}
}