{
	"__comment": "Designed by Sefreneth with Cubik Studio - https://cubik.studio",
	"textures": {
		"seaserpenthead": "item/seaserpenthead"
	},
	"elements": [ 	 
		{
			"__comment": "Box1",
			"from": [ 5.225, 0.125, -9.875 ],
			"to": [ 10.505, 2.76676, -7.235 ],
			"faces": {
				"down": { "uv": [ 6.5, 5.5, 7.75, 6 ], "texture": "#seaserpenthead" },
				"up": { "uv": [ 6.5, 4.5, 7.75, 5 ], "texture": "#seaserpenthead" },
				"north": { "uv": [ 6.5, 4, 7.75, 4.5 ], "texture": "#seaserpenthead" },
				"south": { "uv": [ 6.5, 3.5, 7.75, 4 ], "texture": "#seaserpenthead" },
				"west": { "uv": [ 4.5, 7.5, 5, 8 ], "texture": "#seaserpenthead" },
				"east": { "uv": [ 5, 7.5, 4.5, 8 ], "texture": "#seaserpenthead" }
			}
		},
		{
			"__comment": "Box1",
			"from": [ 3.905, 0.125, -0.195 ],
			"to": [ 11.825, 2.765, 5.085 ],
			"faces": {
				"down": { "uv": [ 6.5, 10, 8.25, 11.25 ], "texture": "#seaserpenthead" },
				"up": { "uv": [ 8.25, 10, 10, 11.25 ], "texture": "#seaserpenthead" },
				"north": { "uv": [ 13.5, 8.75, 15.25, 9.25 ], "texture": "#seaserpenthead" },
				"south": { "uv": [ 11.25, 8, 13, 8.5 ], "texture": "#seaserpenthead" },
				"west": { "uv": [ 6.5, 3, 7.75, 3.5 ], "texture": "#seaserpenthead" },
				"east": { "uv": [ 7.75, 3, 6.5, 3.5 ], "texture": "#seaserpenthead" }
			}
		},
		{
			"__comment": "Box1",
			"from": [ 4.345, 0.125, -3.715 ],
			"to": [ 11.385, 2.765, -0.1949997 ],
			"faces": {
				"down": { "uv": [ 13.5, 9.25, 15.25, 10 ], "texture": "#seaserpenthead" },
				"up": { "uv": [ 6.5, 8, 8.25, 8.75 ], "texture": "#seaserpenthead" },
				"north": { "uv": [ 13, 8, 14.75, 8.5 ], "texture": "#seaserpenthead" },
				"south": { "uv": [ 11.75, 8.75, 13.5, 9.25 ], "texture": "#seaserpenthead" },
				"west": { "uv": [ 4, 8, 4.75, 8.5 ], "texture": "#seaserpenthead" },
				"east": { "uv": [ 4.75, 8, 4, 8.5 ], "texture": "#seaserpenthead" }
			}
		},
		{
			"__comment": "Box1",
			"from": [ 4.785, 0.125, -7.235 ],
			"to": [ 10.945, 2.765, -3.714999 ],
			"faces": {
				"down": { "uv": [ 9.75, 8, 11.25, 8.75 ], "texture": "#seaserpenthead" },
				"up": { "uv": [ 2.5, 0, 4, 0.75 ], "texture": "#seaserpenthead" },
				"north": { "uv": [ 6.5, 6.5, 8, 7 ], "texture": "#seaserpenthead" },
				"south": { "uv": [ 6.5, 6, 8, 6.5 ], "texture": "#seaserpenthead" },
				"west": { "uv": [ 4, 9.5, 4.75, 10 ], "texture": "#seaserpenthead" },
				"east": { "uv": [ 4.75, 9.5, 4, 10 ], "texture": "#seaserpenthead" }
			}
		},
		{
			"__comment": "Box1",
			"from": [ 3.905, 3.98, -0.445 ],
			"to": [ 11.825, 9.26, 4.835 ],
			"faces": {
				"down": { "uv": [ 10, 10, 11.75, 11.25 ], "texture": "#seaserpenthead" },
				"up": { "uv": [ 11.75, 10, 13.5, 11.25 ], "texture": "#seaserpenthead" },
				"north": { "uv": [ 13.5, 10, 15.25, 11.25 ], "texture": "#seaserpenthead" },
				"south": { "uv": [ 6.5, 8.75, 8.25, 10 ], "texture": "#seaserpenthead" },
				"west": { "uv": [ 5, 3.75, 6.25, 5 ], "texture": "#seaserpenthead" },
				"east": { "uv": [ 6.25, 3.75, 5, 5 ], "texture": "#seaserpenthead" }
			}
		},
		{
			"__comment": "Box1",
			"from": [ 4.345, 3.98, -3.965 ],
			"to": [ 11.385, 8.38, -0.4449997 ],
			"faces": {
				"down": { "uv": [ 13.5, 13, 15.25, 13.75 ], "texture": "#seaserpenthead" },
				"up": { "uv": [ 11.75, 9.25, 13.5, 10 ], "texture": "#seaserpenthead" },
				"north": { "uv": [ 8.25, 9, 10, 10 ], "texture": "#seaserpenthead" },
				"south": { "uv": [ 10, 9, 11.75, 10 ], "texture": "#seaserpenthead" },
				"west": { "uv": [ 1.5, 0, 2.25, 1 ], "texture": "#seaserpenthead" },
				"east": { "uv": [ 2.25, 0, 1.5, 1 ], "texture": "#seaserpenthead" }
			}
		},
		{
			"__comment": "Box1",
			"from": [ 5.225, 3.98, -10.125 ],
			"to": [ 10.505, 6.62, -7.485 ],
			"faces": {
				"down": { "uv": [ 14.75, 8.25, 16, 8.75 ], "texture": "#seaserpenthead" },
				"up": { "uv": [ 6.5, 1.5, 7.75, 2 ], "texture": "#seaserpenthead" },
				"north": { "uv": [ 6.5, 2, 7.75, 2.5 ], "texture": "#seaserpenthead" },
				"south": { "uv": [ 6.5, 2.5, 7.75, 3 ], "texture": "#seaserpenthead" },
				"west": { "uv": [ 4.5, 7, 5, 7.5 ], "texture": "#seaserpenthead" },
				"east": { "uv": [ 5, 7, 4.5, 7.5 ], "texture": "#seaserpenthead" }
			}
		},
		{
			"__comment": "Box1",
			"from": [ 4.785, 3.98, -7.485 ],
			"to": [ 10.945, 7.5, -3.964999 ],
			"faces": {
				"down": { "uv": [ 5, 1.75, 6.5, 2.5 ], "texture": "#seaserpenthead" },
				"up": { "uv": [ 5, 1, 6.5, 1.75 ], "texture": "#seaserpenthead" },
				"north": { "uv": [ 5, 0.25, 6.5, 1 ], "texture": "#seaserpenthead" },
				"south": { "uv": [ 8.25, 8, 9.75, 8.75 ], "texture": "#seaserpenthead" },
				"west": { "uv": [ 4, 10, 4.75, 10.75 ], "texture": "#seaserpenthead" },
				"east": { "uv": [ 4.75, 10, 4, 10.75 ], "texture": "#seaserpenthead" }
			}
		},
		{
			"__comment": "Box9",
			"from": [ 4.785, 0.68, 16.275 ],
			"to": [ 10.945, 8.6, 27.715 ],
			"faces": {
				"down": { "uv": [ 2.5, 5.25, 4, 8 ], "texture": "#seaserpenthead" },
				"up": { "uv": [ 2.5, 2.5, 4, 5.25 ], "texture": "#seaserpenthead" },
				"north": { "uv": [ 2.5, 0.75, 4, 2.5 ], "texture": "#seaserpenthead" },
				"south": { "uv": [ 5, 5, 6.5, 6.75 ], "texture": "#seaserpenthead" },
				"west": { "uv": [ 7.75, 11.25, 10.5, 13 ], "texture": "#seaserpenthead" },
				"east": { "uv": [ 10.5, 11.25, 7.75, 13 ], "texture": "#seaserpenthead" }
			}
		},
		{
			"__comment": "Box9",
			"from": [ 4.785, 0.68, 4.835 ],
			"to": [ 10.945, 8.6, 16.275 ],
			"faces": {
				"down": { "uv": [ 2.5, 5.25, 4, 8 ], "texture": "#seaserpenthead" },
				"up": { "uv": [ 2.5, 8, 4, 10.75 ], "texture": "#seaserpenthead" },
				"north": { "uv": [ 5, 6.75, 6.5, 8.5 ], "texture": "#seaserpenthead" },
				"south": { "uv": [ 2.5, 0.75, 4, 2.5 ], "texture": "#seaserpenthead" },
				"west": { "uv": [ 13.25, 11.25, 16, 13 ], "texture": "#seaserpenthead" },
				"east": { "uv": [ 16, 11.25, 13.25, 13 ], "texture": "#seaserpenthead" }
			}
		},
		{
			"__comment": "PlaneX11",
			"from": [ 7.865, 8.599999, 16.275 ],
			"to": [ 7.86676, 20.92, 27.715 ],
			"faces": {
				"west": { "uv": [ 8, 13, 10.75, 16 ], "texture": "#seaserpenthead" },
				"east": { "uv": [ 10.75, 13, 8, 16 ], "texture": "#seaserpenthead" }
			}
		},
		{
			"__comment": "PlaneX11",
			"from": [ 11.605, -2.71, 5.145 ],
			"to": [ 11.606, 14.29, 20.145 ],
			"rotation": { "origin": [ 11.605, -2.710001, 5.145 ], "axis": "y", "angle": 22.5 },
			"faces": {
				"west": { "uv": [ 0, 12.5, 2.5, 16 ], "texture": "#seaserpenthead" },
				"east": { "uv": [ 2.5, 12.5, 0, 16 ], "texture": "#seaserpenthead" }
			}
		},
		{
			"__comment": "PlaneX13",
			"from": [ 5.225, 2.22, -10.125 ],
			"to": [ 10.505, 3.98, -10.12324 ],
			"faces": {
				"north": { "uv": [ 0, 0, 1.5, 1 ], "texture": "#seaserpenthead" },
				"south": { "uv": [ 1.5, 0, 0, 1 ], "texture": "#seaserpenthead" }
			}
		},
		{
			"__comment": "PlaneX11",
			"from": [ 7.865, 8.599999, 4.835 ],
			"to": [ 7.86676, 20.92, 16.275 ],
			"faces": {
				"west": { "uv": [ 8, 13, 10.75, 16 ], "texture": "#seaserpenthead" },
				"east": { "uv": [ 10.75, 13, 8, 16 ], "texture": "#seaserpenthead" }
			}
		},
		{
			"__comment": "PlaneX11",
			"from": [ 7.865, 7.5, -5.725 ],
			"to": [ 7.86676, 17.18, 4.835001 ],
			"faces": {
				"west": { "uv": [ 16, 13.75, 13.5, 16 ], "texture": "#seaserpenthead" },
				"east": { "uv": [ 13.5, 13.75, 16, 16 ], "texture": "#seaserpenthead" }
			}
		},
		{
			"__comment": "PlaneX13",
			"from": [ 5.32, 2.345, -10.345 ],
			"to": [ 5.32176, 4.105, 4.615002 ],
			"faces": {
				"west": { "uv": [ 6.5, 8, 12.5, 7.5 ], "texture": "#seaserpenthead" },
				"east": { "uv": [ 12.5, 8, 6.5, 7.5 ], "texture": "#seaserpenthead" }
			}
		},
		{
			"__comment": "PlaneX13",
			"from": [ 10.41, 2.345, -10.345 ],
			"to": [ 10.41176, 4.105, 4.615002 ],
			"faces": {
				"west": { "uv": [ 6.5, 8, 12.5, 7.5 ], "texture": "#seaserpenthead" },
				"east": { "uv": [ 12.5, 8, 6.5, 7.5 ], "texture": "#seaserpenthead" }
			}
		},
		{
			"__comment": "PlaneX13",
			"from": [ 10.065, 2.765, -10.095 ],
			"to": [ 10.06676, 4.525, 4.865002 ],
			"faces": {
				"west": { "uv": [ 6.5, 7.5, 12.5, 8 ], "texture": "#seaserpenthead" },
				"east": { "uv": [ 12.5, 7.5, 6.5, 8 ], "texture": "#seaserpenthead" }
			}
		},
		{
			"__comment": "PlaneX13",
			"from": [ 5.665, 2.765, -10.095 ],
			"to": [ 5.66676, 4.525, 4.865002 ],
			"faces": {
				"west": { "uv": [ 6.5, 7.5, 12.5, 8 ], "texture": "#seaserpenthead" },
				"east": { "uv": [ 12.5, 7.5, 6.5, 8 ], "texture": "#seaserpenthead" }
			}
		},
		{
			"__comment": "PlaneX13",
			"from": [ 5.225, 2.765, -9.875 ],
			"to": [ 10.505, 4.525, -9.87324 ],
			"faces": {
				"north": { "uv": [ 0, 1, 1.5, 0 ], "texture": "#seaserpenthead" },
				"south": { "uv": [ 0, 1, 1.5, 0 ], "texture": "#seaserpenthead" }
			}
		},
		{
			"__comment": "PlaneX11",
			"from": [ 4.125, -2.585, 4.925 ],
			"to": [ 4.126, 14.415, 19.925 ],
			"rotation": { "origin": [ 4.125, -2.585001, 4.925 ], "axis": "y", "angle": -22.5 },
			"faces": {
				"west": { "uv": [ 0, 12.5, 2.5, 16 ], "texture": "#seaserpenthead" },
				"east": { "uv": [ 2.5, 12.5, 0, 16 ], "texture": "#seaserpenthead" }
			}
		}
	],
	"display": {
		"thirdperson_righthand": {
			"rotation":  [ 90, 0, 0 ],
			"scale":  [ 0.5, 0.5, 0.5 ]
		},
		"thirdperson_lefthand": {
			"rotation":  [ 90, 0, 0 ],
			"scale":  [ 0.5, 0.5, 0.5 ]
		},
		"gui": {
			"rotation":  [ 6, 139, 0 ],
			"scale":  [ 0.5, 0.5, 0.5 ]
		},
		"head": {
			"translation":  [ 0.6956, -4.173, -67.47 ],
			"scale":  [ 4, 4, 4 ]
		},
		"ground": {
			"translation":  [ 0, 3.4782, 0 ],
			"scale":  [ 0.5, 0.5, 0.5 ]
		},
		"fixed": {
			"rotation":  [ -90, 0, 0 ],
			"translation":  [ -0.695, -64, -28.51 ],
			"scale":  [ 4, 4, 4 ]
		}
	}
}