{
	"__comment": "Designed by Sefreneth with Cubik Studio - https://cubik.studio",
	"textures": {
		"seaserpenthead": "item/seaserpenthead"
	},
	"elements": [ 	 
		{
			"__comment": "Box1",
			"from": [ 5.206, 1.7311, -4.906 ],
			"to": [ 11.542, 4.901212, -1.738 ],
			"rotation": { "origin": [ 3.622, 1.731, 6.710001 ], "axis": "x", "angle": -45 },
			"faces": {
				"down": { "uv": [ 6.5, 5.5, 7.75, 6 ], "texture": "#seaserpenthead" },
				"up": { "uv": [ 6.5, 4.5, 7.75, 5 ], "texture": "#seaserpenthead" },
				"north": { "uv": [ 6.5, 4, 7.75, 4.5 ], "texture": "#seaserpenthead" },
				"south": { "uv": [ 6.5, 3.5, 7.75, 4 ], "texture": "#seaserpenthead" },
				"west": { "uv": [ 4.5, 7.5, 5, 8 ], "texture": "#seaserpenthead" },
				"east": { "uv": [ 5, 7.5, 4.5, 8 ], "texture": "#seaserpenthead" }
			}
		},
		{
			"__comment": "Box1",
			"from": [ 3.622, 1.731, 6.71 ],
			"to": [ 13.126, 4.899, 13.046 ],
			"rotation": { "origin": [ 3.622, 1.731, 6.710001 ], "axis": "x", "angle": -45 },
			"faces": {
				"down": { "uv": [ 6.5, 10, 8.25, 11.25 ], "texture": "#seaserpenthead" },
				"up": { "uv": [ 8.25, 10, 10, 11.25 ], "texture": "#seaserpenthead" },
				"north": { "uv": [ 13.5, 8.75, 15.25, 9.25 ], "texture": "#seaserpenthead" },
				"south": { "uv": [ 11.25, 8, 13, 8.5 ], "texture": "#seaserpenthead" },
				"west": { "uv": [ 6.5, 3, 7.75, 3.5 ], "texture": "#seaserpenthead" },
				"east": { "uv": [ 7.75, 3, 6.5, 3.5 ], "texture": "#seaserpenthead" }
			}
		},
		{
			"__comment": "Box1",
			"from": [ 4.15, 1.731, 2.486 ],
			"to": [ 12.598, 4.899, 6.71 ],
			"rotation": { "origin": [ 3.622, 1.731, 6.710001 ], "axis": "x", "angle": -45 },
			"faces": {
				"down": { "uv": [ 13.5, 9.25, 15.25, 10 ], "texture": "#seaserpenthead" },
				"up": { "uv": [ 6.5, 8, 8.25, 8.75 ], "texture": "#seaserpenthead" },
				"north": { "uv": [ 13, 8, 14.75, 8.5 ], "texture": "#seaserpenthead" },
				"south": { "uv": [ 11.75, 8.75, 13.5, 9.25 ], "texture": "#seaserpenthead" },
				"west": { "uv": [ 4, 8, 4.75, 8.5 ], "texture": "#seaserpenthead" },
				"east": { "uv": [ 4.75, 8, 4, 8.5 ], "texture": "#seaserpenthead" }
			}
		},
		{
			"__comment": "Box1",
			"from": [ 4.678, 1.731, -1.738 ],
			"to": [ 12.07, 4.899, 2.486001 ],
			"rotation": { "origin": [ 3.622, 1.731, 6.710001 ], "axis": "x", "angle": -45 },
			"faces": {
				"down": { "uv": [ 9.75, 8, 11.25, 8.75 ], "texture": "#seaserpenthead" },
				"up": { "uv": [ 2.5, 0, 4, 0.75 ], "texture": "#seaserpenthead" },
				"north": { "uv": [ 6.5, 6.5, 8, 7 ], "texture": "#seaserpenthead" },
				"south": { "uv": [ 6.5, 6, 8, 6.5 ], "texture": "#seaserpenthead" },
				"west": { "uv": [ 4, 9.5, 4.75, 10 ], "texture": "#seaserpenthead" },
				"east": { "uv": [ 4.75, 9.5, 4, 10 ], "texture": "#seaserpenthead" }
			}
		},
		{
			"__comment": "Box1",
			"from": [ 3.622, 6.807, 3.41 ],
			"to": [ 13.126, 13.143, 9.746 ],
			"faces": {
				"down": { "uv": [ 10, 10, 11.75, 11.25 ], "texture": "#seaserpenthead" },
				"up": { "uv": [ 11.75, 10, 13.5, 11.25 ], "texture": "#seaserpenthead" },
				"north": { "uv": [ 13.5, 10, 15.25, 11.25 ], "texture": "#seaserpenthead" },
				"south": { "uv": [ 6.5, 8.75, 8.25, 10 ], "texture": "#seaserpenthead" },
				"west": { "uv": [ 5, 3.75, 6.25, 5 ], "texture": "#seaserpenthead" },
				"east": { "uv": [ 6.25, 3.75, 5, 5 ], "texture": "#seaserpenthead" }
			}
		},
		{
			"__comment": "Box1",
			"from": [ 4.15, 6.807, -0.814 ],
			"to": [ 12.598, 12.087, 3.410001 ],
			"faces": {
				"down": { "uv": [ 13.5, 13, 15.25, 13.75 ], "texture": "#seaserpenthead" },
				"up": { "uv": [ 11.75, 9.25, 13.5, 10 ], "texture": "#seaserpenthead" },
				"north": { "uv": [ 8.25, 9, 10, 10 ], "texture": "#seaserpenthead" },
				"south": { "uv": [ 10, 9, 11.75, 10 ], "texture": "#seaserpenthead" },
				"west": { "uv": [ 1.5, 0, 2.25, 1 ], "texture": "#seaserpenthead" },
				"east": { "uv": [ 2.25, 0, 1.5, 1 ], "texture": "#seaserpenthead" }
			}
		},
		{
			"__comment": "Box1",
			"from": [ 5.206, 6.807, -8.205999 ],
			"to": [ 11.542, 9.974999, -5.037999 ],
			"faces": {
				"down": { "uv": [ 14.75, 8.25, 16, 8.75 ], "texture": "#seaserpenthead" },
				"up": { "uv": [ 6.5, 1.5, 7.75, 2 ], "texture": "#seaserpenthead" },
				"north": { "uv": [ 6.5, 2, 7.75, 2.5 ], "texture": "#seaserpenthead" },
				"south": { "uv": [ 6.5, 2.5, 7.75, 3 ], "texture": "#seaserpenthead" },
				"west": { "uv": [ 4.5, 7, 5, 7.5 ], "texture": "#seaserpenthead" },
				"east": { "uv": [ 5, 7, 4.5, 7.5 ], "texture": "#seaserpenthead" }
			}
		},
		{
			"__comment": "Box1",
			"from": [ 4.678, 6.807, -5.038 ],
			"to": [ 12.07, 11.031, -0.8139987 ],
			"faces": {
				"down": { "uv": [ 5, 1.75, 6.5, 2.5 ], "texture": "#seaserpenthead" },
				"up": { "uv": [ 5, 1, 6.5, 1.75 ], "texture": "#seaserpenthead" },
				"north": { "uv": [ 5, 0.25, 6.5, 1 ], "texture": "#seaserpenthead" },
				"south": { "uv": [ 8.25, 8, 9.75, 8.75 ], "texture": "#seaserpenthead" },
				"west": { "uv": [ 4, 10, 4.75, 10.75 ], "texture": "#seaserpenthead" },
				"east": { "uv": [ 4.75, 10, 4, 10.75 ], "texture": "#seaserpenthead" }
			}
		},
		{
			"__comment": "Box9",
			"from": [ 4.678, 4.647, 6.146 ],
			"to": [ 12.07, 14.151, 19.874 ],
			"rotation": { "origin": [ 4.677999, 4.647, 6.146001 ], "axis": "x", "angle": 22.5 },
			"faces": {
				"down": { "uv": [ 2.5, 5.25, 4, 8 ], "texture": "#seaserpenthead" },
				"up": { "uv": [ 2.5, 8, 4, 10.75 ], "texture": "#seaserpenthead" },
				"north": { "uv": [ 5, 6.75, 6.5, 8.5 ], "texture": "#seaserpenthead" },
				"south": { "uv": [ 2.5, 0.75, 4, 2.5 ], "texture": "#seaserpenthead" },
				"west": { "uv": [ 13.25, 11.25, 16, 13 ], "texture": "#seaserpenthead" },
				"east": { "uv": [ 16, 11.25, 13.25, 13 ], "texture": "#seaserpenthead" }
			}
		},
		{
			"__comment": "PlaneX11",
			"from": [ 12.862, -1.221, 10.1168 ],
			"to": [ 30.862, 19.179, 10.118 ],
			"rotation": { "origin": [ 12.862, -1.221002, 10.118 ], "axis": "y", "angle": -22.5 },
			"faces": {
				"north": { "uv": [ 2.5, 12.5, 0, 16 ], "texture": "#seaserpenthead" },
				"south": { "uv": [ 0, 12.5, 2.5, 16 ], "texture": "#seaserpenthead" }
			}
		},
		{
			"__comment": "PlaneX13",
			"from": [ 5.206, 4.695, -8.205999 ],
			"to": [ 11.542, 6.807, -8.203888 ],
			"faces": {
				"north": { "uv": [ 0, 0, 1.5, 1 ], "texture": "#seaserpenthead" },
				"south": { "uv": [ 1.5, 0, 0, 1 ], "texture": "#seaserpenthead" }
			}
		},
		{
			"__comment": "PlaneX11",
			"from": [ 8.374, 14.151, 6.146 ],
			"to": [ 8.376112, 28.935, 19.874 ],
			"rotation": { "origin": [ 4.677999, 4.647, 6.146001 ], "axis": "x", "angle": 22.5 },
			"faces": {
				"west": { "uv": [ 8, 13, 10.75, 16 ], "texture": "#seaserpenthead" },
				"east": { "uv": [ 10.75, 13, 8, 16 ], "texture": "#seaserpenthead" }
			}
		},
		{
			"__comment": "PlaneX11",
			"from": [ 8.374, 11.031, -2.926 ],
			"to": [ 8.376112, 22.647, 9.746002 ],
			"faces": {
				"west": { "uv": [ 16, 13.75, 13.5, 16 ], "texture": "#seaserpenthead" },
				"east": { "uv": [ 13.5, 13.75, 16, 16 ], "texture": "#seaserpenthead" }
			}
		},
		{
			"__comment": "PlaneX13",
			"from": [ 5.32, 4.845, -8.469999 ],
			"to": [ 5.322112, 6.957, 9.482004 ],
			"faces": {
				"west": { "uv": [ 6.5, 8, 12.5, 7.5 ], "texture": "#seaserpenthead" },
				"east": { "uv": [ 12.5, 8, 6.5, 7.5 ], "texture": "#seaserpenthead" }
			}
		},
		{
			"__comment": "PlaneX13",
			"from": [ 11.428, 4.845, -8.469999 ],
			"to": [ 11.43011, 6.957, 9.482004 ],
			"faces": {
				"west": { "uv": [ 6.5, 8, 12.5, 7.5 ], "texture": "#seaserpenthead" },
				"east": { "uv": [ 12.5, 8, 6.5, 7.5 ], "texture": "#seaserpenthead" }
			}
		},
		{
			"__comment": "PlaneX13",
			"from": [ 11.014, 4.8991, -5.17 ],
			"to": [ 11.01611, 7.0111, 12.782 ],
			"rotation": { "origin": [ 3.622, 1.731, 6.710001 ], "axis": "x", "angle": -45 },
			"faces": {
				"west": { "uv": [ 6.5, 7.5, 12.5, 8 ], "texture": "#seaserpenthead" },
				"east": { "uv": [ 12.5, 7.5, 6.5, 8 ], "texture": "#seaserpenthead" }
			}
		},
		{
			"__comment": "PlaneX13",
			"from": [ 5.734, 4.8991, -5.17 ],
			"to": [ 5.736112, 7.0111, 12.782 ],
			"rotation": { "origin": [ 3.622, 1.731, 6.710001 ], "axis": "x", "angle": -45 },
			"faces": {
				"west": { "uv": [ 6.5, 7.5, 12.5, 8 ], "texture": "#seaserpenthead" },
				"east": { "uv": [ 12.5, 7.5, 6.5, 8 ], "texture": "#seaserpenthead" }
			}
		},
		{
			"__comment": "PlaneX13",
			"from": [ 5.206, 4.8991, -4.906 ],
			"to": [ 11.542, 7.0111, -4.903888 ],
			"rotation": { "origin": [ 3.622, 1.731, 6.710001 ], "axis": "x", "angle": -45 },
			"faces": {
				"north": { "uv": [ 0, 1, 1.5, 0 ], "texture": "#seaserpenthead" },
				"south": { "uv": [ 0, 1, 1.5, 0 ], "texture": "#seaserpenthead" }
			}
		},
		{
			"__comment": "PlaneX11",
			"from": [ -14.114, -1.071, 9.854 ],
			"to": [ 3.886001, 19.329, 9.8552 ],
			"rotation": { "origin": [ 3.886, -1.071002, 9.854001 ], "axis": "y", "angle": 22.5 },
			"faces": {
				"north": { "uv": [ 0, 12.5, 2.5, 16 ], "texture": "#seaserpenthead" },
				"south": { "uv": [ 2.5, 12.5, 0, 16 ], "texture": "#seaserpenthead" }
			}
		}
	],
	"display": {
		"thirdperson_righthand": {
			"rotation":  [ 90, 0, 0 ],
			"scale":  [ 0.5, 0.5, 0.5 ]
		},
		"thirdperson_lefthand": {
			"rotation":  [ 90, 0, 0 ],
			"scale":  [ 0.5, 0.5, 0.5 ]
		},
		"firstperson_righthand": {
			"rotation":  [ -2, 25, 0 ],
			"translation":  [ 0, 2.7826, 0 ],
			"scale":  [ 0.5, 0.5, 0.5 ]
		},
		"firstperson_lefthand": {
			"rotation":  [ -2, 25, 0 ],
			"translation":  [ 0, 2.7826, 0 ],
			"scale":  [ 0.5, 0.5, 0.5 ]
		},
		"gui": {
			"rotation":  [ 6, 139, 0 ],
			"translation":  [ -2.086, 0, 0 ],
			"scale":  [ 0.4, 0.4, 0.4 ]
		},
		"ground": {
			"translation":  [ 0, 3.4782, 0 ],
			"scale":  [ 0.5, 0.5, 0.5 ]
		},
		"fixed": {
			"translation":  [ -2.086, 18.782, -45.89 ],
			"scale":  [ 4, 4, 4 ]
		}
	}
}