{
	"__comment": "Designed by Sefreneth with Cubik Studio - https://cubik.studio",
	"textures": {
		"tidalwave": "item/tidalwave"
	},
	"elements": [ 	 
		{
			"__comment": "Box1",
			"from": [ -2, 0, -2 ],
			"to": [ 6.064001, 8.064001, 6.064001 ],
			"faces": {
				"down": { "uv": [ 0, 0, 16, 16 ], "texture": "#tidalwave" },
				"up": { "uv": [ 0, 0, 16, 16 ], "texture": "#tidalwave" },
				"north": { "uv": [ 0, 0, 16, 16 ], "texture": "#tidalwave" },
				"south": { "uv": [ 0, 0, 16, 16 ], "texture": "#tidalwave" },
				"west": { "uv": [ 0, 0, 16, 16 ], "texture": "#tidalwave" },
				"east": { "uv": [ 0, 0, 16, 16 ], "texture": "#tidalwave" }
			}
		}
	],
	"display": {
		"thirdperson_righthand": {
			"translation":  [ 5.5654, 0.6956, 4.1739 ]
		},
		"thirdperson_lefthand": {
			"translation":  [ -5.565, 0.6956, 4.1739 ]
		},
		"firstperson_righthand": {
			"translation":  [ 10.434, 0, 0 ]
		},
		"gui": {
			"translation":  [ 5.5652, 3.4782, 0 ]
		},
		"head": {
			"translation":  [ 24.345, -6.252, 24.347 ],
			"scale":  [ 4, 4, 4 ]
		},
		"ground": {
			"translation":  [ 9.0434, 6.2608, 5.5652 ]
		},
		"fixed": {
			"translation":  [ 23.651, 16.695, 11.13 ],
			"scale":  [ 4, 4, 4 ]
		}
	}
}