{
	"__comment": "Designed by Sefreneth with Cubik Studio - https://cubik.studio",
	"textures": {
		"undine": "item/undine"
	},
	"elements": [ 	 
		{
			"__comment": "Box1",
			"from": [ 7.934, 9.23, 6.19 ],
			"to": [ 9.734, 11.39, 7.99 ],
			"faces": {
				"down": { "uv": [ 10, 8, 10.5, 8.5 ], "texture": "#undine", "rotation": 270 },
				"up": { "uv": [ 15, 8.5, 15.5, 9 ], "texture": "#undine", "rotation": 90 },
				"north": { "uv": [ 9, 14, 10.5, 16 ], "texture": "#undine" },
				"south": { "uv": [ 15.5, 8.5, 16, 9 ], "texture": "#undine" },
				"west": { "uv": [ 7, 5.5, 7.5, 6 ], "texture": "#undine" },
				"east": { "uv": [ 7, 0.5, 7.5, 1 ], "texture": "#undine" }
			}
		},
		{
			"__comment": "Box1",
			"from": [ 7.034, 6.89, 5.8727 ],
			"to": [ 10.634, 7.97, 8.0903 ],
			"faces": {
				"down": { "uv": [ 9, 13.5, 10.5, 14 ], "texture": "#undine", "rotation": 270 },
				"up": { "uv": [ 12.5, 3.999999, 14, 5 ], "texture": "#undine", "rotation": 180 },
				"north": { "uv": [ 11, 11.5, 12.5, 12 ], "texture": "#undine" },
				"south": { "uv": [ 14.5, 5.5, 16, 6 ], "texture": "#undine" },
				"west": { "uv": [ 7, 0, 7.5, 0.5 ], "texture": "#undine" },
				"east": { "uv": [ 7.5, 8, 8, 8.5 ], "texture": "#undine" }
			}
		},
		{
			"__comment": "Box1",
			"from": [ 7.1852, 2.81, 6.6772 ],
			"to": [ 10.5872, 4.25, 9.3232 ],
			"faces": {
				"down": { "uv": [ 12, 14.5, 13.5, 16 ], "texture": "#undine", "rotation": 90 },
				"up": { "uv": [ 4.5, 10, 5.5, 11 ], "texture": "#undine", "rotation": 90 },
				"north": { "uv": [ 13.5, 13.5, 14.5, 14 ], "texture": "#undine" },
				"south": { "uv": [ 13.5, 13.5, 14.5, 14 ], "texture": "#undine" },
				"west": { "uv": [ 13.5, 13.5, 14.5, 14 ], "texture": "#undine" },
				"east": { "uv": [ 13.5, 13.5, 14.5, 14 ], "texture": "#undine" }
			}
		},
		{
			"__comment": "Box1",
			"from": [ 5.594, -4.27, 5.895 ],
			"to": [ 12.074, -2.11, 12.375 ],
			"faces": {
				"down": { "uv": [ 6.5, 13.5, 9, 16 ], "texture": "#undine", "rotation": 90 },
				"up": { "uv": [ 6.5, 13.5, 9, 16 ], "texture": "#undine", "rotation": 90 },
				"north": { "uv": [ 11.5, 11, 14, 11.5 ], "texture": "#undine" },
				"south": { "uv": [ 11.5, 11, 14, 11.5 ], "texture": "#undine" },
				"west": { "uv": [ 11.5, 11, 14, 11.5 ], "texture": "#undine" },
				"east": { "uv": [ 11.5, 11, 14, 11.5 ], "texture": "#undine" }
			}
		},
		{
			"__comment": "Box1",
			"from": [ 7.376, 6.74, 6.1476 ],
			"to": [ 10.256, 8.18, 8.14344 ],
			"faces": {
				"down": { "uv": [ 13.5, 10, 14.5, 10.5 ], "texture": "#undine", "rotation": 270 },
				"up": { "uv": [ 6.5, 10, 7.5, 11 ], "texture": "#undine", "rotation": 180 },
				"north": { "uv": [ 6.5, 9, 7.5, 9.5 ], "texture": "#undine" },
				"south": { "uv": [ 13.5, 9.5, 14.5, 10 ], "texture": "#undine" },
				"west": { "uv": [ 9, 8, 9.5, 8.5 ], "texture": "#undine" },
				"east": { "uv": [ 9.5, 8, 10, 8.5 ], "texture": "#undine" }
			}
		},
		{
			"__comment": "Box1",
			"from": [ 7.5515, 6.02, 6.19 ],
			"to": [ 10.0715, 6.74, 8.185841 ],
			"faces": {
				"down": { "uv": [ 7.5, 9.5, 8.5, 10 ], "texture": "#undine", "rotation": 270 },
				"up": { "uv": [ 11.5, 9.5, 12.5, 10 ], "texture": "#undine", "rotation": 90 },
				"north": { "uv": [ 7.5, 9, 8.5, 9.5 ], "texture": "#undine" },
				"south": { "uv": [ 8.5, 10, 9.5, 10.5 ], "texture": "#undine" },
				"west": { "uv": [ 10.5, 8, 11, 8.5 ], "texture": "#undine" },
				"east": { "uv": [ 11, 8, 10.5, 8.5 ], "texture": "#undine" }
			}
		},
		{
			"__comment": "Box1",
			"from": [ 7.754, 5, 5.92 ],
			"to": [ 9.914, 6.08, 7.972 ],
			"faces": {
				"down": { "uv": [ 11.5, 8, 12, 8.5 ], "texture": "#undine", "rotation": 270 },
				"up": { "uv": [ 12, 8, 12.5, 8.5 ], "texture": "#undine", "rotation": 90 },
				"north": { "uv": [ 14, 4.499999, 15, 5 ], "texture": "#undine" },
				"south": { "uv": [ 13, 8, 13.5, 8.5 ], "texture": "#undine" },
				"west": { "uv": [ 10.5, 4, 11, 4.5 ], "texture": "#undine" },
				"east": { "uv": [ 11, 4, 10.5, 4.5 ], "texture": "#undine" }
			}
		},
		{
			"__comment": "Box1",
			"from": [ 6.674, -0.04, 6.47 ],
			"to": [ 10.994, 2.84, 10.07 ],
			"faces": {
				"down": { "uv": [ 2, 0, 4, 2 ], "texture": "#undine", "rotation": 90 },
				"up": { "uv": [ 12, 14.5, 13.5, 16 ], "texture": "#undine", "rotation": 90 },
				"north": { "uv": [ 12.5, 12.5, 14, 13.5 ], "texture": "#undine" },
				"south": { "uv": [ 12.5, 12.5, 14, 13.5 ], "texture": "#undine" },
				"west": { "uv": [ 12.5, 12.5, 14, 13.5 ], "texture": "#undine" },
				"east": { "uv": [ 12.5, 12.5, 14, 13.5 ], "texture": "#undine" }
			}
		},
		{
			"__comment": "Box1",
			"from": [ 7.5965, 4.19, 6.545 ],
			"to": [ 10.1165, 5, 8.938999 ],
			"faces": {
				"down": { "uv": [ 9.5, 10, 10.5, 10.5 ], "texture": "#undine", "rotation": 270 },
				"up": { "uv": [ 11, 4.999999, 12, 6 ], "texture": "#undine", "rotation": 90 },
				"north": { "uv": [ 11.5, 10, 12.5, 10.5 ], "texture": "#undine" },
				"south": { "uv": [ 11.5, 10, 12.5, 10.5 ], "texture": "#undine" },
				"west": { "uv": [ 11.5, 10, 12.5, 10.5 ], "texture": "#undine" },
				"east": { "uv": [ 11.5, 10, 12.5, 10.5 ], "texture": "#undine" }
			}
		},
		{
			"__comment": "Box1",
			"from": [ 6.1725, 5.5535, 6.8585 ],
			"to": [ 7.098464, 7.821499, 7.784465 ],
			"faces": {
				"down": { "uv": [ 15.5, 8, 16, 8.5 ], "texture": "#undine", "rotation": 270 },
				"up": { "uv": [ 7.5, 7, 8, 7.5 ], "texture": "#undine", "rotation": 90 },
				"north": { "uv": [ 7.5, 6.5, 8, 7 ], "texture": "#undine" },
				"south": { "uv": [ 7.5, 6.5, 8, 7 ], "texture": "#undine" },
				"west": { "uv": [ 7.5, 6.5, 8, 7 ], "texture": "#undine" },
				"east": { "uv": [ 7.5, 6.5, 8, 7 ], "texture": "#undine" }
			}
		},
		{
			"__comment": "Box1",
			"from": [ 10.5825, 5.5535, 6.8585 ],
			"to": [ 11.50846, 7.821499, 7.784465 ],
			"faces": {
				"down": { "uv": [ 7.5, 4.5, 8, 5 ], "texture": "#undine", "rotation": 270 },
				"up": { "uv": [ 7.5, 4, 8, 4.5 ], "texture": "#undine", "rotation": 90 },
				"north": { "uv": [ 7.5, 6.5, 8, 7 ], "texture": "#undine" },
				"south": { "uv": [ 7.5, 6.5, 8, 7 ], "texture": "#undine" },
				"west": { "uv": [ 7.5, 6.5, 8, 7 ], "texture": "#undine" },
				"east": { "uv": [ 7.5, 6.5, 8, 7 ], "texture": "#undine" }
			}
		},
		{
			"__comment": "Box1",
			"from": [ 10.7249, 4.1855, 5.0209 ],
			"to": [ 11.44139, 6.453499, 5.737394 ],
			"rotation": { "origin": [ 11.354, 3.632, 5.559999 ], "axis": "x", "angle": 45 },
			"faces": {
				"down": { "uv": [ 14.5, 6, 15, 6.5 ], "texture": "#undine", "rotation": 270 },
				"up": { "uv": [ 15, 6, 15.5, 6.5 ], "texture": "#undine", "rotation": 90 },
				"north": { "uv": [ 7.5, 1, 8, 1.5 ], "texture": "#undine" },
				"south": { "uv": [ 7.5, 1, 8, 1.5 ], "texture": "#undine" },
				"west": { "uv": [ 7.5, 1, 8, 1.5 ], "texture": "#undine" },
				"east": { "uv": [ 7.5, 1, 8, 1.5 ], "texture": "#undine" }
			}
		},
		{
			"__comment": "Box1",
			"from": [ 6.134, -2.11, 6.215 ],
			"to": [ 11.534, 0.05000019, 11.255 ],
			"faces": {
				"down": { "uv": [ 6.5, 13.5, 9, 16 ], "texture": "#undine", "rotation": 90 },
				"up": { "uv": [ 2, 0, 4, 2 ], "texture": "#undine", "rotation": 90 },
				"north": { "uv": [ 14, 12.5, 16, 13 ], "texture": "#undine" },
				"south": { "uv": [ 14, 12.5, 16, 13 ], "texture": "#undine" },
				"west": { "uv": [ 14, 12.5, 16, 13 ], "texture": "#undine" },
				"east": { "uv": [ 14, 12.5, 16, 13 ], "texture": "#undine" }
			}
		},
		{
			"__comment": "Box1",
			"from": [ 8.294, 8.15, 6.73 ],
			"to": [ 9.374, 9.23, 7.81 ],
			"faces": {
				"down": { "uv": [ 4, 0.5, 4.5, 1 ], "texture": "#undine", "rotation": 270 },
				"up": { "uv": [ 4, 0, 4.5, 0.5 ], "texture": "#undine", "rotation": 90 },
				"north": { "uv": [ 4.5, 3, 5.5, 4 ], "texture": "#undine" },
				"south": { "uv": [ 5.5, 0.5, 6, 1 ], "texture": "#undine" },
				"west": { "uv": [ 5.5, 0, 6, 0.5 ], "texture": "#undine" },
				"east": { "uv": [ 6, 3.5, 6.5, 4 ], "texture": "#undine" }
			}
		},
		{
			"__comment": "Box1",
			"from": [ 9.068, 6.26, 5.14 ],
			"to": [ 9.932, 7.34, 5.86 ],
			"faces": {
				"down": { "uv": [ 9.5, 5.5, 10, 5 ], "texture": "#undine", "rotation": 270 },
				"up": { "uv": [ 6.5, 7, 7, 6.5 ], "texture": "#undine", "rotation": 90 },
				"north": { "uv": [ 7, 6, 6.5, 6.5 ], "texture": "#undine" },
				"south": { "uv": [ 6, 1.5, 6.5, 2 ], "texture": "#undine" },
				"west": { "uv": [ 7, 5, 6.5, 5.5 ], "texture": "#undine" },
				"east": { "uv": [ 7, 5.5, 6.5, 6 ], "texture": "#undine" }
			}
		},
		{
			"__comment": "Box1",
			"from": [ 8.888, 6.17, 5.416 ],
			"to": [ 10.184, 7.61, 6.28 ],
			"faces": {
				"down": { "uv": [ 6.5, 3, 7, 2.5 ], "texture": "#undine", "rotation": 270 },
				"up": { "uv": [ 6.5, 2.5, 7, 2 ], "texture": "#undine", "rotation": 90 },
				"north": { "uv": [ 5.5, 2, 4.5, 3 ], "texture": "#undine" },
				"south": { "uv": [ 15.5, 9.5, 16, 10 ], "texture": "#undine" },
				"west": { "uv": [ 7, 0.5, 6.5, 1 ], "texture": "#undine" },
				"east": { "uv": [ 7, 1, 6.5, 1.5 ], "texture": "#undine" }
			}
		},
		{
			"__comment": "Box1",
			"from": [ 8.8412, 5.99, 5.83 ],
			"to": [ 9.9212, 6.35, 6.19 ],
			"faces": {
				"down": { "uv": [ 11.5, 9, 12, 9.5 ], "texture": "#undine", "rotation": 270 },
				"up": { "uv": [ 12, 9, 12.5, 9.5 ], "texture": "#undine", "rotation": 90 },
				"north": { "uv": [ 12.5, 9, 13, 9.5 ], "texture": "#undine" },
				"south": { "uv": [ 13, 9, 13.5, 9.5 ], "texture": "#undine" },
				"west": { "uv": [ 13.5, 9, 14, 9.5 ], "texture": "#undine" },
				"east": { "uv": [ 14, 9, 14.5, 9.5 ], "texture": "#undine" }
			}
		},
		{
			"__comment": "Box1",
			"from": [ 8.653999, 6.182, 5.59 ],
			"to": [ 9.013999, 7.622, 6.309999 ],
			"faces": {
				"down": { "uv": [ 14.5, 9, 15, 9.5 ], "texture": "#undine", "rotation": 270 },
				"up": { "uv": [ 15, 9, 15.5, 9.5 ], "texture": "#undine", "rotation": 90 },
				"north": { "uv": [ 15.5, 9, 16, 9.5 ], "texture": "#undine" },
				"south": { "uv": [ 6.5, 8.5, 7, 9 ], "texture": "#undine" },
				"west": { "uv": [ 6.5, 8, 7, 8.5 ], "texture": "#undine" },
				"east": { "uv": [ 6.5, 7.5, 7, 8 ], "texture": "#undine" }
			}
		},
		{
			"__comment": "Box1",
			"from": [ 7.718, 6.26, 5.14 ],
			"to": [ 8.582, 7.34, 5.86 ],
			"faces": {
				"down": { "uv": [ 9.5, 5, 10, 5.5 ], "texture": "#undine", "rotation": 270 },
				"up": { "uv": [ 6.5, 6.5, 7, 7 ], "texture": "#undine", "rotation": 90 },
				"north": { "uv": [ 6.5, 6, 7, 6.5 ], "texture": "#undine" },
				"south": { "uv": [ 14, 8.5, 14.5, 9 ], "texture": "#undine" },
				"west": { "uv": [ 6.5, 5.5, 7, 6 ], "texture": "#undine" },
				"east": { "uv": [ 6.5, 5, 7, 5.5 ], "texture": "#undine" }
			}
		},
		{
			"__comment": "Box1",
			"from": [ 7.5968, 7.43, 5.65 ],
			"to": [ 10.1168, 7.79, 6.37 ],
			"faces": {
				"down": { "uv": [ 12.5, 9.5, 13.5, 10 ], "texture": "#undine", "rotation": 270 },
				"up": { "uv": [ 8.5, 9.5, 9.5, 10 ], "texture": "#undine", "rotation": 180 },
				"north": { "uv": [ 9, 13, 12.5, 13.5 ], "texture": "#undine", "rotation": 180 },
				"south": { "uv": [ 10.5, 9.5, 11.5, 10 ], "texture": "#undine" },
				"west": { "uv": [ 6.5, 4.5, 7, 5 ], "texture": "#undine" },
				"east": { "uv": [ 6.5, 4, 7, 4.5 ], "texture": "#undine" }
			}
		},
		{
			"__comment": "Box1",
			"from": [ 7.604, 7.79, 5.74 ],
			"to": [ 10.124, 8.15, 6.46 ],
			"faces": {
				"down": { "uv": [ 7.5, 10, 8.5, 10.5 ], "texture": "#undine", "rotation": 270 },
				"up": { "uv": [ 12.5, 10.5, 13.5, 11 ], "texture": "#undine", "rotation": 180 },
				"north": { "uv": [ 12.5, 5.5, 14.5, 6 ], "texture": "#undine", "rotation": 180 },
				"south": { "uv": [ 14.5, 9.5, 15.5, 10 ], "texture": "#undine" },
				"west": { "uv": [ 6.5, 3.5, 7, 4 ], "texture": "#undine" },
				"east": { "uv": [ 6.5, 3, 7, 3.5 ], "texture": "#undine" }
			}
		},
		{
			"__comment": "Box1",
			"from": [ 7.43, 6.17, 5.416 ],
			"to": [ 8.726, 7.61, 6.28 ],
			"faces": {
				"down": { "uv": [ 6.5, 2.5, 7, 3 ], "texture": "#undine", "rotation": 270 },
				"up": { "uv": [ 6.5, 2, 7, 2.5 ], "texture": "#undine", "rotation": 90 },
				"north": { "uv": [ 4.5, 2, 5.5, 3 ], "texture": "#undine" },
				"south": { "uv": [ 6.5, 1.5, 7, 2 ], "texture": "#undine" },
				"west": { "uv": [ 6.5, 1, 7, 1.5 ], "texture": "#undine" },
				"east": { "uv": [ 6.5, 0.5, 7, 1 ], "texture": "#undine" }
			}
		},
		{
			"__comment": "Box1",
			"from": [ 7.5668, 5.99, 5.83 ],
			"to": [ 8.646799, 6.35, 6.19 ],
			"faces": {
				"down": { "uv": [ 6.5, 0, 7, 0.5 ], "texture": "#undine", "rotation": 270 },
				"up": { "uv": [ 7, 8.5, 7.5, 9 ], "texture": "#undine", "rotation": 90 },
				"north": { "uv": [ 7.5, 8.5, 8, 9 ], "texture": "#undine" },
				"south": { "uv": [ 8, 8.5, 8.5, 9 ], "texture": "#undine" },
				"west": { "uv": [ 8.5, 8.5, 9, 9 ], "texture": "#undine" },
				"east": { "uv": [ 9, 8.5, 9.5, 9 ], "texture": "#undine" }
			}
		},
		{
			"__comment": "Box1",
			"from": [ 9.0046, 9.5552, 6.2176 ],
			"to": [ 9.140649, 9.700999, 6.3634 ],
			"rotation": { "origin": [ 8.5352, 9.555201, 6.2176 ], "axis": "x", "angle": -45 },
			"faces": {
				"down": { "uv": [ 9.5, 8.5, 10, 9 ], "texture": "#undine", "rotation": 90 },
				"up": { "uv": [ 10, 8.5, 10.5, 9 ], "texture": "#undine", "rotation": 270 },
				"north": { "uv": [ 10.5, 8.5, 11, 9 ], "texture": "#undine", "rotation": 90 },
				"south": { "uv": [ 11, 8.5, 11.5, 9 ], "texture": "#undine", "rotation": 270 },
				"west": { "uv": [ 11.5, 8.5, 12, 9 ], "texture": "#undine" },
				"east": { "uv": [ 12, 8.5, 12.5, 9 ], "texture": "#undine" }
			}
		},
		{
			"__comment": "Box1",
			"from": [ 8.6756, 9.969999, 6.2384 ],
			"to": [ 8.9672, 11.05, 6.53 ],
			"rotation": { "origin": [ 8.6756, 10.67, 6.190001 ], "axis": "x", "angle": 22.5 },
			"faces": {
				"down": { "uv": [ 12.5, 8.5, 13, 9 ], "texture": "#undine", "rotation": 90 },
				"up": { "uv": [ 6, 5.5, 6.5, 7 ], "texture": "#undine", "rotation": 270 },
				"north": { "uv": [ 6, 4, 6.5, 5.5 ], "texture": "#undine" },
				"south": { "uv": [ 13, 8.5, 13.5, 9 ], "texture": "#undine", "rotation": 270 },
				"west": { "uv": [ 13.5, 8.5, 14, 9 ], "texture": "#undine" },
				"east": { "uv": [ 7.5, 7.5, 8, 8 ], "texture": "#undine" }
			}
		},
		{
			"__comment": "Box1",
			"from": [ 8.624499, 9.5918, 6.178 ],
			"to": [ 9.044403, 9.737599, 6.3238 ],
			"rotation": { "origin": [ 8.624481, 9.591799, 6.177999 ], "axis": "x", "angle": -45 },
			"faces": {
				"down": { "uv": [ 14.5, 8.5, 15, 9 ], "texture": "#undine", "rotation": 90 },
				"up": { "uv": [ 14.5, 10, 15.5, 10.5 ], "texture": "#undine" },
				"north": { "uv": [ 6.5, 9.5, 7.5, 10 ], "texture": "#undine", "rotation": 180 },
				"south": { "uv": [ 7, 8, 7.5, 8.5 ], "texture": "#undine", "rotation": 270 },
				"west": { "uv": [ 7, 7.5, 7.5, 8 ], "texture": "#undine" },
				"east": { "uv": [ 7, 7, 7.5, 7.5 ], "texture": "#undine" }
			}
		},
		{
			"__comment": "Box1",
			"from": [ 8.6677, 9.41, 6.178 ],
			"to": [ 9.007822, 9.555799, 6.3238 ],
			"rotation": { "origin": [ 8.66768, 9.410001, 6.177999 ], "axis": "x", "angle": -22.5 },
			"faces": {
				"down": { "uv": [ 7, 6.5, 7.5, 7 ], "texture": "#undine", "rotation": 90 },
				"up": { "uv": [ 7, 6, 7.5, 6.5 ], "texture": "#undine", "rotation": 270 },
				"north": { "uv": [ 9.5, 9.5, 10.5, 10 ], "texture": "#undine", "rotation": 180 },
				"south": { "uv": [ 7, 5, 7.5, 5.5 ], "texture": "#undine", "rotation": 270 },
				"west": { "uv": [ 7, 4.5, 7.5, 5 ], "texture": "#undine" },
				"east": { "uv": [ 7, 4, 7.5, 4.5 ], "texture": "#undine" }
			}
		},
		{
			"__comment": "Box1",
			"from": [ 8.5352, 9.5552, 6.2176 ],
			"to": [ 8.671249, 9.700999, 6.3634 ],
			"rotation": { "origin": [ 8.5352, 9.555201, 6.2176 ], "axis": "x", "angle": -45 },
			"faces": {
				"down": { "uv": [ 7, 3.5, 7.5, 4 ], "texture": "#undine", "rotation": 90 },
				"up": { "uv": [ 7, 3, 7.5, 3.5 ], "texture": "#undine", "rotation": 270 },
				"north": { "uv": [ 7, 2.5, 7.5, 3 ], "texture": "#undine", "rotation": 90 },
				"south": { "uv": [ 7, 2, 7.5, 2.5 ], "texture": "#undine", "rotation": 270 },
				"west": { "uv": [ 7, 1.5, 7.5, 2 ], "texture": "#undine" },
				"east": { "uv": [ 7, 1, 7.5, 1.5 ], "texture": "#undine" }
			}
		},
		{
			"__comment": "PlaneX31",
			"from": [ 7.586, 3.29, 9.771999 ],
			"to": [ 10.106, 8.33, 9.773199 ],
			"rotation": { "origin": [ 10.106, 3.29, 9.772 ], "axis": "x", "angle": -22.5 },
			"faces": {
				"north": { "uv": [ 5, 11.5, 4, 13.5 ], "texture": "#undine" },
				"south": { "uv": [ 4, 11.5, 5, 13.5 ], "texture": "#undine" }
			}
		},
		{
			"__comment": "PlaneX31",
			"from": [ 7.574, 7.88, 6.1 ],
			"to": [ 10.094, 11.48, 6.1012 ],
			"faces": {
				"north": { "uv": [ 10, 11.5, 11, 13 ], "texture": "#undine" },
				"south": { "uv": [ 9, 11.5, 10, 13 ], "texture": "#undine" }
			}
		},
		{
			"__comment": "PlaneX31",
			"from": [ 10.004, 6.44, 6.1 ],
			"to": [ 10.0052, 11.48, 8.26 ],
			"faces": {
				"west": { "uv": [ 5, 11.5, 4, 13.5 ], "texture": "#undine" },
				"east": { "uv": [ 4, 11.5, 5, 13.5 ], "texture": "#undine" }
			}
		},
		{
			"__comment": "PlaneX31",
			"from": [ 9.943999, 3.74, 8.362 ],
			"to": [ 12.104, 8.780001, 8.363198 ],
			"faces": {
				"north": { "uv": [ 5, 7, 6, 9 ], "texture": "#undine" },
				"south": { "uv": [ 6, 7, 5, 9 ], "texture": "#undine" }
			}
		},
		{
			"__comment": "PlaneX31",
			"from": [ 7.682, 11.48, 6.1 ],
			"to": [ 10.202, 11.4812, 8.26 ],
			"faces": {
				"down": { "uv": [ 15.5, 10.5, 14.5, 11.5 ], "texture": "#undine", "rotation": 270 },
				"up": { "uv": [ 14.5, 10.5, 15.5, 11.5 ], "texture": "#undine", "rotation": 270 }
			}
		},
		{
			"__comment": "PlaneX31",
			"from": [ 7.754, 6.44, 6.1 ],
			"to": [ 7.755199, 11.48, 8.26 ],
			"faces": {
				"west": { "uv": [ 5, 11.5, 4, 13.5 ], "texture": "#undine" },
				"east": { "uv": [ 4, 11.5, 5, 13.5 ], "texture": "#undine" }
			}
		},
		{
			"__comment": "PlaneX31",
			"from": [ 10.394, 3.74, 6.472 ],
			"to": [ 12.554, 8.780001, 6.473199 ],
			"faces": {
				"north": { "uv": [ 5, 7, 4, 9 ], "texture": "#undine" },
				"south": { "uv": [ 4, 7, 5, 9 ], "texture": "#undine" }
			}
		},
		{
			"__comment": "PlaneX31",
			"from": [ 10.394, 3.74, 7.192 ],
			"to": [ 12.554, 8.780001, 7.1932 ],
			"faces": {
				"north": { "uv": [ 6, 7, 7, 9 ], "texture": "#undine" },
				"south": { "uv": [ 7, 7, 6, 9 ], "texture": "#undine" }
			}
		},
		{
			"__comment": "PlaneX31",
			"from": [ 4.844, 4.25, 7.192 ],
			"to": [ 7.004, 9.290001, 7.1932 ],
			"faces": {
				"north": { "uv": [ 7, 7, 6, 9 ], "texture": "#undine" },
				"south": { "uv": [ 6, 7, 7, 9 ], "texture": "#undine" }
			}
		},
		{
			"__comment": "PlaneX31",
			"from": [ 9.914, 6.44, 5.02 ],
			"to": [ 9.915199, 11.48, 7.18 ],
			"faces": {
				"west": { "uv": [ 13.5, 14, 14.5, 16 ], "texture": "#undine" },
				"east": { "uv": [ 5, 11.5, 6, 13.5 ], "texture": "#undine" }
			}
		},
		{
			"__comment": "PlaneX31",
			"from": [ 4.994, 4.25, 6.52 ],
			"to": [ 7.154, 9.290001, 6.5212 ],
			"faces": {
				"north": { "uv": [ 4, 7, 5, 9 ], "texture": "#undine" },
				"south": { "uv": [ 5, 7, 4, 9 ], "texture": "#undine" }
			}
		},
		{
			"__comment": "PlaneX31",
			"from": [ 7.7612, 6.44, 5.02 ],
			"to": [ 7.7624, 11.48, 7.18 ],
			"faces": {
				"west": { "uv": [ 14.5, 14, 15.5, 16 ], "texture": "#undine" },
				"east": { "uv": [ 8, 11.5, 9, 13.5 ], "texture": "#undine" }
			}
		},
		{
			"__comment": "PlaneX31",
			"from": [ 8.936, 3.59, 7.12 ],
			"to": [ 8.9372, 8.63, 9.28 ],
			"faces": {
				"west": { "uv": [ 7, 7, 6, 9 ], "texture": "#undine" },
				"east": { "uv": [ 6, 7, 7, 9 ], "texture": "#undine" }
			}
		},
		{
			"__comment": "PlaneX31",
			"from": [ 7.946, 3.59, 7.57 ],
			"to": [ 7.947199, 8.63, 9.73 ],
			"faces": {
				"west": { "uv": [ 4, 7, 5, 9 ], "texture": "#undine" },
				"east": { "uv": [ 5, 7, 4, 9 ], "texture": "#undine" }
			}
		},
		{
			"__comment": "PlaneX31",
			"from": [ 10.106, 3.59, 7.12 ],
			"to": [ 10.1072, 8.63, 9.28 ],
			"faces": {
				"west": { "uv": [ 6, 7, 5, 9 ], "texture": "#undine" },
				"east": { "uv": [ 5, 7, 6, 9 ], "texture": "#undine" }
			}
		},
		{
			"__comment": "Box1",
			"from": [ 6.2249, 3.5555, 6.6409 ],
			"to": [ 6.941394, 5.8235, 7.357394 ],
			"rotation": { "origin": [ 6.404001, 5.162001, 6.82 ], "axis": "x", "angle": 22.5 },
			"faces": {
				"down": { "uv": [ 7.5, 2, 8, 2.5 ], "texture": "#undine", "rotation": 270 },
				"up": { "uv": [ 7.5, 1.5, 8, 2 ], "texture": "#undine", "rotation": 90 },
				"north": { "uv": [ 7.5, 1, 8, 1.5 ], "texture": "#undine" },
				"south": { "uv": [ 7.5, 1, 8, 1.5 ], "texture": "#undine" },
				"west": { "uv": [ 7.5, 1, 8, 1.5 ], "texture": "#undine" },
				"east": { "uv": [ 7.5, 1, 8, 1.5 ], "texture": "#undine" }
			}
		},
		{
			"__comment": "Box1",
			"from": [ 10.7319, 3.5296, 5.1757 ],
			"to": [ 10.91622, 3.71392, 5.751699 ],
			"rotation": { "origin": [ 11.354, 3.632, 5.559999 ], "axis": "x", "angle": -22.5 },
			"faces": {
				"down": { "uv": [ 8.5, 7.5, 9, 8 ], "texture": "#undine" },
				"up": { "uv": [ 9, 7.5, 9.5, 8 ], "texture": "#undine" },
				"north": { "uv": [ 9.5, 7.5, 10, 8 ], "texture": "#undine", "rotation": 270 },
				"south": { "uv": [ 10, 7.5, 10.5, 8 ], "texture": "#undine", "rotation": 90 },
				"west": { "uv": [ 10.5, 7.5, 11, 8 ], "texture": "#undine", "rotation": 90 },
				"east": { "uv": [ 11, 7.5, 11.5, 8 ], "texture": "#undine", "rotation": 270 }
			}
		},
		{
			"__comment": "Box1",
			"from": [ 10.9299, 3.2366, 5.0635 ],
			"to": [ 11.11422, 3.9566, 5.24782 ],
			"faces": {
				"down": { "uv": [ 11.5, 7.5, 12, 8 ], "texture": "#undine", "rotation": 270 },
				"up": { "uv": [ 12, 7.5, 12.5, 8 ], "texture": "#undine", "rotation": 90 },
				"north": { "uv": [ 12.5, 7.5, 13, 8 ], "texture": "#undine" },
				"south": { "uv": [ 13, 7.5, 13.5, 8 ], "texture": "#undine" },
				"west": { "uv": [ 13.5, 7.5, 14, 8 ], "texture": "#undine" },
				"east": { "uv": [ 14, 7.5, 14.5, 8 ], "texture": "#undine" }
			}
		},
		{
			"__comment": "Box1",
			"from": [ 11.3079, 3.2366, 5.0635 ],
			"to": [ 11.49222, 3.9566, 5.24782 ],
			"faces": {
				"down": { "uv": [ 14.5, 7.5, 15, 8 ], "texture": "#undine", "rotation": 270 },
				"up": { "uv": [ 15, 7.5, 15.5, 8 ], "texture": "#undine", "rotation": 90 },
				"north": { "uv": [ 15.5, 7.5, 16, 8 ], "texture": "#undine" },
				"south": { "uv": [ 8, 7, 8.5, 7.5 ], "texture": "#undine" },
				"west": { "uv": [ 8, 6.5, 8.5, 7 ], "texture": "#undine" },
				"east": { "uv": [ 8, 6, 8.5, 6.5 ], "texture": "#undine" }
			}
		},
		{
			"__comment": "Box1",
			"from": [ 11.2964, 3.482, 5.02 ],
			"to": [ 11.5268, 4.202, 5.2504 ],
			"rotation": { "origin": [ 11.354, 3.632, 5.559999 ], "axis": "x", "angle": 45 },
			"faces": {
				"down": { "uv": [ 8, 5.5, 8.5, 6 ], "texture": "#undine", "rotation": 270 },
				"up": { "uv": [ 8, 5, 8.5, 5.5 ], "texture": "#undine", "rotation": 90 },
				"north": { "uv": [ 8, 4.5, 8.5, 5 ], "texture": "#undine" },
				"south": { "uv": [ 8, 4, 8.5, 4.5 ], "texture": "#undine" },
				"west": { "uv": [ 8, 3.5, 8.5, 4 ], "texture": "#undine" },
				"east": { "uv": [ 10, 6.5, 10.5, 7 ], "texture": "#undine" }
			}
		},
		{
			"__comment": "Box1",
			"from": [ 10.9364, 3.482, 5.02 ],
			"to": [ 11.1668, 4.202, 5.2504 ],
			"rotation": { "origin": [ 11.354, 3.632, 5.559999 ], "axis": "x", "angle": 45 },
			"faces": {
				"down": { "uv": [ 8, 2.5, 8.5, 3 ], "texture": "#undine", "rotation": 270 },
				"up": { "uv": [ 8, 2, 8.5, 2.5 ], "texture": "#undine", "rotation": 90 },
				"north": { "uv": [ 8, 1.5, 8.5, 2 ], "texture": "#undine" },
				"south": { "uv": [ 8, 1, 8.5, 1.5 ], "texture": "#undine" },
				"west": { "uv": [ 8, 0.5, 8.5, 1 ], "texture": "#undine" },
				"east": { "uv": [ 8, 0, 8.5, 0.5 ], "texture": "#undine" }
			}
		},
		{
			"__comment": "Box1",
			"from": [ 10.6664, 3.728, 5.56 ],
			"to": [ 10.8968, 4.304, 5.7904 ],
			"rotation": { "origin": [ 11.354, 3.632, 5.559999 ], "axis": "x", "angle": 45 },
			"faces": {
				"down": { "uv": [ 8.5, 7, 9, 7.5 ], "texture": "#undine", "rotation": 270 },
				"up": { "uv": [ 9, 7, 9.5, 7.5 ], "texture": "#undine", "rotation": 90 },
				"north": { "uv": [ 9.5, 7, 10, 7.5 ], "texture": "#undine" },
				"south": { "uv": [ 10, 7, 10.5, 7.5 ], "texture": "#undine" },
				"west": { "uv": [ 10.5, 7, 11, 7.5 ], "texture": "#undine" },
				"east": { "uv": [ 11, 7, 11.5, 7.5 ], "texture": "#undine" }
			}
		},
		{
			"__comment": "Box1",
			"from": [ 10.5764, 3.482, 5.02 ],
			"to": [ 10.8068, 4.202, 5.2504 ],
			"rotation": { "origin": [ 11.354, 3.632, 5.559999 ], "axis": "x", "angle": 45 },
			"faces": {
				"down": { "uv": [ 11.5, 7, 12, 7.5 ], "texture": "#undine", "rotation": 270 },
				"up": { "uv": [ 12, 7, 12.5, 7.5 ], "texture": "#undine", "rotation": 90 },
				"north": { "uv": [ 12.5, 7, 13, 7.5 ], "texture": "#undine" },
				"south": { "uv": [ 13, 7, 13.5, 7.5 ], "texture": "#undine" },
				"west": { "uv": [ 13.5, 7, 14, 7.5 ], "texture": "#undine" },
				"east": { "uv": [ 14, 7, 14.5, 7.5 ], "texture": "#undine" }
			}
		},
		{
			"__comment": "Box1",
			"from": [ 10.6419, 3.2366, 5.0635 ],
			"to": [ 10.82622, 3.9566, 5.24782 ],
			"faces": {
				"down": { "uv": [ 14.5, 7, 15, 7.5 ], "texture": "#undine", "rotation": 270 },
				"up": { "uv": [ 15, 7, 15.5, 7.5 ], "texture": "#undine", "rotation": 90 },
				"north": { "uv": [ 15.5, 7, 16, 7.5 ], "texture": "#undine" },
				"south": { "uv": [ 8.5, 6.5, 9, 7 ], "texture": "#undine" },
				"west": { "uv": [ 8.5, 6, 9, 6.5 ], "texture": "#undine" },
				"east": { "uv": [ 8.5, 5.5, 9, 6 ], "texture": "#undine" }
			}
		},
		{
			"__comment": "Box1",
			"from": [ 6.8619, 2.9199, 7.8972 ],
			"to": [ 7.04622, 3.4959, 8.08152 ],
			"rotation": { "origin": [ 6.404001, 5.162001, 6.82 ], "axis": "x", "angle": 45 },
			"faces": {
				"down": { "uv": [ 8.5, 5, 9, 5.5 ], "texture": "#undine", "rotation": 270 },
				"up": { "uv": [ 8.5, 4.5, 9, 5 ], "texture": "#undine", "rotation": 90 },
				"north": { "uv": [ 8.5, 4, 9, 4.5 ], "texture": "#undine" },
				"south": { "uv": [ 8.5, 3.5, 9, 4 ], "texture": "#undine" },
				"west": { "uv": [ 8.5, 3, 9, 3.5 ], "texture": "#undine" },
				"east": { "uv": [ 8.5, 2.5, 9, 3 ], "texture": "#undine" }
			}
		},
		{
			"__comment": "Box1",
			"from": [ 6.7964, 3.098, 7.18 ],
			"to": [ 7.0268, 3.674, 7.410399 ],
			"rotation": { "origin": [ 6.404001, 5.162001, 6.82 ], "axis": "x", "angle": 22.5 },
			"faces": {
				"down": { "uv": [ 8.5, 2, 9, 2.5 ], "texture": "#undine", "rotation": 270 },
				"up": { "uv": [ 8.5, 1.5, 9, 2 ], "texture": "#undine", "rotation": 90 },
				"north": { "uv": [ 8.5, 1, 9, 1.5 ], "texture": "#undine" },
				"south": { "uv": [ 8.5, 0.5, 9, 1 ], "texture": "#undine" },
				"west": { "uv": [ 8.5, 0, 9, 0.5 ], "texture": "#undine" },
				"east": { "uv": [ 9, 6.5, 9.5, 7 ], "texture": "#undine" }
			}
		},
		{
			"__comment": "Box1",
			"from": [ 6.7964, 2.852, 6.64 ],
			"to": [ 7.0268, 3.572, 6.8704 ],
			"rotation": { "origin": [ 6.404001, 5.162001, 6.82 ], "axis": "x", "angle": 22.5 },
			"faces": {
				"down": { "uv": [ 9.5, 6.5, 10, 7 ], "texture": "#undine", "rotation": 270 },
				"up": { "uv": [ 9.5, 5.5, 10, 6 ], "texture": "#undine", "rotation": 90 },
				"north": { "uv": [ 10.5, 6.5, 11, 7 ], "texture": "#undine" },
				"south": { "uv": [ 11, 6.5, 11.5, 7 ], "texture": "#undine" },
				"west": { "uv": [ 11.5, 6.5, 12, 7 ], "texture": "#undine" },
				"east": { "uv": [ 12, 6.5, 12.5, 7 ], "texture": "#undine" }
			}
		},
		{
			"__comment": "Box1",
			"from": [ 6.4364, 2.852, 6.64 ],
			"to": [ 6.6668, 3.572, 6.8704 ],
			"rotation": { "origin": [ 6.404001, 5.162001, 6.82 ], "axis": "x", "angle": 22.5 },
			"faces": {
				"down": { "uv": [ 12.5, 6.5, 13, 7 ], "texture": "#undine", "rotation": 270 },
				"up": { "uv": [ 13, 6.5, 13.5, 7 ], "texture": "#undine", "rotation": 90 },
				"north": { "uv": [ 13.5, 6.5, 14, 7 ], "texture": "#undine" },
				"south": { "uv": [ 14, 6.5, 14.5, 7 ], "texture": "#undine" },
				"west": { "uv": [ 14.5, 6.5, 15, 7 ], "texture": "#undine" },
				"east": { "uv": [ 15, 6.5, 15.5, 7 ], "texture": "#undine" }
			}
		},
		{
			"__comment": "Box1",
			"from": [ 6.0764, 2.852, 6.64 ],
			"to": [ 6.3068, 3.572, 6.8704 ],
			"rotation": { "origin": [ 6.404001, 5.162001, 6.82 ], "axis": "x", "angle": 22.5 },
			"faces": {
				"down": { "uv": [ 15.5, 6.5, 16, 7 ], "texture": "#undine", "rotation": 270 },
				"up": { "uv": [ 9, 6, 9.5, 6.5 ], "texture": "#undine", "rotation": 90 },
				"north": { "uv": [ 9, 5.5, 9.5, 6 ], "texture": "#undine" },
				"south": { "uv": [ 9, 5, 9.5, 5.5 ], "texture": "#undine" },
				"west": { "uv": [ 9, 4.5, 9.5, 5 ], "texture": "#undine" },
				"east": { "uv": [ 9, 4, 9.5, 4.5 ], "texture": "#undine" }
			}
		},
		{
			"__comment": "Box1",
			"from": [ 6.1419, 2.9847, 5.0507 ],
			"to": [ 6.32622, 3.7047, 5.23502 ],
			"rotation": { "origin": [ 6.404001, 5.162001, 6.82 ], "axis": "x", "angle": -22.5 },
			"faces": {
				"down": { "uv": [ 9, 3.5, 9.5, 4 ], "texture": "#undine", "rotation": 270 },
				"up": { "uv": [ 9, 3, 9.5, 3.5 ], "texture": "#undine", "rotation": 90 },
				"north": { "uv": [ 9, 2.5, 9.5, 3 ], "texture": "#undine" },
				"south": { "uv": [ 9, 2, 9.5, 2.5 ], "texture": "#undine" },
				"west": { "uv": [ 9, 1.5, 9.5, 2 ], "texture": "#undine" },
				"east": { "uv": [ 9, 1, 9.5, 1.5 ], "texture": "#undine" }
			}
		},
		{
			"__comment": "Box1",
			"from": [ 6.4299, 2.9847, 5.0507 ],
			"to": [ 6.61422, 3.7047, 5.23502 ],
			"rotation": { "origin": [ 6.404001, 5.162001, 6.82 ], "axis": "x", "angle": -22.5 },
			"faces": {
				"down": { "uv": [ 9, 0.5, 9.5, 1 ], "texture": "#undine", "rotation": 270 },
				"up": { "uv": [ 9, 0, 9.5, 0.5 ], "texture": "#undine", "rotation": 90 },
				"north": { "uv": [ 9.5, 6, 10, 6.5 ], "texture": "#undine" },
				"south": { "uv": [ 10, 6, 10.5, 6.5 ], "texture": "#undine" },
				"west": { "uv": [ 10.5, 6, 11, 6.5 ], "texture": "#undine" },
				"east": { "uv": [ 11, 6, 11.5, 6.5 ], "texture": "#undine" }
			}
		},
		{
			"__comment": "Box1",
			"from": [ 6.8079, 2.9847, 5.0507 ],
			"to": [ 6.99222, 3.7047, 5.23502 ],
			"rotation": { "origin": [ 6.404001, 5.162001, 6.82 ], "axis": "x", "angle": -22.5 },
			"faces": {
				"down": { "uv": [ 11.5, 6, 12, 6.5 ], "texture": "#undine", "rotation": 270 },
				"up": { "uv": [ 12, 6, 12.5, 6.5 ], "texture": "#undine", "rotation": 90 },
				"north": { "uv": [ 12.5, 6, 13, 6.5 ], "texture": "#undine" },
				"south": { "uv": [ 13, 6, 13.5, 6.5 ], "texture": "#undine" },
				"west": { "uv": [ 13.5, 6, 14, 6.5 ], "texture": "#undine" },
				"east": { "uv": [ 14, 6, 14.5, 6.5 ], "texture": "#undine" }
			}
		},
		{
			"__comment": "PlaneX31",
			"from": [ 5.744, 4.25, 8.362 ],
			"to": [ 7.904, 9.290001, 8.363198 ],
			"faces": {
				"north": { "uv": [ 6, 7, 5, 9 ], "texture": "#undine" },
				"south": { "uv": [ 5, 7, 6, 9 ], "texture": "#undine" }
			}
		},
		{
			"__comment": "PlaneX31",
			"from": [ 4.694, 6.8, 6.37 ],
			"to": [ 6.854, 11.84, 6.3712 ],
			"rotation": { "origin": [ 6.854, 6.8, 6.37 ], "axis": "z", "angle": -22.5 },
			"faces": {
				"north": { "uv": [ 4, 7, 5, 9 ], "texture": "#undine" },
				"south": { "uv": [ 5, 7, 4, 9 ], "texture": "#undine" }
			}
		},
		{
			"__comment": "PlaneX31",
			"from": [ 4.844, 6.8, 7.18 ],
			"to": [ 7.004, 11.84, 7.1812 ],
			"rotation": { "origin": [ 7.004, 6.8, 7.18 ], "axis": "z", "angle": -22.5 },
			"faces": {
				"north": { "uv": [ 7, 7, 6, 9 ], "texture": "#undine" },
				"south": { "uv": [ 6, 7, 7, 9 ], "texture": "#undine" }
			}
		},
		{
			"__comment": "PlaneX31",
			"from": [ 4.844, 6.8, 8.349999 ],
			"to": [ 7.004, 11.84, 8.351199 ],
			"rotation": { "origin": [ 7.004, 6.8, 8.349999 ], "axis": "z", "angle": -22.5 },
			"faces": {
				"north": { "uv": [ 6, 7, 5, 9 ], "texture": "#undine" },
				"south": { "uv": [ 5, 7, 6, 9 ], "texture": "#undine" }
			}
		},
		{
			"__comment": "PlaneX31",
			"from": [ 8.743999, 6.44, 6.46 ],
			"to": [ 10.904, 11.48, 6.4612 ],
			"rotation": { "origin": [ 8.744, 11.48, 7.18 ], "axis": "z", "angle": 22.5 },
			"faces": {
				"north": { "uv": [ 5, 7, 4, 9 ], "texture": "#undine" },
				"south": { "uv": [ 4, 7, 5, 9 ], "texture": "#undine" }
			}
		},
		{
			"__comment": "PlaneX31",
			"from": [ 8.743999, 6.44, 7.18 ],
			"to": [ 10.904, 11.48, 7.1812 ],
			"rotation": { "origin": [ 8.744, 11.48, 7.18 ], "axis": "z", "angle": 22.5 },
			"faces": {
				"north": { "uv": [ 6, 7, 7, 9 ], "texture": "#undine" },
				"south": { "uv": [ 7, 7, 6, 9 ], "texture": "#undine" }
			}
		},
		{
			"__comment": "PlaneX31",
			"from": [ 8.743999, 6.44, 8.349999 ],
			"to": [ 10.904, 11.48, 8.351199 ],
			"rotation": { "origin": [ 8.744, 11.48, 7.63 ], "axis": "z", "angle": 22.5 },
			"faces": {
				"north": { "uv": [ 5, 7, 6, 9 ], "texture": "#undine" },
				"south": { "uv": [ 6, 7, 5, 9 ], "texture": "#undine" }
			}
		},
		{
			"__comment": "PlaneX31",
			"from": [ 10.094, 6.74, 7.12 ],
			"to": [ 10.0952, 11.78, 9.28 ],
			"faces": {
				"west": { "uv": [ 6, 7, 5, 9 ], "texture": "#undine" },
				"east": { "uv": [ 5, 7, 6, 9 ], "texture": "#undine" }
			}
		},
		{
			"__comment": "PlaneX31",
			"from": [ 8.924, 6.74, 7.12 ],
			"to": [ 8.9252, 11.78, 9.28 ],
			"faces": {
				"west": { "uv": [ 7, 7, 6, 9 ], "texture": "#undine" },
				"east": { "uv": [ 6, 7, 7, 9 ], "texture": "#undine" }
			}
		},
		{
			"__comment": "PlaneX31",
			"from": [ 7.934, 6.74, 7.57 ],
			"to": [ 7.9352, 11.78, 9.73 ],
			"faces": {
				"west": { "uv": [ 4, 7, 5, 9 ], "texture": "#undine" },
				"east": { "uv": [ 5, 7, 4, 9 ], "texture": "#undine" }
			}
		},
		{
			"__comment": "PlaneX31",
			"from": [ 7.574, 6.44, 8.26 ],
			"to": [ 10.094, 11.48, 8.2612 ],
			"faces": {
				"north": { "uv": [ 5, 11.5, 4, 13.5 ], "texture": "#undine" },
				"south": { "uv": [ 4, 11.5, 5, 13.5 ], "texture": "#undine" }
			}
		},
		{
			"__comment": "PlaneX31",
			"from": [ 4.844, 6.8, 7.9 ],
			"to": [ 7.004, 11.84, 7.901199 ],
			"rotation": { "origin": [ 7.004, 6.8, 7.9 ], "axis": "z", "angle": -22.5 },
			"faces": {
				"north": { "uv": [ 6, 7, 5, 9 ], "texture": "#undine" },
				"south": { "uv": [ 5, 7, 6, 9 ], "texture": "#undine" }
			}
		},
		{
			"__comment": "PlaneX31",
			"from": [ 4.844, 4.25, 7.912 ],
			"to": [ 7.004, 9.290001, 7.913199 ],
			"faces": {
				"north": { "uv": [ 6, 7, 5, 9 ], "texture": "#undine" },
				"south": { "uv": [ 5, 7, 6, 9 ], "texture": "#undine" }
			}
		},
		{
			"__comment": "PlaneX31",
			"from": [ 8.743999, 6.44, 7.9 ],
			"to": [ 10.904, 11.48, 7.901199 ],
			"rotation": { "origin": [ 8.744, 11.48, 7.18 ], "axis": "z", "angle": 22.5 },
			"faces": {
				"north": { "uv": [ 5, 7, 6, 9 ], "texture": "#undine" },
				"south": { "uv": [ 6, 7, 5, 9 ], "texture": "#undine" }
			}
		},
		{
			"__comment": "PlaneX31",
			"from": [ 10.394, 3.74, 7.912 ],
			"to": [ 12.554, 8.780001, 7.913199 ],
			"faces": {
				"north": { "uv": [ 5, 7, 6, 9 ], "texture": "#undine" },
				"south": { "uv": [ 6, 7, 5, 9 ], "texture": "#undine" }
			}
		},
		{
			"__comment": "PlaneX31",
			"from": [ 3.974, -4.27, 7.09 ],
			"to": [ 14.174, 13.13, 7.091199 ],
			"faces": {
				"north": { "uv": [ 0, 9, 4, 16 ], "texture": "#undine" },
				"south": { "uv": [ 4, 9, 0, 16 ], "texture": "#undine" }
			}
		}
	],
	"display": {
		"gui": {
			"rotation":  [ 0, 180, 0 ],
			"translation":  [ 0, 2.7826, 0 ],
			"scale":  [ 0.7652, 0.8, 0.8 ]
		},
		"head": {
			"translation":  [ -3.478, 4.8975, 0.6958 ],
			"scale":  [ 4, 4, 4 ]
		},
		"ground": {
			"translation":  [ 0, 8.3478, 0 ],
			"scale":  [ 0.8, 0.8, 0.8 ]
		},
		"fixed": {
			"rotation":  [ -90, 0, 0 ],
			"translation":  [ -3.477, -1.39, -48.68 ],
			"scale":  [ 4, 4, 4 ]
		}
	}
}