{
	"__comment": "Designed by Sefreneth with Cubik Studio - https://cubik.studio",
	"textures": {
		"undine": "item/undine"
	},
	"elements": [ 	 
		{
			"__comment": "Box1",
			"from": [ 7.1852, 2.81, 6.5522 ],
			"to": [ 10.5872, 4.25, 9.1982 ],
			"faces": {
				"down": { "uv": [ 12, 14.5, 13.5, 16 ], "texture": "#undine", "rotation": 90 },
				"up": { "uv": [ 4.5, 10, 5.5, 11 ], "texture": "#undine", "rotation": 90 },
				"north": { "uv": [ 13.5, 13.5, 14.5, 14 ], "texture": "#undine" },
				"south": { "uv": [ 13.5, 13.5, 14.5, 14 ], "texture": "#undine" },
				"west": { "uv": [ 13.5, 13.5, 14.5, 14 ], "texture": "#undine" },
				"east": { "uv": [ 13.5, 13.5, 14.5, 14 ], "texture": "#undine" }
			}
		},
		{
			"__comment": "Box1",
			"from": [ 5.594, -4.27, 4.895 ],
			"to": [ 12.074, -2.11, 11.375 ],
			"faces": {
				"down": { "uv": [ 6.5, 13.5, 9, 16 ], "texture": "#undine", "rotation": 90 },
				"up": { "uv": [ 6.5, 13.5, 9, 16 ], "texture": "#undine", "rotation": 90 },
				"north": { "uv": [ 11.5, 11, 14, 11.5 ], "texture": "#undine" },
				"south": { "uv": [ 11.5, 11, 14, 11.5 ], "texture": "#undine" },
				"west": { "uv": [ 11.5, 11, 14, 11.5 ], "texture": "#undine" },
				"east": { "uv": [ 11.5, 11, 14, 11.5 ], "texture": "#undine" }
			}
		},
		{
			"__comment": "Box1",
			"from": [ 7.5515, 6.02, 6.815 ],
			"to": [ 10.0715, 6.74, 8.810841 ],
			"faces": {
				"down": { "uv": [ 7.5, 9.5, 8.5, 10 ], "texture": "#undine", "rotation": 270 },
				"up": { "uv": [ 11.5, 9.5, 12.5, 10 ], "texture": "#undine", "rotation": 90 },
				"north": { "uv": [ 7.5, 9, 8.5, 9.5 ], "texture": "#undine" },
				"south": { "uv": [ 8.5, 10, 9.5, 10.5 ], "texture": "#undine" },
				"west": { "uv": [ 10.5, 8, 11, 8.5 ], "texture": "#undine" },
				"east": { "uv": [ 11, 8, 10.5, 8.5 ], "texture": "#undine" }
			}
		},
		{
			"__comment": "Box1",
			"from": [ 7.754, 5, 6.545 ],
			"to": [ 9.914, 6.08, 8.597 ],
			"faces": {
				"down": { "uv": [ 11.5, 8, 12, 8.5 ], "texture": "#undine", "rotation": 270 },
				"up": { "uv": [ 12, 8, 12.5, 8.5 ], "texture": "#undine", "rotation": 90 },
				"north": { "uv": [ 14, 4.499999, 15, 5 ], "texture": "#undine" },
				"south": { "uv": [ 13, 8, 13.5, 8.5 ], "texture": "#undine" },
				"west": { "uv": [ 10.5, 4, 11, 4.5 ], "texture": "#undine" },
				"east": { "uv": [ 11, 4, 10.5, 4.5 ], "texture": "#undine" }
			}
		},
		{
			"__comment": "Box1",
			"from": [ 6.674, -0.04, 6.095 ],
			"to": [ 10.994, 2.84, 9.695 ],
			"faces": {
				"down": { "uv": [ 2, 0, 4, 2 ], "texture": "#undine", "rotation": 90 },
				"up": { "uv": [ 12, 14.5, 13.5, 16 ], "texture": "#undine", "rotation": 90 },
				"north": { "uv": [ 12.5, 12.5, 14, 13.5 ], "texture": "#undine" },
				"south": { "uv": [ 12.5, 12.5, 14, 13.5 ], "texture": "#undine" },
				"west": { "uv": [ 12.5, 12.5, 14, 13.5 ], "texture": "#undine" },
				"east": { "uv": [ 12.5, 12.5, 14, 13.5 ], "texture": "#undine" }
			}
		},
		{
			"__comment": "Box1",
			"from": [ 7.5965, 4.19, 6.545 ],
			"to": [ 10.1165, 5, 8.938999 ],
			"faces": {
				"down": { "uv": [ 9.5, 10, 10.5, 10.5 ], "texture": "#undine", "rotation": 270 },
				"up": { "uv": [ 11, 4.999999, 12, 6 ], "texture": "#undine", "rotation": 90 },
				"north": { "uv": [ 11.5, 10, 12.5, 10.5 ], "texture": "#undine" },
				"south": { "uv": [ 11.5, 10, 12.5, 10.5 ], "texture": "#undine" },
				"west": { "uv": [ 11.5, 10, 12.5, 10.5 ], "texture": "#undine" },
				"east": { "uv": [ 11.5, 10, 12.5, 10.5 ], "texture": "#undine" }
			}
		},
		{
			"__comment": "Box1",
			"from": [ 6.1725, 4.3035, 7.4835 ],
			"to": [ 7.098464, 6.571498, 8.409465 ],
			"faces": {
				"down": { "uv": [ 15.5, 8, 16, 8.5 ], "texture": "#undine", "rotation": 270 },
				"up": { "uv": [ 7.5, 7, 8, 7.5 ], "texture": "#undine", "rotation": 90 },
				"north": { "uv": [ 7.5, 6.5, 8, 7 ], "texture": "#undine" },
				"south": { "uv": [ 7.5, 6.5, 8, 7 ], "texture": "#undine" },
				"west": { "uv": [ 7.5, 6.5, 8, 7 ], "texture": "#undine" },
				"east": { "uv": [ 7.5, 6.5, 8, 7 ], "texture": "#undine" }
			}
		},
		{
			"__comment": "Box1",
			"from": [ 10.5825, 4.3035, 7.4835 ],
			"to": [ 11.50846, 6.571498, 8.409465 ],
			"faces": {
				"down": { "uv": [ 7.5, 4.5, 8, 5 ], "texture": "#undine", "rotation": 270 },
				"up": { "uv": [ 7.5, 4, 8, 4.5 ], "texture": "#undine", "rotation": 90 },
				"north": { "uv": [ 7.5, 6.5, 8, 7 ], "texture": "#undine" },
				"south": { "uv": [ 7.5, 6.5, 8, 7 ], "texture": "#undine" },
				"west": { "uv": [ 7.5, 6.5, 8, 7 ], "texture": "#undine" },
				"east": { "uv": [ 7.5, 6.5, 8, 7 ], "texture": "#undine" }
			}
		},
		{
			"__comment": "Box1",
			"from": [ 10.7249, 2.9355, 5.6459 ],
			"to": [ 11.44139, 5.203499, 6.362394 ],
			"rotation": { "origin": [ 11.354, 2.382, 6.184999 ], "axis": "x", "angle": 45 },
			"faces": {
				"down": { "uv": [ 14.5, 6, 15, 6.5 ], "texture": "#undine", "rotation": 270 },
				"up": { "uv": [ 15, 6, 15.5, 6.5 ], "texture": "#undine", "rotation": 90 },
				"north": { "uv": [ 7.5, 1, 8, 1.5 ], "texture": "#undine" },
				"south": { "uv": [ 7.5, 1, 8, 1.5 ], "texture": "#undine" },
				"west": { "uv": [ 7.5, 1, 8, 1.5 ], "texture": "#undine" },
				"east": { "uv": [ 7.5, 1, 8, 1.5 ], "texture": "#undine" }
			}
		},
		{
			"__comment": "Box1",
			"from": [ 6.134, -2.11, 5.465 ],
			"to": [ 11.534, 0.05000019, 10.505 ],
			"faces": {
				"down": { "uv": [ 6.5, 13.5, 9, 16 ], "texture": "#undine", "rotation": 90 },
				"up": { "uv": [ 2, 0, 4, 2 ], "texture": "#undine", "rotation": 90 },
				"north": { "uv": [ 14, 12.5, 16, 13 ], "texture": "#undine" },
				"south": { "uv": [ 14, 12.5, 16, 13 ], "texture": "#undine" },
				"west": { "uv": [ 14, 12.5, 16, 13 ], "texture": "#undine" },
				"east": { "uv": [ 14, 12.5, 16, 13 ], "texture": "#undine" }
			}
		},
		{
			"__comment": "Box1",
			"from": [ 8.8412, 5.99, 6.455 ],
			"to": [ 9.9212, 6.35, 6.815 ],
			"faces": {
				"down": { "uv": [ 11.5, 9, 12, 9.5 ], "texture": "#undine", "rotation": 270 },
				"up": { "uv": [ 12, 9, 12.5, 9.5 ], "texture": "#undine", "rotation": 90 },
				"north": { "uv": [ 12.5, 9, 13, 9.5 ], "texture": "#undine" },
				"south": { "uv": [ 13, 9, 13.5, 9.5 ], "texture": "#undine" },
				"west": { "uv": [ 13.5, 9, 14, 9.5 ], "texture": "#undine" },
				"east": { "uv": [ 14, 9, 14.5, 9.5 ], "texture": "#undine" }
			}
		},
		{
			"__comment": "Box1",
			"from": [ 7.5668, 5.99, 6.455 ],
			"to": [ 8.646799, 6.35, 6.815 ],
			"faces": {
				"down": { "uv": [ 6.5, 0, 7, 0.5 ], "texture": "#undine", "rotation": 270 },
				"up": { "uv": [ 7, 8.5, 7.5, 9 ], "texture": "#undine", "rotation": 90 },
				"north": { "uv": [ 7.5, 8.5, 8, 9 ], "texture": "#undine" },
				"south": { "uv": [ 8, 8.5, 8.5, 9 ], "texture": "#undine" },
				"west": { "uv": [ 8.5, 8.5, 9, 9 ], "texture": "#undine" },
				"east": { "uv": [ 9, 8.5, 9.5, 9 ], "texture": "#undine" }
			}
		},
		{
			"__comment": "Box1",
			"from": [ 6.2249, 2.3055, 7.2659 ],
			"to": [ 6.941394, 4.5735, 7.982394 ],
			"rotation": { "origin": [ 6.404001, 3.912001, 7.445 ], "axis": "x", "angle": 22.5 },
			"faces": {
				"down": { "uv": [ 7.5, 2, 8, 2.5 ], "texture": "#undine", "rotation": 270 },
				"up": { "uv": [ 7.5, 1.5, 8, 2 ], "texture": "#undine", "rotation": 90 },
				"north": { "uv": [ 7.5, 1, 8, 1.5 ], "texture": "#undine" },
				"south": { "uv": [ 7.5, 1, 8, 1.5 ], "texture": "#undine" },
				"west": { "uv": [ 7.5, 1, 8, 1.5 ], "texture": "#undine" },
				"east": { "uv": [ 7.5, 1, 8, 1.5 ], "texture": "#undine" }
			}
		},
		{
			"__comment": "Box1",
			"from": [ 10.7319, 2.2796, 5.8007 ],
			"to": [ 10.91622, 2.46392, 6.376698 ],
			"rotation": { "origin": [ 11.354, 2.382, 6.184999 ], "axis": "x", "angle": -22.5 },
			"faces": {
				"down": { "uv": [ 8.5, 7.5, 9, 8 ], "texture": "#undine" },
				"up": { "uv": [ 9, 7.5, 9.5, 8 ], "texture": "#undine" },
				"north": { "uv": [ 9.5, 7.5, 10, 8 ], "texture": "#undine", "rotation": 270 },
				"south": { "uv": [ 10, 7.5, 10.5, 8 ], "texture": "#undine", "rotation": 90 },
				"west": { "uv": [ 10.5, 7.5, 11, 8 ], "texture": "#undine", "rotation": 90 },
				"east": { "uv": [ 11, 7.5, 11.5, 8 ], "texture": "#undine", "rotation": 270 }
			}
		},
		{
			"__comment": "Box1",
			"from": [ 10.9299, 1.9866, 5.6885 ],
			"to": [ 11.11422, 2.7066, 5.87282 ],
			"faces": {
				"down": { "uv": [ 11.5, 7.5, 12, 8 ], "texture": "#undine", "rotation": 270 },
				"up": { "uv": [ 12, 7.5, 12.5, 8 ], "texture": "#undine", "rotation": 90 },
				"north": { "uv": [ 12.5, 7.5, 13, 8 ], "texture": "#undine" },
				"south": { "uv": [ 13, 7.5, 13.5, 8 ], "texture": "#undine" },
				"west": { "uv": [ 13.5, 7.5, 14, 8 ], "texture": "#undine" },
				"east": { "uv": [ 14, 7.5, 14.5, 8 ], "texture": "#undine" }
			}
		},
		{
			"__comment": "Box1",
			"from": [ 11.3079, 1.9866, 5.6885 ],
			"to": [ 11.49222, 2.7066, 5.87282 ],
			"faces": {
				"down": { "uv": [ 14.5, 7.5, 15, 8 ], "texture": "#undine", "rotation": 270 },
				"up": { "uv": [ 15, 7.5, 15.5, 8 ], "texture": "#undine", "rotation": 90 },
				"north": { "uv": [ 15.5, 7.5, 16, 8 ], "texture": "#undine" },
				"south": { "uv": [ 8, 7, 8.5, 7.5 ], "texture": "#undine" },
				"west": { "uv": [ 8, 6.5, 8.5, 7 ], "texture": "#undine" },
				"east": { "uv": [ 8, 6, 8.5, 6.5 ], "texture": "#undine" }
			}
		},
		{
			"__comment": "Box1",
			"from": [ 11.2964, 2.232, 5.645 ],
			"to": [ 11.5268, 2.952, 5.8754 ],
			"rotation": { "origin": [ 11.354, 2.382, 6.184999 ], "axis": "x", "angle": 45 },
			"faces": {
				"down": { "uv": [ 8, 5.5, 8.5, 6 ], "texture": "#undine", "rotation": 270 },
				"up": { "uv": [ 8, 5, 8.5, 5.5 ], "texture": "#undine", "rotation": 90 },
				"north": { "uv": [ 8, 4.5, 8.5, 5 ], "texture": "#undine" },
				"south": { "uv": [ 8, 4, 8.5, 4.5 ], "texture": "#undine" },
				"west": { "uv": [ 8, 3.5, 8.5, 4 ], "texture": "#undine" },
				"east": { "uv": [ 10, 6.5, 10.5, 7 ], "texture": "#undine" }
			}
		},
		{
			"__comment": "Box1",
			"from": [ 10.9364, 2.232, 5.645 ],
			"to": [ 11.1668, 2.952, 5.8754 ],
			"rotation": { "origin": [ 11.354, 2.382, 6.184999 ], "axis": "x", "angle": 45 },
			"faces": {
				"down": { "uv": [ 8, 2.5, 8.5, 3 ], "texture": "#undine", "rotation": 270 },
				"up": { "uv": [ 8, 2, 8.5, 2.5 ], "texture": "#undine", "rotation": 90 },
				"north": { "uv": [ 8, 1.5, 8.5, 2 ], "texture": "#undine" },
				"south": { "uv": [ 8, 1, 8.5, 1.5 ], "texture": "#undine" },
				"west": { "uv": [ 8, 0.5, 8.5, 1 ], "texture": "#undine" },
				"east": { "uv": [ 8, 0, 8.5, 0.5 ], "texture": "#undine" }
			}
		},
		{
			"__comment": "Box1",
			"from": [ 10.6664, 2.478, 6.185 ],
			"to": [ 10.8968, 3.054, 6.4154 ],
			"rotation": { "origin": [ 11.354, 2.382, 6.184999 ], "axis": "x", "angle": 45 },
			"faces": {
				"down": { "uv": [ 8.5, 7, 9, 7.5 ], "texture": "#undine", "rotation": 270 },
				"up": { "uv": [ 9, 7, 9.5, 7.5 ], "texture": "#undine", "rotation": 90 },
				"north": { "uv": [ 9.5, 7, 10, 7.5 ], "texture": "#undine" },
				"south": { "uv": [ 10, 7, 10.5, 7.5 ], "texture": "#undine" },
				"west": { "uv": [ 10.5, 7, 11, 7.5 ], "texture": "#undine" },
				"east": { "uv": [ 11, 7, 11.5, 7.5 ], "texture": "#undine" }
			}
		},
		{
			"__comment": "Box1",
			"from": [ 10.5764, 2.232, 5.645 ],
			"to": [ 10.8068, 2.952, 5.8754 ],
			"rotation": { "origin": [ 11.354, 2.382, 6.184999 ], "axis": "x", "angle": 45 },
			"faces": {
				"down": { "uv": [ 11.5, 7, 12, 7.5 ], "texture": "#undine", "rotation": 270 },
				"up": { "uv": [ 12, 7, 12.5, 7.5 ], "texture": "#undine", "rotation": 90 },
				"north": { "uv": [ 12.5, 7, 13, 7.5 ], "texture": "#undine" },
				"south": { "uv": [ 13, 7, 13.5, 7.5 ], "texture": "#undine" },
				"west": { "uv": [ 13.5, 7, 14, 7.5 ], "texture": "#undine" },
				"east": { "uv": [ 14, 7, 14.5, 7.5 ], "texture": "#undine" }
			}
		},
		{
			"__comment": "Box1",
			"from": [ 10.6419, 1.9866, 5.6885 ],
			"to": [ 10.82622, 2.7066, 5.87282 ],
			"faces": {
				"down": { "uv": [ 14.5, 7, 15, 7.5 ], "texture": "#undine", "rotation": 270 },
				"up": { "uv": [ 15, 7, 15.5, 7.5 ], "texture": "#undine", "rotation": 90 },
				"north": { "uv": [ 15.5, 7, 16, 7.5 ], "texture": "#undine" },
				"south": { "uv": [ 8.5, 6.5, 9, 7 ], "texture": "#undine" },
				"west": { "uv": [ 8.5, 6, 9, 6.5 ], "texture": "#undine" },
				"east": { "uv": [ 8.5, 5.5, 9, 6 ], "texture": "#undine" }
			}
		},
		{
			"__comment": "Box1",
			"from": [ 6.8619, 2.9199, 8.5222 ],
			"to": [ 7.04622, 3.4959, 8.70652 ],
			"rotation": { "origin": [ 6.404001, 5.162001, 7.445 ], "axis": "x", "angle": 45 },
			"faces": {
				"down": { "uv": [ 8.5, 5, 9, 5.5 ], "texture": "#undine", "rotation": 270 },
				"up": { "uv": [ 8.5, 4.5, 9, 5 ], "texture": "#undine", "rotation": 90 },
				"north": { "uv": [ 8.5, 4, 9, 4.5 ], "texture": "#undine" },
				"south": { "uv": [ 8.5, 3.5, 9, 4 ], "texture": "#undine" },
				"west": { "uv": [ 8.5, 3, 9, 3.5 ], "texture": "#undine" },
				"east": { "uv": [ 8.5, 2.5, 9, 3 ], "texture": "#undine" }
			}
		},
		{
			"__comment": "Box1",
			"from": [ 6.7964, 3.098, 7.805 ],
			"to": [ 7.0268, 3.674, 8.035399 ],
			"rotation": { "origin": [ 6.404001, 5.162001, 7.445 ], "axis": "x", "angle": 22.5 },
			"faces": {
				"down": { "uv": [ 8.5, 2, 9, 2.5 ], "texture": "#undine", "rotation": 270 },
				"up": { "uv": [ 8.5, 1.5, 9, 2 ], "texture": "#undine", "rotation": 90 },
				"north": { "uv": [ 8.5, 1, 9, 1.5 ], "texture": "#undine" },
				"south": { "uv": [ 8.5, 0.5, 9, 1 ], "texture": "#undine" },
				"west": { "uv": [ 8.5, 0, 9, 0.5 ], "texture": "#undine" },
				"east": { "uv": [ 9, 6.5, 9.5, 7 ], "texture": "#undine" }
			}
		},
		{
			"__comment": "Box1",
			"from": [ 6.7964, 1.602, 7.265 ],
			"to": [ 7.0268, 2.322, 7.4954 ],
			"rotation": { "origin": [ 6.404001, 3.912001, 7.445 ], "axis": "x", "angle": 22.5 },
			"faces": {
				"down": { "uv": [ 9.5, 6.5, 10, 7 ], "texture": "#undine", "rotation": 270 },
				"up": { "uv": [ 9.5, 5.5, 10, 6 ], "texture": "#undine", "rotation": 90 },
				"north": { "uv": [ 10.5, 6.5, 11, 7 ], "texture": "#undine" },
				"south": { "uv": [ 11, 6.5, 11.5, 7 ], "texture": "#undine" },
				"west": { "uv": [ 11.5, 6.5, 12, 7 ], "texture": "#undine" },
				"east": { "uv": [ 12, 6.5, 12.5, 7 ], "texture": "#undine" }
			}
		},
		{
			"__comment": "Box1",
			"from": [ 6.4364, 1.602, 7.265 ],
			"to": [ 6.6668, 2.322, 7.4954 ],
			"rotation": { "origin": [ 6.404001, 3.912001, 7.445 ], "axis": "x", "angle": 22.5 },
			"faces": {
				"down": { "uv": [ 12.5, 6.5, 13, 7 ], "texture": "#undine", "rotation": 270 },
				"up": { "uv": [ 13, 6.5, 13.5, 7 ], "texture": "#undine", "rotation": 90 },
				"north": { "uv": [ 13.5, 6.5, 14, 7 ], "texture": "#undine" },
				"south": { "uv": [ 14, 6.5, 14.5, 7 ], "texture": "#undine" },
				"west": { "uv": [ 14.5, 6.5, 15, 7 ], "texture": "#undine" },
				"east": { "uv": [ 15, 6.5, 15.5, 7 ], "texture": "#undine" }
			}
		},
		{
			"__comment": "Box1",
			"from": [ 6.0764, 1.602, 7.265 ],
			"to": [ 6.3068, 2.322, 7.4954 ],
			"rotation": { "origin": [ 6.404001, 3.912001, 7.445 ], "axis": "x", "angle": 22.5 },
			"faces": {
				"down": { "uv": [ 15.5, 6.5, 16, 7 ], "texture": "#undine", "rotation": 270 },
				"up": { "uv": [ 9, 6, 9.5, 6.5 ], "texture": "#undine", "rotation": 90 },
				"north": { "uv": [ 9, 5.5, 9.5, 6 ], "texture": "#undine" },
				"south": { "uv": [ 9, 5, 9.5, 5.5 ], "texture": "#undine" },
				"west": { "uv": [ 9, 4.5, 9.5, 5 ], "texture": "#undine" },
				"east": { "uv": [ 9, 4, 9.5, 4.5 ], "texture": "#undine" }
			}
		},
		{
			"__comment": "Box1",
			"from": [ 6.1419, 1.7347, 5.6757 ],
			"to": [ 6.32622, 2.4547, 5.86002 ],
			"rotation": { "origin": [ 6.404001, 3.912001, 7.445 ], "axis": "x", "angle": -22.5 },
			"faces": {
				"down": { "uv": [ 9, 3.5, 9.5, 4 ], "texture": "#undine", "rotation": 270 },
				"up": { "uv": [ 9, 3, 9.5, 3.5 ], "texture": "#undine", "rotation": 90 },
				"north": { "uv": [ 9, 2.5, 9.5, 3 ], "texture": "#undine" },
				"south": { "uv": [ 9, 2, 9.5, 2.5 ], "texture": "#undine" },
				"west": { "uv": [ 9, 1.5, 9.5, 2 ], "texture": "#undine" },
				"east": { "uv": [ 9, 1, 9.5, 1.5 ], "texture": "#undine" }
			}
		},
		{
			"__comment": "Box1",
			"from": [ 6.4299, 1.7347, 5.6757 ],
			"to": [ 6.61422, 2.4547, 5.86002 ],
			"rotation": { "origin": [ 6.404001, 3.912001, 7.445 ], "axis": "x", "angle": -22.5 },
			"faces": {
				"down": { "uv": [ 9, 0.5, 9.5, 1 ], "texture": "#undine", "rotation": 270 },
				"up": { "uv": [ 9, 0, 9.5, 0.5 ], "texture": "#undine", "rotation": 90 },
				"north": { "uv": [ 9.5, 6, 10, 6.5 ], "texture": "#undine" },
				"south": { "uv": [ 10, 6, 10.5, 6.5 ], "texture": "#undine" },
				"west": { "uv": [ 10.5, 6, 11, 6.5 ], "texture": "#undine" },
				"east": { "uv": [ 11, 6, 11.5, 6.5 ], "texture": "#undine" }
			}
		},
		{
			"__comment": "Box1",
			"from": [ 6.8079, 1.7347, 5.6757 ],
			"to": [ 6.99222, 2.4547, 5.86002 ],
			"rotation": { "origin": [ 6.404001, 3.912001, 7.445 ], "axis": "x", "angle": -22.5 },
			"faces": {
				"down": { "uv": [ 11.5, 6, 12, 6.5 ], "texture": "#undine", "rotation": 270 },
				"up": { "uv": [ 12, 6, 12.5, 6.5 ], "texture": "#undine", "rotation": 90 },
				"north": { "uv": [ 12.5, 6, 13, 6.5 ], "texture": "#undine" },
				"south": { "uv": [ 13, 6, 13.5, 6.5 ], "texture": "#undine" },
				"west": { "uv": [ 13.5, 6, 14, 6.5 ], "texture": "#undine" },
				"east": { "uv": [ 14, 6, 14.5, 6.5 ], "texture": "#undine" }
			}
		},
		{
			"__comment": "PlaneX31",
			"from": [ 3.974, -4.52, 1.09 ],
			"to": [ 14.174, 12.88, 1.091199 ],
			"rotation": { "origin": [ 3.974, -4.52, 1.09 ], "axis": "x", "angle": 45 },
			"faces": {
				"north": { "uv": [ 0, 9, 4, 16 ], "texture": "#undine" },
				"south": { "uv": [ 4, 9, 0, 16 ], "texture": "#undine" }
			}
		}
	],
	"display": {
		"gui": {
			"rotation":  [ 0, 180, 0 ],
			"translation":  [ 0, 2.7826, 0 ],
			"scale":  [ 0.7652, 0.8, 0.8 ]
		},
		"head": {
			"translation":  [ -3.478, 4.8975, 0.6958 ],
			"scale":  [ 4, 4, 4 ]
		},
		"ground": {
			"translation":  [ 0, 8.3478, 0 ],
			"scale":  [ 0.8, 0.8, 0.8 ]
		},
		"fixed": {
			"rotation":  [ -90, 0, 0 ],
			"translation":  [ -3.477, -1.39, -48.68 ],
			"scale":  [ 4, 4, 4 ]
		}
	}
}