{
	"__comment": "Designed by Sefreneth with Cubik Studio - https://cubik.studio",
	"textures": {
		"undine": "item/undine"
	},
	"elements": [ 	 
		{
			"__comment": "Box1",
			"from": [ 5.594, -4.27, 4.895 ],
			"to": [ 12.074, -2.11, 11.375 ],
			"faces": {
				"down": { "uv": [ 6.5, 13.5, 9, 16 ], "texture": "#undine", "rotation": 90 },
				"up": { "uv": [ 6.5, 13.5, 9, 16 ], "texture": "#undine", "rotation": 90 },
				"north": { "uv": [ 11.5, 11, 14, 11.5 ], "texture": "#undine" },
				"south": { "uv": [ 11.5, 11, 14, 11.5 ], "texture": "#undine" },
				"west": { "uv": [ 11.5, 11, 14, 11.5 ], "texture": "#undine" },
				"east": { "uv": [ 11.5, 11, 14, 11.5 ], "texture": "#undine" }
			}
		},
		{
			"__comment": "Box1",
			"from": [ 6.134, -2.11, 5.465 ],
			"to": [ 11.534, 0.05000019, 10.505 ],
			"faces": {
				"down": { "uv": [ 6.5, 13.5, 9, 16 ], "texture": "#undine", "rotation": 90 },
				"up": { "uv": [ 2, 0, 4, 2 ], "texture": "#undine", "rotation": 90 },
				"north": { "uv": [ 14, 12.5, 16, 13 ], "texture": "#undine" },
				"south": { "uv": [ 14, 12.5, 16, 13 ], "texture": "#undine" },
				"west": { "uv": [ 14, 12.5, 16, 13 ], "texture": "#undine" },
				"east": { "uv": [ 14, 12.5, 16, 13 ], "texture": "#undine" }
			}
		},
		{
			"__comment": "PlaneX31",
			"from": [ 3.974, -2.2712, -1.785 ],
			"to": [ 14.174, -2.270001, 15.615 ],
			"faces": {
				"down": { "uv": [ 4, 9, 0, 16 ], "texture": "#undine" },
				"up": { "uv": [ 4, 16, 0, 9 ], "texture": "#undine" }
			}
		}
	],
	"display": {
		"gui": {
			"rotation":  [ 0, 180, 0 ],
			"translation":  [ 0, 2.7826, 0 ],
			"scale":  [ 0.7652, 0.8, 0.8 ]
		},
		"head": {
			"translation":  [ -3.478, 4.8975, 0.6958 ],
			"scale":  [ 4, 4, 4 ]
		},
		"ground": {
			"translation":  [ 0, 8.3478, 0 ],
			"scale":  [ 0.8, 0.8, 0.8 ]
		},
		"fixed": {
			"rotation":  [ -90, 0, 0 ],
			"translation":  [ -3.477, -1.39, -48.68 ],
			"scale":  [ 4, 4, 4 ]
		}
	}
}