{
	"__comment": "Designed by Sefreneth with Cubik Studio - https://cubik.studio",
	"textures": {
		"undine2": "item/undine2"
	},
	"elements": [ 	 
		{
			"__comment": "Box1",
			"from": [ 7.934, 9.23, 6.815 ],
			"to": [ 9.734, 11.39, 8.615 ],
			"faces": {
				"down": { "uv": [ 10, 8, 10.5, 8.5 ], "texture": "#undine2", "rotation": 270 },
				"up": { "uv": [ 15, 8.5, 15.5, 9 ], "texture": "#undine2", "rotation": 90 },
				"north": { "uv": [ 9, 14, 10.5, 16 ], "texture": "#undine2" },
				"south": { "uv": [ 15.5, 8.5, 16, 9 ], "texture": "#undine2" },
				"west": { "uv": [ 7, 5.5, 7.5, 6 ], "texture": "#undine2" },
				"east": { "uv": [ 7, 0.5, 7.5, 1 ], "texture": "#undine2" }
			}
		},
		{
			"__comment": "Box1",
			"from": [ 7.034, 6.89, 6.4977 ],
			"to": [ 10.634, 7.97, 8.7153 ],
			"faces": {
				"down": { "uv": [ 9, 13.5, 10.5, 14 ], "texture": "#undine2", "rotation": 270 },
				"up": { "uv": [ 12.5, 3.999999, 14, 5 ], "texture": "#undine2", "rotation": 180 },
				"north": { "uv": [ 11, 11.5, 12.5, 12 ], "texture": "#undine2" },
				"south": { "uv": [ 14.5, 5.5, 16, 6 ], "texture": "#undine2" },
				"west": { "uv": [ 7, 0, 7.5, 0.5 ], "texture": "#undine2" },
				"east": { "uv": [ 7.5, 8, 8, 8.5 ], "texture": "#undine2" }
			}
		},
		{
			"__comment": "Box1",
			"from": [ 7.1852, 2.81, 6.5522 ],
			"to": [ 10.5872, 4.25, 9.1982 ],
			"faces": {
				"down": { "uv": [ 12, 14.5, 13.5, 16 ], "texture": "#undine2", "rotation": 90 },
				"up": { "uv": [ 4.5, 10, 5.5, 11 ], "texture": "#undine2", "rotation": 90 },
				"north": { "uv": [ 13.5, 13.5, 14.5, 14 ], "texture": "#undine2" },
				"south": { "uv": [ 13.5, 13.5, 14.5, 14 ], "texture": "#undine2" },
				"west": { "uv": [ 13.5, 13.5, 14.5, 14 ], "texture": "#undine2" },
				"east": { "uv": [ 13.5, 13.5, 14.5, 14 ], "texture": "#undine2" }
			}
		},
		{
			"__comment": "Box1",
			"from": [ 5.594, -4.27, 4.895 ],
			"to": [ 12.074, -2.11, 11.375 ],
			"faces": {
				"down": { "uv": [ 6.5, 13.5, 9, 16 ], "texture": "#undine2", "rotation": 90 },
				"up": { "uv": [ 6.5, 13.5, 9, 16 ], "texture": "#undine2", "rotation": 90 },
				"north": { "uv": [ 11.5, 11, 14, 11.5 ], "texture": "#undine2" },
				"south": { "uv": [ 11.5, 11, 14, 11.5 ], "texture": "#undine2" },
				"west": { "uv": [ 11.5, 11, 14, 11.5 ], "texture": "#undine2" },
				"east": { "uv": [ 11.5, 11, 14, 11.5 ], "texture": "#undine2" }
			}
		},
		{
			"__comment": "Box1",
			"from": [ 7.376, 6.74, 6.7726 ],
			"to": [ 10.256, 8.18, 8.76844 ],
			"faces": {
				"down": { "uv": [ 13.5, 10, 14.5, 10.5 ], "texture": "#undine2", "rotation": 270 },
				"up": { "uv": [ 6.5, 10, 7.5, 11 ], "texture": "#undine2", "rotation": 180 },
				"north": { "uv": [ 6.5, 9, 7.5, 9.5 ], "texture": "#undine2" },
				"south": { "uv": [ 13.5, 9.5, 14.5, 10 ], "texture": "#undine2" },
				"west": { "uv": [ 9, 8, 9.5, 8.5 ], "texture": "#undine2" },
				"east": { "uv": [ 9.5, 8, 10, 8.5 ], "texture": "#undine2" }
			}
		},
		{
			"__comment": "Box1",
			"from": [ 7.5515, 6.02, 6.815 ],
			"to": [ 10.0715, 6.74, 8.810841 ],
			"faces": {
				"down": { "uv": [ 7.5, 9.5, 8.5, 10 ], "texture": "#undine2", "rotation": 270 },
				"up": { "uv": [ 11.5, 9.5, 12.5, 10 ], "texture": "#undine2", "rotation": 90 },
				"north": { "uv": [ 7.5, 9, 8.5, 9.5 ], "texture": "#undine2" },
				"south": { "uv": [ 8.5, 10, 9.5, 10.5 ], "texture": "#undine2" },
				"west": { "uv": [ 10.5, 8, 11, 8.5 ], "texture": "#undine2" },
				"east": { "uv": [ 11, 8, 10.5, 8.5 ], "texture": "#undine2" }
			}
		},
		{
			"__comment": "Box1",
			"from": [ 7.754, 5, 6.545 ],
			"to": [ 9.914, 6.08, 8.597 ],
			"faces": {
				"down": { "uv": [ 11.5, 8, 12, 8.5 ], "texture": "#undine2", "rotation": 270 },
				"up": { "uv": [ 12, 8, 12.5, 8.5 ], "texture": "#undine2", "rotation": 90 },
				"north": { "uv": [ 14, 4.499999, 15, 5 ], "texture": "#undine2" },
				"south": { "uv": [ 13, 8, 13.5, 8.5 ], "texture": "#undine2" },
				"west": { "uv": [ 10.5, 4, 11, 4.5 ], "texture": "#undine2" },
				"east": { "uv": [ 11, 4, 10.5, 4.5 ], "texture": "#undine2" }
			}
		},
		{
			"__comment": "Box1",
			"from": [ 6.674, -0.04, 6.095 ],
			"to": [ 10.994, 2.84, 9.695 ],
			"faces": {
				"down": { "uv": [ 2, 0, 4, 2 ], "texture": "#undine2", "rotation": 90 },
				"up": { "uv": [ 12, 14.5, 13.5, 16 ], "texture": "#undine2", "rotation": 90 },
				"north": { "uv": [ 12.5, 12.5, 14, 13.5 ], "texture": "#undine2" },
				"south": { "uv": [ 12.5, 12.5, 14, 13.5 ], "texture": "#undine2" },
				"west": { "uv": [ 12.5, 12.5, 14, 13.5 ], "texture": "#undine2" },
				"east": { "uv": [ 12.5, 12.5, 14, 13.5 ], "texture": "#undine2" }
			}
		},
		{
			"__comment": "Box1",
			"from": [ 7.5965, 4.19, 6.545 ],
			"to": [ 10.1165, 5, 8.938999 ],
			"faces": {
				"down": { "uv": [ 9.5, 10, 10.5, 10.5 ], "texture": "#undine2", "rotation": 270 },
				"up": { "uv": [ 11, 4.999999, 12, 6 ], "texture": "#undine2", "rotation": 90 },
				"north": { "uv": [ 11.5, 10, 12.5, 10.5 ], "texture": "#undine2" },
				"south": { "uv": [ 11.5, 10, 12.5, 10.5 ], "texture": "#undine2" },
				"west": { "uv": [ 11.5, 10, 12.5, 10.5 ], "texture": "#undine2" },
				"east": { "uv": [ 11.5, 10, 12.5, 10.5 ], "texture": "#undine2" }
			}
		},
		{
			"__comment": "Box1",
			"from": [ 6.1725, 8.6975, 5.5865 ],
			"to": [ 7.098464, 9.623465, 7.854497 ],
			"rotation": { "origin": [ 6.1725, 8.6975, 5.5865 ], "axis": "x", "angle": 45 },
			"faces": {
				"down": { "uv": [ 7.5, 6.5, 8, 7 ], "texture": "#undine2" },
				"up": { "uv": [ 8, 7, 7.5, 6.5 ], "texture": "#undine2" },
				"north": { "uv": [ 16, 8.5, 15.5, 8 ], "texture": "#undine2", "rotation": 270 },
				"south": { "uv": [ 7.5, 7, 8, 7.5 ], "texture": "#undine2", "rotation": 90 },
				"west": { "uv": [ 7.5, 6.5, 8, 7 ], "texture": "#undine2", "rotation": 90 },
				"east": { "uv": [ 7.5, 6.5, 8, 7 ], "texture": "#undine2", "rotation": 270 }
			}
		},
		{
			"__comment": "Box1",
			"from": [ 10.5825, 8.6975, 5.5865 ],
			"to": [ 11.50846, 9.623465, 7.854497 ],
			"rotation": { "origin": [ 6.1725, 8.6975, 5.5865 ], "axis": "x", "angle": 45 },
			"faces": {
				"down": { "uv": [ 7.5, 6.5, 8, 7 ], "texture": "#undine2" },
				"up": { "uv": [ 8, 7, 7.5, 6.5 ], "texture": "#undine2" },
				"north": { "uv": [ 8, 5, 7.5, 4.5 ], "texture": "#undine2", "rotation": 270 },
				"south": { "uv": [ 7.5, 4, 8, 4.5 ], "texture": "#undine2", "rotation": 90 },
				"west": { "uv": [ 7.5, 6.5, 8, 7 ], "texture": "#undine2", "rotation": 90 },
				"east": { "uv": [ 7.5, 6.5, 8, 7 ], "texture": "#undine2", "rotation": 270 }
			}
		},
		{
			"__comment": "Box1",
			"from": [ 10.7249, 8.6202, 5.7556 ],
			"to": [ 11.44139, 10.8882, 6.472094 ],
			"rotation": { "origin": [ 6.1725, 8.6975, 5.5865 ], "axis": "x", "angle": -22.5 },
			"faces": {
				"down": { "uv": [ 15, 6, 15.5, 6.5 ], "texture": "#undine2", "rotation": 90 },
				"up": { "uv": [ 14.5, 6, 15, 6.5 ], "texture": "#undine2", "rotation": 270 },
				"north": { "uv": [ 8, 1.5, 7.5, 1 ], "texture": "#undine2" },
				"south": { "uv": [ 8, 1.5, 7.5, 1 ], "texture": "#undine2" },
				"west": { "uv": [ 7.5, 1, 8, 1.5 ], "texture": "#undine2", "rotation": 180 },
				"east": { "uv": [ 7.5, 1, 8, 1.5 ], "texture": "#undine2", "rotation": 180 }
			}
		},
		{
			"__comment": "Box1",
			"from": [ 6.134, -2.11, 5.465 ],
			"to": [ 11.534, 0.05000019, 10.505 ],
			"faces": {
				"down": { "uv": [ 6.5, 13.5, 9, 16 ], "texture": "#undine2", "rotation": 90 },
				"up": { "uv": [ 2, 0, 4, 2 ], "texture": "#undine2", "rotation": 90 },
				"north": { "uv": [ 14, 12.5, 16, 13 ], "texture": "#undine2" },
				"south": { "uv": [ 14, 12.5, 16, 13 ], "texture": "#undine2" },
				"west": { "uv": [ 14, 12.5, 16, 13 ], "texture": "#undine2" },
				"east": { "uv": [ 14, 12.5, 16, 13 ], "texture": "#undine2" }
			}
		},
		{
			"__comment": "Box1",
			"from": [ 8.294, 8.15, 7.355 ],
			"to": [ 9.374, 9.23, 8.435 ],
			"faces": {
				"down": { "uv": [ 4, 0.5, 4.5, 1 ], "texture": "#undine2", "rotation": 270 },
				"up": { "uv": [ 4, 0, 4.5, 0.5 ], "texture": "#undine2", "rotation": 90 },
				"north": { "uv": [ 4.5, 3, 5.5, 4 ], "texture": "#undine2" },
				"south": { "uv": [ 5.5, 0.5, 6, 1 ], "texture": "#undine2" },
				"west": { "uv": [ 5.5, 0, 6, 0.5 ], "texture": "#undine2" },
				"east": { "uv": [ 6, 3.5, 6.5, 4 ], "texture": "#undine2" }
			}
		},
		{
			"__comment": "Box1",
			"from": [ 9.068, 6.26, 5.765 ],
			"to": [ 9.932, 7.34, 6.485 ],
			"faces": {
				"down": { "uv": [ 9.5, 5.5, 10, 5 ], "texture": "#undine2", "rotation": 270 },
				"up": { "uv": [ 6.5, 7, 7, 6.5 ], "texture": "#undine2", "rotation": 90 },
				"north": { "uv": [ 7, 6, 6.5, 6.5 ], "texture": "#undine2" },
				"south": { "uv": [ 6, 1.5, 6.5, 2 ], "texture": "#undine2" },
				"west": { "uv": [ 7, 5, 6.5, 5.5 ], "texture": "#undine2" },
				"east": { "uv": [ 7, 5.5, 6.5, 6 ], "texture": "#undine2" }
			}
		},
		{
			"__comment": "Box1",
			"from": [ 8.888, 6.17, 6.041 ],
			"to": [ 10.184, 7.61, 6.905 ],
			"faces": {
				"down": { "uv": [ 6.5, 3, 7, 2.5 ], "texture": "#undine2", "rotation": 270 },
				"up": { "uv": [ 6.5, 2.5, 7, 2 ], "texture": "#undine2", "rotation": 90 },
				"north": { "uv": [ 5.5, 2, 4.5, 3 ], "texture": "#undine2" },
				"south": { "uv": [ 15.5, 9.5, 16, 10 ], "texture": "#undine2" },
				"west": { "uv": [ 7, 0.5, 6.5, 1 ], "texture": "#undine2" },
				"east": { "uv": [ 7, 1, 6.5, 1.5 ], "texture": "#undine2" }
			}
		},
		{
			"__comment": "Box1",
			"from": [ 8.8412, 5.99, 6.455 ],
			"to": [ 9.9212, 6.35, 6.815 ],
			"faces": {
				"down": { "uv": [ 11.5, 9, 12, 9.5 ], "texture": "#undine2", "rotation": 270 },
				"up": { "uv": [ 12, 9, 12.5, 9.5 ], "texture": "#undine2", "rotation": 90 },
				"north": { "uv": [ 12.5, 9, 13, 9.5 ], "texture": "#undine2" },
				"south": { "uv": [ 13, 9, 13.5, 9.5 ], "texture": "#undine2" },
				"west": { "uv": [ 13.5, 9, 14, 9.5 ], "texture": "#undine2" },
				"east": { "uv": [ 14, 9, 14.5, 9.5 ], "texture": "#undine2" }
			}
		},
		{
			"__comment": "Box1",
			"from": [ 8.653999, 6.182, 6.215 ],
			"to": [ 9.013999, 7.622, 6.934999 ],
			"faces": {
				"down": { "uv": [ 14.5, 9, 15, 9.5 ], "texture": "#undine2", "rotation": 270 },
				"up": { "uv": [ 15, 9, 15.5, 9.5 ], "texture": "#undine2", "rotation": 90 },
				"north": { "uv": [ 15.5, 9, 16, 9.5 ], "texture": "#undine2" },
				"south": { "uv": [ 6.5, 8.5, 7, 9 ], "texture": "#undine2" },
				"west": { "uv": [ 6.5, 8, 7, 8.5 ], "texture": "#undine2" },
				"east": { "uv": [ 6.5, 7.5, 7, 8 ], "texture": "#undine2" }
			}
		},
		{
			"__comment": "Box1",
			"from": [ 7.718, 6.26, 5.765 ],
			"to": [ 8.582, 7.34, 6.485 ],
			"faces": {
				"down": { "uv": [ 9.5, 5, 10, 5.5 ], "texture": "#undine2", "rotation": 270 },
				"up": { "uv": [ 6.5, 6.5, 7, 7 ], "texture": "#undine2", "rotation": 90 },
				"north": { "uv": [ 6.5, 6, 7, 6.5 ], "texture": "#undine2" },
				"south": { "uv": [ 14, 8.5, 14.5, 9 ], "texture": "#undine2" },
				"west": { "uv": [ 6.5, 5.5, 7, 6 ], "texture": "#undine2" },
				"east": { "uv": [ 6.5, 5, 7, 5.5 ], "texture": "#undine2" }
			}
		},
		{
			"__comment": "Box1",
			"from": [ 7.5968, 7.43, 6.275 ],
			"to": [ 10.1168, 7.79, 6.994998 ],
			"faces": {
				"down": { "uv": [ 12.5, 9.5, 13.5, 10 ], "texture": "#undine2", "rotation": 270 },
				"up": { "uv": [ 8.5, 9.5, 9.5, 10 ], "texture": "#undine2", "rotation": 180 },
				"north": { "uv": [ 9, 13, 12.5, 13.5 ], "texture": "#undine2", "rotation": 180 },
				"south": { "uv": [ 10.5, 9.5, 11.5, 10 ], "texture": "#undine2" },
				"west": { "uv": [ 6.5, 4.5, 7, 5 ], "texture": "#undine2" },
				"east": { "uv": [ 6.5, 4, 7, 4.5 ], "texture": "#undine2" }
			}
		},
		{
			"__comment": "Box1",
			"from": [ 7.604, 7.79, 6.365 ],
			"to": [ 10.124, 8.15, 7.085 ],
			"faces": {
				"down": { "uv": [ 7.5, 10, 8.5, 10.5 ], "texture": "#undine2", "rotation": 270 },
				"up": { "uv": [ 12.5, 10.5, 13.5, 11 ], "texture": "#undine2", "rotation": 180 },
				"north": { "uv": [ 12.5, 5.5, 14.5, 6 ], "texture": "#undine2", "rotation": 180 },
				"south": { "uv": [ 14.5, 9.5, 15.5, 10 ], "texture": "#undine2" },
				"west": { "uv": [ 6.5, 3.5, 7, 4 ], "texture": "#undine2" },
				"east": { "uv": [ 6.5, 3, 7, 3.5 ], "texture": "#undine2" }
			}
		},
		{
			"__comment": "Box1",
			"from": [ 7.43, 6.17, 6.041 ],
			"to": [ 8.726, 7.61, 6.905 ],
			"faces": {
				"down": { "uv": [ 6.5, 2.5, 7, 3 ], "texture": "#undine2", "rotation": 270 },
				"up": { "uv": [ 6.5, 2, 7, 2.5 ], "texture": "#undine2", "rotation": 90 },
				"north": { "uv": [ 4.5, 2, 5.5, 3 ], "texture": "#undine2" },
				"south": { "uv": [ 6.5, 1.5, 7, 2 ], "texture": "#undine2" },
				"west": { "uv": [ 6.5, 1, 7, 1.5 ], "texture": "#undine2" },
				"east": { "uv": [ 6.5, 0.5, 7, 1 ], "texture": "#undine2" }
			}
		},
		{
			"__comment": "Box1",
			"from": [ 7.5668, 5.99, 6.455 ],
			"to": [ 8.646799, 6.35, 6.815 ],
			"faces": {
				"down": { "uv": [ 6.5, 0, 7, 0.5 ], "texture": "#undine2", "rotation": 270 },
				"up": { "uv": [ 7, 8.5, 7.5, 9 ], "texture": "#undine2", "rotation": 90 },
				"north": { "uv": [ 7.5, 8.5, 8, 9 ], "texture": "#undine2" },
				"south": { "uv": [ 8, 8.5, 8.5, 9 ], "texture": "#undine2" },
				"west": { "uv": [ 8.5, 8.5, 9, 9 ], "texture": "#undine2" },
				"east": { "uv": [ 9, 8.5, 9.5, 9 ], "texture": "#undine2" }
			}
		},
		{
			"__comment": "Box1",
			"from": [ 9.0046, 9.5552, 6.8426 ],
			"to": [ 9.140649, 9.700999, 6.9884 ],
			"rotation": { "origin": [ 8.5352, 9.555201, 6.8426 ], "axis": "x", "angle": -45 },
			"faces": {
				"down": { "uv": [ 9.5, 8.5, 10, 9 ], "texture": "#undine2", "rotation": 90 },
				"up": { "uv": [ 10, 8.5, 10.5, 9 ], "texture": "#undine2", "rotation": 270 },
				"north": { "uv": [ 10.5, 8.5, 11, 9 ], "texture": "#undine2", "rotation": 90 },
				"south": { "uv": [ 11, 8.5, 11.5, 9 ], "texture": "#undine2", "rotation": 270 },
				"west": { "uv": [ 11.5, 8.5, 12, 9 ], "texture": "#undine2" },
				"east": { "uv": [ 12, 8.5, 12.5, 9 ], "texture": "#undine2" }
			}
		},
		{
			"__comment": "Box1",
			"from": [ 8.6756, 9.969999, 6.8634 ],
			"to": [ 8.9672, 11.05, 7.155 ],
			"rotation": { "origin": [ 8.6756, 10.67, 6.815 ], "axis": "x", "angle": 22.5 },
			"faces": {
				"down": { "uv": [ 12.5, 8.5, 13, 9 ], "texture": "#undine2", "rotation": 90 },
				"up": { "uv": [ 6, 5.5, 6.5, 7 ], "texture": "#undine2", "rotation": 270 },
				"north": { "uv": [ 6, 4, 6.5, 5.5 ], "texture": "#undine2" },
				"south": { "uv": [ 13, 8.5, 13.5, 9 ], "texture": "#undine2", "rotation": 270 },
				"west": { "uv": [ 13.5, 8.5, 14, 9 ], "texture": "#undine2" },
				"east": { "uv": [ 7.5, 7.5, 8, 8 ], "texture": "#undine2" }
			}
		},
		{
			"__comment": "Box1",
			"from": [ 8.624499, 9.5918, 6.803 ],
			"to": [ 9.044403, 9.737599, 6.9488 ],
			"rotation": { "origin": [ 8.624481, 9.591799, 6.803 ], "axis": "x", "angle": -45 },
			"faces": {
				"down": { "uv": [ 14.5, 8.5, 15, 9 ], "texture": "#undine2", "rotation": 90 },
				"up": { "uv": [ 14.5, 10, 15.5, 10.5 ], "texture": "#undine2" },
				"north": { "uv": [ 6.5, 9.5, 7.5, 10 ], "texture": "#undine2", "rotation": 180 },
				"south": { "uv": [ 7, 8, 7.5, 8.5 ], "texture": "#undine2", "rotation": 270 },
				"west": { "uv": [ 7, 7.5, 7.5, 8 ], "texture": "#undine2" },
				"east": { "uv": [ 7, 7, 7.5, 7.5 ], "texture": "#undine2" }
			}
		},
		{
			"__comment": "Box1",
			"from": [ 8.6677, 9.41, 6.803 ],
			"to": [ 9.007822, 9.555799, 6.9488 ],
			"rotation": { "origin": [ 8.66768, 9.410001, 6.803 ], "axis": "x", "angle": -22.5 },
			"faces": {
				"down": { "uv": [ 7, 6.5, 7.5, 7 ], "texture": "#undine2", "rotation": 90 },
				"up": { "uv": [ 7, 6, 7.5, 6.5 ], "texture": "#undine2", "rotation": 270 },
				"north": { "uv": [ 9.5, 9.5, 10.5, 10 ], "texture": "#undine2", "rotation": 180 },
				"south": { "uv": [ 7, 5, 7.5, 5.5 ], "texture": "#undine2", "rotation": 270 },
				"west": { "uv": [ 7, 4.5, 7.5, 5 ], "texture": "#undine2" },
				"east": { "uv": [ 7, 4, 7.5, 4.5 ], "texture": "#undine2" }
			}
		},
		{
			"__comment": "Box1",
			"from": [ 8.5352, 9.5552, 6.8426 ],
			"to": [ 8.671249, 9.700999, 6.9884 ],
			"rotation": { "origin": [ 8.5352, 9.555201, 6.8426 ], "axis": "x", "angle": -45 },
			"faces": {
				"down": { "uv": [ 7, 3.5, 7.5, 4 ], "texture": "#undine2", "rotation": 90 },
				"up": { "uv": [ 7, 3, 7.5, 3.5 ], "texture": "#undine2", "rotation": 270 },
				"north": { "uv": [ 7, 2.5, 7.5, 3 ], "texture": "#undine2", "rotation": 90 },
				"south": { "uv": [ 7, 2, 7.5, 2.5 ], "texture": "#undine2", "rotation": 270 },
				"west": { "uv": [ 7, 1.5, 7.5, 2 ], "texture": "#undine2" },
				"east": { "uv": [ 7, 1, 7.5, 1.5 ], "texture": "#undine2" }
			}
		},
		{
			"__comment": "PlaneX31",
			"from": [ 7.586, 3.29, 10.397 ],
			"to": [ 10.106, 8.33, 10.3982 ],
			"rotation": { "origin": [ 10.106, 3.29, 10.397 ], "axis": "x", "angle": -22.5 },
			"faces": {
				"north": { "uv": [ 5, 11.5, 4, 13.5 ], "texture": "#undine2" },
				"south": { "uv": [ 4, 11.5, 5, 13.5 ], "texture": "#undine2" }
			}
		},
		{
			"__comment": "PlaneX31",
			"from": [ 7.574, 7.88, 6.725 ],
			"to": [ 10.094, 11.48, 6.7262 ],
			"faces": {
				"north": { "uv": [ 10, 11.5, 11, 13 ], "texture": "#undine2" },
				"south": { "uv": [ 9, 11.5, 10, 13 ], "texture": "#undine2" }
			}
		},
		{
			"__comment": "PlaneX31",
			"from": [ 10.004, 6.44, 6.725 ],
			"to": [ 10.0052, 11.48, 8.885 ],
			"faces": {
				"west": { "uv": [ 5, 11.5, 4, 13.5 ], "texture": "#undine2" },
				"east": { "uv": [ 4, 11.5, 5, 13.5 ], "texture": "#undine2" }
			}
		},
		{
			"__comment": "PlaneX31",
			"from": [ 9.943999, 3.74, 8.987 ],
			"to": [ 12.104, 8.780001, 8.988196 ],
			"faces": {
				"north": { "uv": [ 5, 7, 6, 9 ], "texture": "#undine2" },
				"south": { "uv": [ 6, 7, 5, 9 ], "texture": "#undine2" }
			}
		},
		{
			"__comment": "PlaneX31",
			"from": [ 7.682, 11.48, 6.725 ],
			"to": [ 10.202, 11.4812, 8.885 ],
			"faces": {
				"down": { "uv": [ 15.5, 10.5, 14.5, 11.5 ], "texture": "#undine2", "rotation": 270 },
				"up": { "uv": [ 14.5, 10.5, 15.5, 11.5 ], "texture": "#undine2", "rotation": 270 }
			}
		},
		{
			"__comment": "PlaneX31",
			"from": [ 7.754, 6.44, 6.725 ],
			"to": [ 7.755198, 11.48, 8.885 ],
			"faces": {
				"west": { "uv": [ 5, 11.5, 4, 13.5 ], "texture": "#undine2" },
				"east": { "uv": [ 4, 11.5, 5, 13.5 ], "texture": "#undine2" }
			}
		},
		{
			"__comment": "PlaneX31",
			"from": [ 10.394, 3.74, 7.097 ],
			"to": [ 12.554, 8.780001, 7.098197 ],
			"faces": {
				"north": { "uv": [ 5, 7, 4, 9 ], "texture": "#undine2" },
				"south": { "uv": [ 4, 7, 5, 9 ], "texture": "#undine2" }
			}
		},
		{
			"__comment": "PlaneX31",
			"from": [ 10.394, 3.74, 7.817 ],
			"to": [ 12.554, 8.780001, 7.8182 ],
			"faces": {
				"north": { "uv": [ 6, 7, 7, 9 ], "texture": "#undine2" },
				"south": { "uv": [ 7, 7, 6, 9 ], "texture": "#undine2" }
			}
		},
		{
			"__comment": "PlaneX31",
			"from": [ 4.844, 4.25, 7.817 ],
			"to": [ 7.004, 9.290001, 7.8182 ],
			"faces": {
				"north": { "uv": [ 7, 7, 6, 9 ], "texture": "#undine2" },
				"south": { "uv": [ 6, 7, 7, 9 ], "texture": "#undine2" }
			}
		},
		{
			"__comment": "PlaneX31",
			"from": [ 9.914, 6.44, 5.645 ],
			"to": [ 9.915199, 11.48, 7.805 ],
			"faces": {
				"west": { "uv": [ 13.5, 14, 14.5, 16 ], "texture": "#undine2" },
				"east": { "uv": [ 5, 11.5, 6, 13.5 ], "texture": "#undine2" }
			}
		},
		{
			"__comment": "PlaneX31",
			"from": [ 4.994, 4.25, 7.145 ],
			"to": [ 7.154, 9.290001, 7.1462 ],
			"faces": {
				"north": { "uv": [ 4, 7, 5, 9 ], "texture": "#undine2" },
				"south": { "uv": [ 5, 7, 4, 9 ], "texture": "#undine2" }
			}
		},
		{
			"__comment": "PlaneX31",
			"from": [ 7.7612, 6.44, 5.645 ],
			"to": [ 7.7624, 11.48, 7.805 ],
			"faces": {
				"west": { "uv": [ 14.5, 14, 15.5, 16 ], "texture": "#undine2" },
				"east": { "uv": [ 8, 11.5, 9, 13.5 ], "texture": "#undine2" }
			}
		},
		{
			"__comment": "PlaneX31",
			"from": [ 8.936, 3.59, 7.745 ],
			"to": [ 8.9372, 8.63, 9.905 ],
			"faces": {
				"west": { "uv": [ 7, 7, 6, 9 ], "texture": "#undine2" },
				"east": { "uv": [ 6, 7, 7, 9 ], "texture": "#undine2" }
			}
		},
		{
			"__comment": "PlaneX31",
			"from": [ 7.946, 3.59, 8.195 ],
			"to": [ 7.947197, 8.63, 10.355 ],
			"faces": {
				"west": { "uv": [ 4, 7, 5, 9 ], "texture": "#undine2" },
				"east": { "uv": [ 5, 7, 4, 9 ], "texture": "#undine2" }
			}
		},
		{
			"__comment": "PlaneX31",
			"from": [ 10.106, 3.59, 7.745 ],
			"to": [ 10.1072, 8.63, 9.905 ],
			"faces": {
				"west": { "uv": [ 6, 7, 5, 9 ], "texture": "#undine2" },
				"east": { "uv": [ 5, 7, 6, 9 ], "texture": "#undine2" }
			}
		},
		{
			"__comment": "Box1",
			"from": [ 6.2249, 8.719, 5.6749 ],
			"to": [ 6.941394, 10.987, 6.391394 ],
			"rotation": { "origin": [ 6.1725, 8.6975, 5.5865 ], "axis": "x", "angle": -22.5 },
			"faces": {
				"down": { "uv": [ 7.5, 1.5, 8, 2 ], "texture": "#undine2", "rotation": 90 },
				"up": { "uv": [ 7.5, 2, 8, 2.5 ], "texture": "#undine2", "rotation": 270 },
				"north": { "uv": [ 8, 1.5, 7.5, 1 ], "texture": "#undine2" },
				"south": { "uv": [ 8, 1.5, 7.5, 1 ], "texture": "#undine2" },
				"west": { "uv": [ 7.5, 1, 8, 1.5 ], "texture": "#undine2", "rotation": 180 },
				"east": { "uv": [ 7.5, 1, 8, 1.5 ], "texture": "#undine2", "rotation": 180 }
			}
		},
		{
			"__comment": "Box1",
			"from": [ 11.1668, 11.2331, 5.611 ],
			"to": [ 11.35112, 11.8091, 5.79532 ],
			"faces": {
				"down": { "uv": [ 10.5, 8, 10, 7.5 ], "texture": "#undine2", "rotation": 90 },
				"up": { "uv": [ 9.5, 7.5, 10, 8 ], "texture": "#undine2", "rotation": 270 },
				"north": { "uv": [ 9.5, 8, 9, 7.5 ], "texture": "#undine2", "rotation": 180 },
				"south": { "uv": [ 8.5, 7.5, 9, 8 ], "texture": "#undine2", "rotation": 180 },
				"west": { "uv": [ 11, 7.5, 11.5, 8 ], "texture": "#undine2", "rotation": 180 },
				"east": { "uv": [ 10.5, 7.5, 11, 8 ], "texture": "#undine2", "rotation": 180 }
			}
		},
		{
			"__comment": "Box1",
			"from": [ 10.9688, 11.0436, 3.9143 ],
			"to": [ 11.15312, 11.7636, 4.09862 ],
			"rotation": { "origin": [ 6.1725, 8.6975, 5.5865 ], "axis": "x", "angle": 22.5 },
			"faces": {
				"down": { "uv": [ 12.5, 8, 12, 7.5 ], "texture": "#undine2", "rotation": 90 },
				"up": { "uv": [ 12, 8, 11.5, 7.5 ], "texture": "#undine2", "rotation": 270 },
				"north": { "uv": [ 12.5, 7.5, 13, 8 ], "texture": "#undine2", "rotation": 180 },
				"south": { "uv": [ 13, 7.5, 13.5, 8 ], "texture": "#undine2", "rotation": 180 },
				"west": { "uv": [ 14, 7.5, 14.5, 8 ], "texture": "#undine2", "rotation": 180 },
				"east": { "uv": [ 13.5, 7.5, 14, 8 ], "texture": "#undine2", "rotation": 180 }
			}
		},
		{
			"__comment": "Box1",
			"from": [ 10.5908, 11.0436, 3.9143 ],
			"to": [ 10.77512, 11.7636, 4.09862 ],
			"rotation": { "origin": [ 6.1725, 8.6975, 5.5865 ], "axis": "x", "angle": 22.5 },
			"faces": {
				"down": { "uv": [ 15.5, 8, 15, 7.5 ], "texture": "#undine2", "rotation": 90 },
				"up": { "uv": [ 15, 8, 14.5, 7.5 ], "texture": "#undine2", "rotation": 270 },
				"north": { "uv": [ 15.5, 7.5, 16, 8 ], "texture": "#undine2", "rotation": 180 },
				"south": { "uv": [ 8, 7, 8.5, 7.5 ], "texture": "#undine2", "rotation": 180 },
				"west": { "uv": [ 8, 6, 8.5, 6.5 ], "texture": "#undine2", "rotation": 180 },
				"east": { "uv": [ 8, 6.5, 8.5, 7 ], "texture": "#undine2", "rotation": 180 }
			}
		},
		{
			"__comment": "Box1",
			"from": [ 10.5562, 10.8142, 4.949 ],
			"to": [ 10.7866, 11.5342, 5.1794 ],
			"faces": {
				"down": { "uv": [ 8.5, 5.5, 8, 5 ], "texture": "#undine2", "rotation": 90 },
				"up": { "uv": [ 8.5, 6, 8, 5.5 ], "texture": "#undine2", "rotation": 270 },
				"north": { "uv": [ 8, 4.5, 8.5, 5 ], "texture": "#undine2", "rotation": 180 },
				"south": { "uv": [ 8, 4, 8.5, 4.5 ], "texture": "#undine2", "rotation": 180 },
				"west": { "uv": [ 10, 6.5, 10.5, 7 ], "texture": "#undine2", "rotation": 180 },
				"east": { "uv": [ 8, 3.5, 8.5, 4 ], "texture": "#undine2", "rotation": 180 }
			}
		},
		{
			"__comment": "Box1",
			"from": [ 10.9162, 10.8142, 4.949 ],
			"to": [ 11.1466, 11.5342, 5.1794 ],
			"faces": {
				"down": { "uv": [ 8.5, 2.5, 8, 2 ], "texture": "#undine2", "rotation": 90 },
				"up": { "uv": [ 8.5, 3, 8, 2.5 ], "texture": "#undine2", "rotation": 270 },
				"north": { "uv": [ 8, 1.5, 8.5, 2 ], "texture": "#undine2", "rotation": 180 },
				"south": { "uv": [ 8, 1, 8.5, 1.5 ], "texture": "#undine2", "rotation": 180 },
				"west": { "uv": [ 8, 0, 8.5, 0.5 ], "texture": "#undine2", "rotation": 180 },
				"east": { "uv": [ 8, 0.5, 8.5, 1 ], "texture": "#undine2", "rotation": 180 }
			}
		},
		{
			"__comment": "Box1",
			"from": [ 11.1862, 10.613, 4.6005 ],
			"to": [ 11.4166, 11.189, 4.8309 ],
			"rotation": { "origin": [ 6.1725, 8.6975, 5.5865 ], "axis": "x", "angle": 22.5 },
			"faces": {
				"down": { "uv": [ 9.5, 7.5, 9, 7 ], "texture": "#undine2", "rotation": 90 },
				"up": { "uv": [ 9, 7.5, 8.5, 7 ], "texture": "#undine2", "rotation": 270 },
				"north": { "uv": [ 9.5, 7, 10, 7.5 ], "texture": "#undine2", "rotation": 180 },
				"south": { "uv": [ 10, 7, 10.5, 7.5 ], "texture": "#undine2", "rotation": 180 },
				"west": { "uv": [ 11, 7, 11.5, 7.5 ], "texture": "#undine2", "rotation": 180 },
				"east": { "uv": [ 10.5, 7, 11, 7.5 ], "texture": "#undine2", "rotation": 180 }
			}
		},
		{
			"__comment": "Box1",
			"from": [ 11.2762, 10.8142, 4.949 ],
			"to": [ 11.5066, 11.5342, 5.1794 ],
			"faces": {
				"down": { "uv": [ 12.5, 7.5, 12, 7 ], "texture": "#undine2", "rotation": 90 },
				"up": { "uv": [ 12, 7.5, 11.5, 7 ], "texture": "#undine2", "rotation": 270 },
				"north": { "uv": [ 12.5, 7, 13, 7.5 ], "texture": "#undine2", "rotation": 180 },
				"south": { "uv": [ 13, 7, 13.5, 7.5 ], "texture": "#undine2", "rotation": 180 },
				"west": { "uv": [ 14, 7, 14.5, 7.5 ], "texture": "#undine2", "rotation": 180 },
				"east": { "uv": [ 13.5, 7, 14, 7.5 ], "texture": "#undine2", "rotation": 180 }
			}
		},
		{
			"__comment": "Box1",
			"from": [ 11.2568, 11.0436, 3.9143 ],
			"to": [ 11.44112, 11.7636, 4.09862 ],
			"rotation": { "origin": [ 6.1725, 8.6975, 5.5865 ], "axis": "x", "angle": 22.5 },
			"faces": {
				"down": { "uv": [ 15.5, 7.5, 15, 7 ], "texture": "#undine2", "rotation": 90 },
				"up": { "uv": [ 15, 7.5, 14.5, 7 ], "texture": "#undine2", "rotation": 270 },
				"north": { "uv": [ 15.5, 7, 16, 7.5 ], "texture": "#undine2", "rotation": 180 },
				"south": { "uv": [ 8.5, 6.5, 9, 7 ], "texture": "#undine2", "rotation": 180 },
				"west": { "uv": [ 8.5, 5.5, 9, 6 ], "texture": "#undine2", "rotation": 180 },
				"east": { "uv": [ 8.5, 6, 9, 6.5 ], "texture": "#undine2", "rotation": 180 }
			}
		},
		{
			"__comment": "Box1",
			"from": [ 6.1368, 11.4108, 5.5663 ],
			"to": [ 6.32112, 11.9868, 5.75062 ],
			"faces": {
				"down": { "uv": [ 9, 5, 8.5, 4.5 ], "texture": "#undine2", "rotation": 90 },
				"up": { "uv": [ 9, 5.5, 8.5, 5 ], "texture": "#undine2", "rotation": 270 },
				"north": { "uv": [ 8.5, 4, 9, 4.5 ], "texture": "#undine2", "rotation": 180 },
				"south": { "uv": [ 8.5, 3.5, 9, 4 ], "texture": "#undine2", "rotation": 180 },
				"west": { "uv": [ 8.5, 2.5, 9, 3 ], "texture": "#undine2", "rotation": 180 },
				"east": { "uv": [ 8.5, 3, 9, 3.5 ], "texture": "#undine2", "rotation": 180 }
			}
		},
		{
			"__comment": "Box1",
			"from": [ 6.1562, 10.733, 4.5319 ],
			"to": [ 6.3866, 11.309, 4.7623 ],
			"rotation": { "origin": [ 6.1725, 8.6975, 5.5865 ], "axis": "x", "angle": 22.5 },
			"faces": {
				"down": { "uv": [ 9, 2, 8.5, 1.5 ], "texture": "#undine2", "rotation": 90 },
				"up": { "uv": [ 9, 2.5, 8.5, 2 ], "texture": "#undine2", "rotation": 270 },
				"north": { "uv": [ 8.5, 1, 9, 1.5 ], "texture": "#undine2", "rotation": 180 },
				"south": { "uv": [ 8.5, 0.5, 9, 1 ], "texture": "#undine2", "rotation": 180 },
				"west": { "uv": [ 9, 6.5, 9.5, 7 ], "texture": "#undine2", "rotation": 180 },
				"east": { "uv": [ 8.5, 0, 9, 0.5 ], "texture": "#undine2", "rotation": 180 }
			}
		},
		{
			"__comment": "Box1",
			"from": [ 6.1562, 10.8438, 4.8658 ],
			"to": [ 6.3866, 11.5638, 5.0962 ],
			"faces": {
				"down": { "uv": [ 10, 6, 9.5, 5.5 ], "texture": "#undine2", "rotation": 90 },
				"up": { "uv": [ 10, 7, 9.5, 6.5 ], "texture": "#undine2", "rotation": 270 },
				"north": { "uv": [ 10.5, 6.5, 11, 7 ], "texture": "#undine2", "rotation": 180 },
				"south": { "uv": [ 11, 6.5, 11.5, 7 ], "texture": "#undine2", "rotation": 180 },
				"west": { "uv": [ 12, 6.5, 12.5, 7 ], "texture": "#undine2", "rotation": 180 },
				"east": { "uv": [ 11.5, 6.5, 12, 7 ], "texture": "#undine2", "rotation": 180 }
			}
		},
		{
			"__comment": "Box1",
			"from": [ 6.5162, 10.8438, 4.8658 ],
			"to": [ 6.7466, 11.5638, 5.0962 ],
			"faces": {
				"down": { "uv": [ 13.5, 7, 13, 6.5 ], "texture": "#undine2", "rotation": 90 },
				"up": { "uv": [ 13, 7, 12.5, 6.5 ], "texture": "#undine2", "rotation": 270 },
				"north": { "uv": [ 13.5, 6.5, 14, 7 ], "texture": "#undine2", "rotation": 180 },
				"south": { "uv": [ 14, 6.5, 14.5, 7 ], "texture": "#undine2", "rotation": 180 },
				"west": { "uv": [ 15, 6.5, 15.5, 7 ], "texture": "#undine2", "rotation": 180 },
				"east": { "uv": [ 14.5, 6.5, 15, 7 ], "texture": "#undine2", "rotation": 180 }
			}
		},
		{
			"__comment": "Box1",
			"from": [ 6.8762, 10.8438, 4.8658 ],
			"to": [ 7.106599, 11.5638, 5.0962 ],
			"faces": {
				"down": { "uv": [ 9.5, 6.5, 9, 6 ], "texture": "#undine2", "rotation": 90 },
				"up": { "uv": [ 16, 7, 15.5, 6.5 ], "texture": "#undine2", "rotation": 270 },
				"north": { "uv": [ 9, 5.5, 9.5, 6 ], "texture": "#undine2", "rotation": 180 },
				"south": { "uv": [ 9, 5, 9.5, 5.5 ], "texture": "#undine2", "rotation": 180 },
				"west": { "uv": [ 9, 4, 9.5, 4.5 ], "texture": "#undine2", "rotation": 180 },
				"east": { "uv": [ 9, 4.5, 9.5, 5 ], "texture": "#undine2", "rotation": 180 }
			}
		},
		{
			"__comment": "Box1",
			"from": [ 6.8568, 11.0324, 3.8923 ],
			"to": [ 7.04112, 11.7524, 4.07662 ],
			"rotation": { "origin": [ 6.1725, 8.6975, 5.5865 ], "axis": "x", "angle": 22.5 },
			"faces": {
				"down": { "uv": [ 9.5, 3.5, 9, 3 ], "texture": "#undine2", "rotation": 90 },
				"up": { "uv": [ 9.5, 4, 9, 3.5 ], "texture": "#undine2", "rotation": 270 },
				"north": { "uv": [ 9, 2.5, 9.5, 3 ], "texture": "#undine2", "rotation": 180 },
				"south": { "uv": [ 9, 2, 9.5, 2.5 ], "texture": "#undine2", "rotation": 180 },
				"west": { "uv": [ 9, 1, 9.5, 1.5 ], "texture": "#undine2", "rotation": 180 },
				"east": { "uv": [ 9, 1.5, 9.5, 2 ], "texture": "#undine2", "rotation": 180 }
			}
		},
		{
			"__comment": "Box1",
			"from": [ 6.5688, 11.0324, 3.8923 ],
			"to": [ 6.75312, 11.7524, 4.07662 ],
			"rotation": { "origin": [ 6.1725, 8.6975, 5.5865 ], "axis": "x", "angle": 22.5 },
			"faces": {
				"down": { "uv": [ 9.5, 0.5, 9, 0 ], "texture": "#undine2", "rotation": 90 },
				"up": { "uv": [ 9.5, 1, 9, 0.5 ], "texture": "#undine2", "rotation": 270 },
				"north": { "uv": [ 9.5, 6, 10, 6.5 ], "texture": "#undine2", "rotation": 180 },
				"south": { "uv": [ 10, 6, 10.5, 6.5 ], "texture": "#undine2", "rotation": 180 },
				"west": { "uv": [ 11, 6, 11.5, 6.5 ], "texture": "#undine2", "rotation": 180 },
				"east": { "uv": [ 10.5, 6, 11, 6.5 ], "texture": "#undine2", "rotation": 180 }
			}
		},
		{
			"__comment": "Box1",
			"from": [ 6.1908, 11.0324, 3.8923 ],
			"to": [ 6.37512, 11.7524, 4.07662 ],
			"rotation": { "origin": [ 6.1725, 8.6975, 5.5865 ], "axis": "x", "angle": 22.5 },
			"faces": {
				"down": { "uv": [ 12.5, 6.5, 12, 6 ], "texture": "#undine2", "rotation": 90 },
				"up": { "uv": [ 12, 6.5, 11.5, 6 ], "texture": "#undine2", "rotation": 270 },
				"north": { "uv": [ 12.5, 6, 13, 6.5 ], "texture": "#undine2", "rotation": 180 },
				"south": { "uv": [ 13, 6, 13.5, 6.5 ], "texture": "#undine2", "rotation": 180 },
				"west": { "uv": [ 14, 6, 14.5, 6.5 ], "texture": "#undine2", "rotation": 180 },
				"east": { "uv": [ 13.5, 6, 14, 6.5 ], "texture": "#undine2", "rotation": 180 }
			}
		},
		{
			"__comment": "PlaneX31",
			"from": [ 5.744, 4.25, 8.987 ],
			"to": [ 7.904, 9.290001, 8.988196 ],
			"faces": {
				"north": { "uv": [ 6, 7, 5, 9 ], "texture": "#undine2" },
				"south": { "uv": [ 5, 7, 6, 9 ], "texture": "#undine2" }
			}
		},
		{
			"__comment": "PlaneX31",
			"from": [ 4.694, 6.8, 6.995 ],
			"to": [ 6.854, 11.84, 6.9962 ],
			"rotation": { "origin": [ 6.854, 6.8, 6.995 ], "axis": "z", "angle": -22.5 },
			"faces": {
				"north": { "uv": [ 4, 7, 5, 9 ], "texture": "#undine2" },
				"south": { "uv": [ 5, 7, 4, 9 ], "texture": "#undine2" }
			}
		},
		{
			"__comment": "PlaneX31",
			"from": [ 4.844, 6.8, 7.805 ],
			"to": [ 7.004, 11.84, 7.8062 ],
			"rotation": { "origin": [ 7.004, 6.8, 7.805 ], "axis": "z", "angle": -22.5 },
			"faces": {
				"north": { "uv": [ 7, 7, 6, 9 ], "texture": "#undine2" },
				"south": { "uv": [ 6, 7, 7, 9 ], "texture": "#undine2" }
			}
		},
		{
			"__comment": "PlaneX31",
			"from": [ 4.844, 6.8, 8.974999 ],
			"to": [ 7.004, 11.84, 8.976199 ],
			"rotation": { "origin": [ 7.004, 6.8, 8.974999 ], "axis": "z", "angle": -22.5 },
			"faces": {
				"north": { "uv": [ 6, 7, 5, 9 ], "texture": "#undine2" },
				"south": { "uv": [ 5, 7, 6, 9 ], "texture": "#undine2" }
			}
		},
		{
			"__comment": "PlaneX31",
			"from": [ 8.743999, 6.44, 7.085 ],
			"to": [ 10.904, 11.48, 7.0862 ],
			"rotation": { "origin": [ 8.744, 11.48, 7.805 ], "axis": "z", "angle": 22.5 },
			"faces": {
				"north": { "uv": [ 5, 7, 4, 9 ], "texture": "#undine2" },
				"south": { "uv": [ 4, 7, 5, 9 ], "texture": "#undine2" }
			}
		},
		{
			"__comment": "PlaneX31",
			"from": [ 8.743999, 6.44, 7.805 ],
			"to": [ 10.904, 11.48, 7.8062 ],
			"rotation": { "origin": [ 8.744, 11.48, 7.805 ], "axis": "z", "angle": 22.5 },
			"faces": {
				"north": { "uv": [ 6, 7, 7, 9 ], "texture": "#undine2" },
				"south": { "uv": [ 7, 7, 6, 9 ], "texture": "#undine2" }
			}
		},
		{
			"__comment": "PlaneX31",
			"from": [ 8.743999, 6.44, 8.974999 ],
			"to": [ 10.904, 11.48, 8.976199 ],
			"rotation": { "origin": [ 8.744, 11.48, 8.255 ], "axis": "z", "angle": 22.5 },
			"faces": {
				"north": { "uv": [ 5, 7, 6, 9 ], "texture": "#undine2" },
				"south": { "uv": [ 6, 7, 5, 9 ], "texture": "#undine2" }
			}
		},
		{
			"__comment": "PlaneX31",
			"from": [ 10.094, 6.74, 7.745 ],
			"to": [ 10.0952, 11.78, 9.905 ],
			"faces": {
				"west": { "uv": [ 6, 7, 5, 9 ], "texture": "#undine2" },
				"east": { "uv": [ 5, 7, 6, 9 ], "texture": "#undine2" }
			}
		},
		{
			"__comment": "PlaneX31",
			"from": [ 8.924, 6.74, 7.745 ],
			"to": [ 8.9252, 11.78, 9.905 ],
			"faces": {
				"west": { "uv": [ 7, 7, 6, 9 ], "texture": "#undine2" },
				"east": { "uv": [ 6, 7, 7, 9 ], "texture": "#undine2" }
			}
		},
		{
			"__comment": "PlaneX31",
			"from": [ 7.934, 6.74, 8.195 ],
			"to": [ 7.9352, 11.78, 10.355 ],
			"faces": {
				"west": { "uv": [ 4, 7, 5, 9 ], "texture": "#undine2" },
				"east": { "uv": [ 5, 7, 4, 9 ], "texture": "#undine2" }
			}
		},
		{
			"__comment": "PlaneX31",
			"from": [ 7.574, 6.44, 8.885 ],
			"to": [ 10.094, 11.48, 8.8862 ],
			"faces": {
				"north": { "uv": [ 5, 11.5, 4, 13.5 ], "texture": "#undine2" },
				"south": { "uv": [ 4, 11.5, 5, 13.5 ], "texture": "#undine2" }
			}
		},
		{
			"__comment": "PlaneX31",
			"from": [ 4.844, 6.8, 8.525 ],
			"to": [ 7.004, 11.84, 8.526199 ],
			"rotation": { "origin": [ 7.004, 6.8, 8.525 ], "axis": "z", "angle": -22.5 },
			"faces": {
				"north": { "uv": [ 6, 7, 5, 9 ], "texture": "#undine2" },
				"south": { "uv": [ 5, 7, 6, 9 ], "texture": "#undine2" }
			}
		},
		{
			"__comment": "PlaneX31",
			"from": [ 4.844, 4.25, 8.537 ],
			"to": [ 7.004, 9.290001, 8.538199 ],
			"faces": {
				"north": { "uv": [ 6, 7, 5, 9 ], "texture": "#undine2" },
				"south": { "uv": [ 5, 7, 6, 9 ], "texture": "#undine2" }
			}
		},
		{
			"__comment": "PlaneX31",
			"from": [ 8.743999, 6.44, 8.525 ],
			"to": [ 10.904, 11.48, 8.526199 ],
			"rotation": { "origin": [ 8.744, 11.48, 7.805 ], "axis": "z", "angle": 22.5 },
			"faces": {
				"north": { "uv": [ 5, 7, 6, 9 ], "texture": "#undine2" },
				"south": { "uv": [ 6, 7, 5, 9 ], "texture": "#undine2" }
			}
		},
		{
			"__comment": "PlaneX31",
			"from": [ 10.394, 3.74, 8.537 ],
			"to": [ 12.554, 8.780001, 8.538199 ],
			"faces": {
				"north": { "uv": [ 5, 7, 6, 9 ], "texture": "#undine2" },
				"south": { "uv": [ 6, 7, 5, 9 ], "texture": "#undine2" }
			}
		},
		{
			"__comment": "PlaneX31",
			"from": [ 3.974, -4.27, 7.715 ],
			"to": [ 14.174, 13.13, 7.716197 ],
			"faces": {
				"north": { "uv": [ 0, 9, 4, 16 ], "texture": "#undine2" },
				"south": { "uv": [ 4, 9, 0, 16 ], "texture": "#undine2" }
			}
		}
	],
	"display": {
		"gui": {
			"rotation":  [ 0, 180, 0 ],
			"translation":  [ 0, 2.7826, 0 ],
			"scale":  [ 0.7652, 0.8, 0.8 ]
		},
		"head": {
			"translation":  [ -3.478, 4.8975, 0.6958 ],
			"scale":  [ 4, 4, 4 ]
		},
		"ground": {
			"translation":  [ 0, 8.3478, 0 ],
			"scale":  [ 0.8, 0.8, 0.8 ]
		},
		"fixed": {
			"rotation":  [ -90, 0, 0 ],
			"translation":  [ -3.477, -1.39, -48.68 ],
			"scale":  [ 4, 4, 4 ]
		}
	}
}