{
	"__comment": "Designed by Sefreneth with Cubik Studio - https://cubik.studio",
	"textures": {
		"undinedeath": "item/undinedeath"
	},
	"elements": [ 	 
		{
			"__comment": "PlaneX31",
			"from": [ 3.974, -3.6462, -1.785 ],
			"to": [ 14.174, -3.645001, 15.615 ],
			"faces": {
				"down": { "uv": [ 4, 9, 0, 16 ], "texture": "#undinedeath" },
				"up": { "uv": [ 4, 16, 0, 9 ], "texture": "#undinedeath" }
			}
		}
	],
	"display": {
		"gui": {
			"rotation":  [ 0, 180, 0 ],
			"translation":  [ 0, 2.7826, 0 ],
			"scale":  [ 0.7652, 0.8, 0.8 ]
		},
		"head": {
			"translation":  [ -3.478, 4.8975, 0.6958 ],
			"scale":  [ 4, 4, 4 ]
		},
		"ground": {
			"translation":  [ 0, 8.3478, 0 ],
			"scale":  [ 0.8, 0.8, 0.8 ]
		},
		"fixed": {
			"rotation":  [ -90, 0, 0 ],
			"translation":  [ -3.477, -1.39, -48.68 ],
			"scale":  [ 4, 4, 4 ]
		}
	}
}