{
	"__comment": "Designed by Sefreneth with Cubik Studio - https://cubik.studio",
	"textures": {
		"waterballanima": "item/waterballanima"
	},
	"elements": [ 	 
		{
			"__comment": "Box1",
			"from": [ -1.915, 0.125, -1.155 ],
			"to": [ -1.115, 0.925, -0.905 ],
			"faces": {
				"down": { "uv": [ 5, 8, 6, 9 ], "texture": "#waterballanima" },
				"up": { "uv": [ 2, 7, 3, 8 ], "texture": "#waterballanima" },
				"north": { "uv": [ 4, 7, 5, 8 ], "texture": "#waterballanima" },
				"south": { "uv": [ 5, 7, 6, 8 ], "texture": "#waterballanima" },
				"west": { "uv": [ 6, 7, 7, 8 ], "texture": "#waterballanima", "rotation": 270 },
				"east": { "uv": [ 7, 7, 8, 8 ], "texture": "#waterballanima", "rotation": 90 }
			}
		},
		{
			"__comment": "Box1",
			"from": [ -2, 0, -2 ],
			"to": [ -1, 1, -1 ],
			"faces": {
				"down": { "uv": [ 1, 9, 2, 10 ], "texture": "#waterballanima" },
				"up": { "uv": [ 0, 6, 1, 7 ], "texture": "#waterballanima" },
				"north": { "uv": [ 0, 11, 1, 12 ], "texture": "#waterballanima" },
				"south": { "uv": [ 1, 11, 2, 12 ], "texture": "#waterballanima" },
				"west": { "uv": [ 2, 11, 3, 12 ], "texture": "#waterballanima" },
				"east": { "uv": [ 3, 11, 4, 12 ], "texture": "#waterballanima" }
			}
		},
		{
			"__comment": "Box1",
			"from": [ -1.09, 0.075, -1.905 ],
			"to": [ -0.8399999, 0.875, -1.105 ],
			"faces": {
				"down": { "uv": [ 4, 11, 5, 12 ], "texture": "#waterballanima", "rotation": 90 },
				"up": { "uv": [ 5, 11, 6, 12 ], "texture": "#waterballanima", "rotation": 270 },
				"north": { "uv": [ 6, 11, 7, 12 ], "texture": "#waterballanima", "rotation": 270 },
				"south": { "uv": [ 7, 11, 8, 12 ], "texture": "#waterballanima", "rotation": 90 },
				"west": { "uv": [ 0, 10, 1, 11 ], "texture": "#waterballanima", "rotation": 90 },
				"east": { "uv": [ 1, 10, 2, 11 ], "texture": "#waterballanima", "rotation": 270 }
			}
		},
		{
			"__comment": "Box1",
			"from": [ -1.915, -0.125, -1.905 ],
			"to": [ -1.115, 0.125, -1.105 ],
			"faces": {
				"down": { "uv": [ 2, 10, 3, 11 ], "texture": "#waterballanima" },
				"up": { "uv": [ 3, 10, 4, 11 ], "texture": "#waterballanima" },
				"north": { "uv": [ 4, 10, 5, 11 ], "texture": "#waterballanima" },
				"south": { "uv": [ 5, 10, 6, 11 ], "texture": "#waterballanima" },
				"west": { "uv": [ 6, 10, 7, 11 ], "texture": "#waterballanima" },
				"east": { "uv": [ 7, 10, 8, 11 ], "texture": "#waterballanima" }
			}
		},
		{
			"__comment": "Box1",
			"from": [ -1.915, 0.125, -2.155 ],
			"to": [ -1.115, 0.925, -1.905 ],
			"faces": {
				"down": { "uv": [ 0, 9, 1, 10 ], "texture": "#waterballanima" },
				"up": { "uv": [ 3, 7, 4, 8 ], "texture": "#waterballanima" },
				"north": { "uv": [ 2, 9, 3, 10 ], "texture": "#waterballanima" },
				"south": { "uv": [ 3, 9, 4, 10 ], "texture": "#waterballanima" },
				"west": { "uv": [ 4, 9, 5, 10 ], "texture": "#waterballanima", "rotation": 270 },
				"east": { "uv": [ 5, 9, 6, 10 ], "texture": "#waterballanima", "rotation": 90 }
			}
		},
		{
			"__comment": "Box1",
			"from": [ -1.915, 0.875, -1.905 ],
			"to": [ -1.115, 1.125, -1.105 ],
			"faces": {
				"down": { "uv": [ 6, 9, 7, 10 ], "texture": "#waterballanima" },
				"up": { "uv": [ 7, 9, 8, 10 ], "texture": "#waterballanima" },
				"north": { "uv": [ 0, 8, 1, 9 ], "texture": "#waterballanima" },
				"south": { "uv": [ 1, 8, 2, 9 ], "texture": "#waterballanima" },
				"west": { "uv": [ 2, 8, 3, 9 ], "texture": "#waterballanima" },
				"east": { "uv": [ 3, 8, 4, 9 ], "texture": "#waterballanima" }
			}
		},
		{
			"__comment": "Box1",
			"from": [ -2.165, 0.075, -1.905 ],
			"to": [ -1.915, 0.875, -1.105 ],
			"faces": {
				"down": { "uv": [ 4, 8, 5, 9 ], "texture": "#waterballanima", "rotation": 90 },
				"up": { "uv": [ 0, 5, 1, 6 ], "texture": "#waterballanima", "rotation": 270 },
				"north": { "uv": [ 6, 8, 7, 9 ], "texture": "#waterballanima", "rotation": 270 },
				"south": { "uv": [ 7, 8, 8, 9 ], "texture": "#waterballanima", "rotation": 90 },
				"west": { "uv": [ 0, 7, 1, 8 ], "texture": "#waterballanima", "rotation": 90 },
				"east": { "uv": [ 1, 7, 2, 8 ], "texture": "#waterballanima", "rotation": 270 }
			}
		},
		{
			"__comment": "PlaneY8",
			"from": [ -2.7494, 0.5, -2.75 ],
			"to": [ -0.2493999, 0.501, -0.25 ],
			"faces": {
				"down": { "uv": [ 7, 16, 4, 13 ], "texture": "#waterballanima", "rotation": 270 },
				"up": { "uv": [ 7, 13, 4, 16 ], "texture": "#waterballanima" }
			}
		},
		{
			"__comment": "PlaneY8",
			"from": [ -3.1244, -0.5006, -2.75 ],
			"to": [ -0.6243999, -0.4996, -0.25 ],
			"rotation": { "origin": [ -0.625, -0.5, -0.25 ], "axis": "z", "angle": -45 },
			"faces": {
				"down": { "uv": [ 4, 16, 7, 13 ], "texture": "#waterballanima" },
				"up": { "uv": [ 4, 13, 7, 16 ], "texture": "#waterballanima" }
			}
		},
		{
			"__comment": "PlaneY8",
			"from": [ -3.1244, 1.2494, -2.75 ],
			"to": [ -0.6243999, 1.2504, -0.25 ],
			"rotation": { "origin": [ -0.625, 1.25, -0.25 ], "axis": "z", "angle": 45 },
			"faces": {
				"down": { "uv": [ 4, 13, 7, 16 ], "texture": "#waterballanima" },
				"up": { "uv": [ 4, 16, 7, 13 ], "texture": "#waterballanima" }
			}
		}
	],
	"display": {
		"thirdperson_righthand": {
			"translation":  [ 18.782, 14.608, 20.869 ],
			"scale":  [ 2, 2, 2 ]
		},
		"thirdperson_lefthand": {
			"translation":  [ -18.78, 14.608, 20.869 ],
			"scale":  [ 2, 2, 2 ]
		},
		"firstperson_righthand": {
			"translation":  [ 4.1739, 13.912, 17.391 ]
		},
		"firstperson_lefthand": {
			"translation":  [ -15.3, 13.912, 17.391 ]
		},
		"gui": {
			"rotation":  [ -19, 27, 0 ],
			"translation":  [ 50.782, 34.086, 0 ],
			"scale":  [ 4, 4, 4 ]
		},
		"head": {
			"translation":  [ 37.564, 9.0434, 34.782 ],
			"scale":  [ 4, 4, 4 ]
		},
		"ground": {
			"translation":  [ 38.954, 17.391, 36.868 ],
			"scale":  [ 4, 4, 4 ]
		},
		"fixed": {
			"translation":  [ 38.259, 30.607, 34.086 ],
			"scale":  [ 4, 4, 4 ]
		}
	}
}