{
	"__comment": "Designed by Sefreneth with Cubik Studio - https://cubik.studio",
	"textures": {
		"watershovel": "item/watershovel"
	},
	"elements": [ 	 
		{
			"__comment": "Box1",
			"from": [ 8.0433, 9.5616, 8.125 ],
			"to": [ 8.37, 12.89394, 8.4517 ],
			"faces": {
				"down": { "uv": [ 9.5, 10.5, 10.5, 11.5 ], "texture": "#watershovel" },
				"up": { "uv": [ 3, 10.5, 4, 11.5 ], "texture": "#watershovel" },
				"north": { "uv": [ 3, 11.5, 4, 16 ], "texture": "#watershovel", "rotation": 180 },
				"south": { "uv": [ 4, 11.5, 5, 16 ], "texture": "#watershovel", "rotation": 180 },
				"west": { "uv": [ 5, 11.5, 6, 16 ], "texture": "#watershovel", "rotation": 180 },
				"east": { "uv": [ 6, 11.5, 7, 16 ], "texture": "#watershovel", "rotation": 180 }
			}
		},
		{
			"__comment": "Box1",
			"from": [ 7.9616, 9.158199, 8.0433 ],
			"to": [ 8.461599, 9.658199, 8.5433 ],
			"faces": {
				"down": { "uv": [ 3, 9.5, 4, 10.5 ], "texture": "#watershovel" },
				"up": { "uv": [ 3, 8.5, 4, 9.5 ], "texture": "#watershovel" },
				"north": { "uv": [ 4, 10.5, 5, 11.5 ], "texture": "#watershovel" },
				"south": { "uv": [ 4, 9.5, 5, 10.5 ], "texture": "#watershovel" },
				"west": { "uv": [ 4, 8.5, 5, 9.5 ], "texture": "#watershovel" },
				"east": { "uv": [ 5, 10.5, 6, 11.5 ], "texture": "#watershovel" }
			}
		},
		{
			"__comment": "Box22",
			"from": [ 8.0433, 12.9013, 8.0483 ],
			"to": [ 8.419659, 13.39135, 8.53835 ],
			"faces": {
				"down": { "uv": [ 5, 9.5, 6, 10.5 ], "texture": "#watershovel" },
				"up": { "uv": [ 5, 8.5, 6, 9.5 ], "texture": "#watershovel" },
				"north": { "uv": [ 6, 10.5, 7, 11.5 ], "texture": "#watershovel" },
				"south": { "uv": [ 6, 9.5, 7, 10.5 ], "texture": "#watershovel" },
				"west": { "uv": [ 6, 8.5, 7, 9.5 ], "texture": "#watershovel" },
				"east": { "uv": [ 14.5, 15, 15.5, 16 ], "texture": "#watershovel" }
			}
		},
		{
			"__comment": "PlaneX26",
			"from": [ 8.23, 12.375, 7.125 ],
			"to": [ 8.231, 13.375, 9.625 ],
			"faces": {
				"west": { "uv": [ 0, 8, 2.5, 12 ], "texture": "#watershovel", "rotation": 270 },
				"east": { "uv": [ 0, 12, 2.5, 8 ], "texture": "#watershovel", "rotation": 270 }
			}
		},
		{
			"__comment": "Box1",
			"from": [ 8.1572, 14.546, 7.9266 ],
			"to": [ 8.32104, 14.96072, 8.6946 ],
			"faces": {
				"down": { "uv": [ 10.5, 13.5, 11.5, 14.5 ], "texture": "#watershovel" },
				"up": { "uv": [ 11.5, 13.5, 12.5, 14.5 ], "texture": "#watershovel" },
				"north": { "uv": [ 9.5, 11.5, 10.5, 12.5 ], "texture": "#watershovel" },
				"south": { "uv": [ 7, 9, 8, 10 ], "texture": "#watershovel" },
				"west": { "uv": [ 7, 11.5, 9, 13 ], "texture": "#watershovel" },
				"east": { "uv": [ 9, 11.5, 7, 13 ], "texture": "#watershovel" }
			}
		},
		{
			"__comment": "Box1",
			"from": [ 8.1572, 13.3018, 7.5426 ],
			"to": [ 8.32104, 13.92388, 9.0786 ],
			"faces": {
				"down": { "uv": [ 7, 8, 8, 9 ], "texture": "#watershovel" },
				"up": { "uv": [ 8, 9, 9, 10 ], "texture": "#watershovel" },
				"north": { "uv": [ 8, 8, 9, 9 ], "texture": "#watershovel" },
				"south": { "uv": [ 9.5, 13.5, 10.5, 14.5 ], "texture": "#watershovel" },
				"west": { "uv": [ 12, 14.5, 14.5, 16 ], "texture": "#watershovel" },
				"east": { "uv": [ 14.5, 14.5, 12, 16 ], "texture": "#watershovel" }
			}
		},
		{
			"__comment": "Box1",
			"from": [ 8.1572, 13.9239, 7.6706 ],
			"to": [ 8.32104, 14.54598, 8.9506 ],
			"faces": {
				"down": { "uv": [ 12.5, 13.5, 13.5, 14.5 ], "texture": "#watershovel" },
				"up": { "uv": [ 13.5, 13.5, 14.5, 14.5 ], "texture": "#watershovel" },
				"north": { "uv": [ 14.5, 13.5, 15.5, 14.5 ], "texture": "#watershovel" },
				"south": { "uv": [ 9.5, 12.5, 10.5, 13.5 ], "texture": "#watershovel" },
				"west": { "uv": [ 7, 14.5, 9.5, 16 ], "texture": "#watershovel" },
				"east": { "uv": [ 9.5, 14.5, 7, 16 ], "texture": "#watershovel" }
			}
		}
	],
	"display": {
		"thirdperson_righthand": {
			"translation":  [ -0.693, -11.81, 0 ],
			"scale":  [ 4, 4, 4 ]
		},
		"thirdperson_lefthand": {
			"translation":  [ 0.6969, -11.81, 0 ],
			"scale":  [ 4, 4, 4 ]
		},
		"firstperson_righthand": {
			"rotation":  [ 0, 4, 0 ],
			"translation":  [ 2.0868, -4.867, -0.695 ],
			"scale":  [ 3, 3, 3 ]
		},
		"firstperson_lefthand": {
			"rotation":  [ 0, 4, 0 ],
			"translation":  [ 2.0868, -4.867, -0.695 ],
			"scale":  [ 3, 3, 3 ]
		},
		"gui": {
			"rotation":  [ -74, -49, -75 ],
			"translation":  [ -6.258, -10.43, 15.304 ],
			"scale":  [ 3, 3, 3 ]
		},
		"ground": {
			"rotation":  [ 90, 90, 0 ],
			"translation":  [ 0.6962, -5.565, -13.21 ],
			"scale":  [ 2.5, 2.5, 2.5 ]
		},
		"fixed": {
			"rotation":  [ 0, -90, 0 ],
			"translation":  [ 0.6959, -19.47, -0.695 ],
			"scale":  [ 4, 4, 4 ]
		}
	}
}