{
	"__comment": "Designed by Sefreneth with Cubik Studio - https://cubik.studio",
	"textures": {
		"watercoreanima": "item/watercoreanima"
	},
	"elements": [ 	 
		{
			"__comment": "Box1",
			"from": [ -0.725, 6.988, 8.665 ],
			"to": [ 3.883, 11.596, 10.105 ],
			"faces": {
				"down": { "uv": [ 5, 8, 6, 9 ], "texture": "#watercoreanima" },
				"up": { "uv": [ 2, 7, 3, 8 ], "texture": "#watercoreanima" },
				"north": { "uv": [ 4, 7, 5, 8 ], "texture": "#watercoreanima" },
				"south": { "uv": [ 5, 7, 6, 8 ], "texture": "#watercoreanima" },
				"west": { "uv": [ 6, 7, 7, 8 ], "texture": "#watercoreanima", "rotation": 270 },
				"east": { "uv": [ 7, 7, 8, 8 ], "texture": "#watercoreanima", "rotation": 90 }
			}
		},
		{
			"__comment": "Box1",
			"from": [ -1.2146, 6.268, 3.7978 ],
			"to": [ 4.5454, 12.028, 9.5578 ],
			"faces": {
				"down": { "uv": [ 1, 9, 2, 10 ], "texture": "#watercoreanima" },
				"up": { "uv": [ 0, 6, 1, 7 ], "texture": "#watercoreanima" },
				"north": { "uv": [ 0, 11, 1, 12 ], "texture": "#watercoreanima" },
				"south": { "uv": [ 1, 11, 2, 12 ], "texture": "#watercoreanima" },
				"west": { "uv": [ 2, 11, 3, 12 ], "texture": "#watercoreanima" },
				"east": { "uv": [ 3, 11, 4, 12 ], "texture": "#watercoreanima" }
			}
		},
		{
			"__comment": "Box1",
			"from": [ 4.027, 6.7, 4.345 ],
			"to": [ 5.467001, 11.308, 8.953 ],
			"faces": {
				"down": { "uv": [ 4, 11, 5, 12 ], "texture": "#watercoreanima", "rotation": 90 },
				"up": { "uv": [ 5, 11, 6, 12 ], "texture": "#watercoreanima", "rotation": 270 },
				"north": { "uv": [ 6, 11, 7, 12 ], "texture": "#watercoreanima", "rotation": 270 },
				"south": { "uv": [ 7, 11, 8, 12 ], "texture": "#watercoreanima", "rotation": 90 },
				"west": { "uv": [ 0, 10, 1, 11 ], "texture": "#watercoreanima", "rotation": 90 },
				"east": { "uv": [ 1, 10, 2, 11 ], "texture": "#watercoreanima", "rotation": 270 }
			}
		},
		{
			"__comment": "Box1",
			"from": [ -0.725, 5.548, 4.345 ],
			"to": [ 3.883, 6.988, 8.953 ],
			"faces": {
				"down": { "uv": [ 2, 10, 3, 11 ], "texture": "#watercoreanima" },
				"up": { "uv": [ 3, 10, 4, 11 ], "texture": "#watercoreanima" },
				"north": { "uv": [ 4, 10, 5, 11 ], "texture": "#watercoreanima" },
				"south": { "uv": [ 5, 10, 6, 11 ], "texture": "#watercoreanima" },
				"west": { "uv": [ 6, 10, 7, 11 ], "texture": "#watercoreanima" },
				"east": { "uv": [ 7, 10, 8, 11 ], "texture": "#watercoreanima" }
			}
		},
		{
			"__comment": "Box1",
			"from": [ -0.725, 6.988, 2.905 ],
			"to": [ 3.883, 11.596, 4.345 ],
			"faces": {
				"down": { "uv": [ 0, 9, 1, 10 ], "texture": "#watercoreanima" },
				"up": { "uv": [ 3, 7, 4, 8 ], "texture": "#watercoreanima" },
				"north": { "uv": [ 2, 9, 3, 10 ], "texture": "#watercoreanima" },
				"south": { "uv": [ 3, 9, 4, 10 ], "texture": "#watercoreanima" },
				"west": { "uv": [ 4, 9, 5, 10 ], "texture": "#watercoreanima", "rotation": 270 },
				"east": { "uv": [ 5, 9, 6, 10 ], "texture": "#watercoreanima", "rotation": 90 }
			}
		},
		{
			"__comment": "Box1",
			"from": [ -0.725, 11.308, 4.345 ],
			"to": [ 3.883, 12.748, 8.953 ],
			"faces": {
				"down": { "uv": [ 6, 9, 7, 10 ], "texture": "#watercoreanima" },
				"up": { "uv": [ 7, 9, 8, 10 ], "texture": "#watercoreanima" },
				"north": { "uv": [ 0, 8, 1, 9 ], "texture": "#watercoreanima" },
				"south": { "uv": [ 1, 8, 2, 9 ], "texture": "#watercoreanima" },
				"west": { "uv": [ 2, 8, 3, 9 ], "texture": "#watercoreanima" },
				"east": { "uv": [ 3, 8, 4, 9 ], "texture": "#watercoreanima" }
			}
		},
		{
			"__comment": "Box1",
			"from": [ -2.165, 6.7, 4.345 ],
			"to": [ -0.7249999, 11.308, 8.953 ],
			"faces": {
				"down": { "uv": [ 4, 8, 5, 9 ], "texture": "#watercoreanima", "rotation": 90 },
				"up": { "uv": [ 0, 5, 1, 6 ], "texture": "#watercoreanima", "rotation": 270 },
				"north": { "uv": [ 6, 8, 7, 9 ], "texture": "#watercoreanima", "rotation": 270 },
				"south": { "uv": [ 7, 8, 8, 9 ], "texture": "#watercoreanima", "rotation": 90 },
				"west": { "uv": [ 0, 7, 1, 8 ], "texture": "#watercoreanima", "rotation": 90 },
				"east": { "uv": [ 1, 7, 2, 8 ], "texture": "#watercoreanima", "rotation": 270 }
			}
		},
		{
			"__comment": "PlaneY8",
			"from": [ -5.5311, 9.148, -0.5222 ],
			"to": [ 8.8689, 9.15376, 13.8778 ],
			"faces": {
				"down": { "uv": [ 7, 16, 4, 13 ], "texture": "#watercoreanima", "rotation": 270 },
				"up": { "uv": [ 7, 13, 4, 16 ], "texture": "#watercoreanima" }
			}
		},
		{
			"__comment": "PlaneY8",
			"from": [ -7.6911, 3.3845, -0.5222 ],
			"to": [ 6.708901, 3.39026, 13.8778 ],
			"rotation": { "origin": [ 6.7054, 3.388, 13.8778 ], "axis": "z", "angle": -45 },
			"faces": {
				"down": { "uv": [ 4, 16, 7, 13 ], "texture": "#watercoreanima" },
				"up": { "uv": [ 4, 13, 7, 16 ], "texture": "#watercoreanima" }
			}
		},
		{
			"__comment": "PlaneY8",
			"from": [ -7.6911, 13.4645, -0.5222 ],
			"to": [ 6.708901, 13.47026, 13.8778 ],
			"rotation": { "origin": [ 6.7054, 13.468, 13.8778 ], "axis": "z", "angle": 45 },
			"faces": {
				"down": { "uv": [ 4, 13, 7, 16 ], "texture": "#watercoreanima" },
				"up": { "uv": [ 4, 16, 7, 13 ], "texture": "#watercoreanima" }
			}
		}
	],
	"display": {
		"thirdperson_righthand": {
			"translation":  [ 7.6617, -2.086, 2.782 ]
		},
		"thirdperson_lefthand": {
			"translation":  [ -4.86, -2.086, 2.782 ]
		},
		"firstperson_righthand": {
			"rotation":  [ 0, 0, -2 ],
			"translation":  [ 9.7391, 1.3909, -2.782 ]
		},
		"firstperson_lefthand": {
			"rotation":  [ 0, 0, -2 ],
			"translation":  [ -2.782, -0.696, -4.868 ]
		},
		"gui": {
			"rotation":  [ -19, 27, 0 ],
			"translation":  [ 5.5639, -0.696, -2.782 ],
			"scale":  [ 0.9, 0.9, 0.9 ]
		},
		"ground": {
			"translation":  [ 9.0439, 4.1736, 3.4788 ],
			"scale":  [ 1.5, 1.5, 1.5 ]
		},
		"fixed": {
			"translation":  [ 27.128, -2.784, -10.43 ],
			"scale":  [ 4, 4, 4 ]
		}
	}
}