{
	"__comment": "Designed by Sefreneth with Cubik Studio - https://cubik.studio",
	"textures": {
		"wateraxe": "item/wateraxe"
	},
	"elements": [ 	 
		{
			"__comment": "Box1",
			"from": [ 8.0433, 9.5616, 8.125 ],
			"to": [ 8.37, 12.89394, 8.4517 ],
			"faces": {
				"down": { "uv": [ 4, 5, 5, 6 ], "texture": "#wateraxe" },
				"up": { "uv": [ 14, 9, 15, 10 ], "texture": "#wateraxe" },
				"north": { "uv": [ 0, 9.5, 1, 5 ], "texture": "#wateraxe", "rotation": 180 },
				"south": { "uv": [ 0, 9.5, 1, 5 ], "texture": "#wateraxe", "rotation": 180 },
				"west": { "uv": [ 0, 5, 1, 9.5 ], "texture": "#wateraxe", "rotation": 180 },
				"east": { "uv": [ 0, 5, 1, 9.5 ], "texture": "#wateraxe", "rotation": 180 }
			}
		},
		{
			"__comment": "Box1",
			"from": [ 7.9616, 9.158199, 8.0433 ],
			"to": [ 8.461599, 9.658199, 8.5433 ],
			"faces": {
				"down": { "uv": [ 0, 1, 1, 2 ], "texture": "#wateraxe" },
				"up": { "uv": [ 0, 1, 1, 2 ], "texture": "#wateraxe" },
				"north": { "uv": [ 0, 1, 1, 2 ], "texture": "#wateraxe" },
				"south": { "uv": [ 0, 1, 1, 2 ], "texture": "#wateraxe" },
				"west": { "uv": [ 0, 1, 1, 2 ], "texture": "#wateraxe" },
				"east": { "uv": [ 0, 1, 1, 2 ], "texture": "#wateraxe" }
			}
		},
		{
			"__comment": "Box22",
			"from": [ 8.0433, 12.9013, 8.0483 ],
			"to": [ 8.419659, 13.39135, 8.53835 ],
			"faces": {
				"down": { "uv": [ 0, 1, 1, 2 ], "texture": "#wateraxe" },
				"up": { "uv": [ 0, 1, 1, 2 ], "texture": "#wateraxe" },
				"north": { "uv": [ 0, 1, 1, 2 ], "texture": "#wateraxe" },
				"south": { "uv": [ 0, 1, 1, 2 ], "texture": "#wateraxe" },
				"west": { "uv": [ 0, 1, 1, 2 ], "texture": "#wateraxe" },
				"east": { "uv": [ 0, 1, 1, 2 ], "texture": "#wateraxe" }
			}
		},
		{
			"__comment": "Box15",
			"from": [ 8.1578, 12.96, 8.6179 ],
			"to": [ 8.2828, 13.444, 8.769964 ],
			"faces": {
				"down": { "uv": [ 6, 15, 7, 16 ], "texture": "#wateraxe" },
				"up": { "uv": [ 7, 15, 8, 16 ], "texture": "#wateraxe" },
				"north": { "uv": [ 8, 15, 9, 16 ], "texture": "#wateraxe" },
				"south": { "uv": [ 9, 15, 10, 16 ], "texture": "#wateraxe" },
				"west": { "uv": [ 10, 15, 11, 16 ], "texture": "#wateraxe" },
				"east": { "uv": [ 11, 15, 12, 16 ], "texture": "#wateraxe" }
			}
		},
		{
			"__comment": "Box15",
			"from": [ 8.16, 12.704, 8.67 ],
			"to": [ 8.285, 13.344, 9.22296 ],
			"faces": {
				"down": { "uv": [ 12, 15, 13, 16 ], "texture": "#wateraxe" },
				"up": { "uv": [ 13, 15, 14, 16 ], "texture": "#wateraxe" },
				"north": { "uv": [ 14, 15, 15, 16 ], "texture": "#wateraxe" },
				"south": { "uv": [ 15, 15, 16, 16 ], "texture": "#wateraxe" },
				"west": { "uv": [ 2, 14, 3, 15 ], "texture": "#wateraxe" },
				"east": { "uv": [ 3, 14, 4, 15 ], "texture": "#wateraxe" }
			}
		},
		{
			"__comment": "Box15",
			"from": [ 8.17, 13.62, 7.31 ],
			"to": [ 8.295, 14.19024, 7.807664 ],
			"faces": {
				"down": { "uv": [ 4, 14, 5, 15 ], "texture": "#wateraxe", "rotation": 180 },
				"up": { "uv": [ 5, 14, 6, 15 ], "texture": "#wateraxe", "rotation": 180 },
				"north": { "uv": [ 6, 14, 7, 15 ], "texture": "#wateraxe" },
				"south": { "uv": [ 7, 14, 8, 15 ], "texture": "#wateraxe" },
				"west": { "uv": [ 8, 14, 9, 15 ], "texture": "#wateraxe", "rotation": 180 },
				"east": { "uv": [ 9, 14, 10, 15 ], "texture": "#wateraxe", "rotation": 180 }
			}
		},
		{
			"__comment": "Box15",
			"from": [ 8.165, 13.62, 7.075 ],
			"to": [ 8.29, 14.19881, 7.601338 ],
			"rotation": { "origin": [ 8.165, 13.62, 7.075 ], "axis": "x", "angle": 22.5 },
			"faces": {
				"down": { "uv": [ 12, 14, 13, 15 ], "texture": "#wateraxe", "rotation": 180 },
				"up": { "uv": [ 13, 14, 14, 15 ], "texture": "#wateraxe", "rotation": 180 },
				"north": { "uv": [ 14, 14, 15, 15 ], "texture": "#wateraxe" },
				"south": { "uv": [ 15, 14, 16, 15 ], "texture": "#wateraxe" },
				"west": { "uv": [ 2, 13, 3, 14 ], "texture": "#wateraxe" },
				"east": { "uv": [ 3, 13, 2, 14 ], "texture": "#wateraxe" }
			}
		},
		{
			"__comment": "Box15",
			"from": [ 8.165, 12.5085, 8.7345 ],
			"to": [ 8.29, 12.8285, 9.1953 ],
			"faces": {
				"down": { "uv": [ 4, 13, 5, 14 ], "texture": "#wateraxe" },
				"up": { "uv": [ 5, 13, 6, 14 ], "texture": "#wateraxe" },
				"north": { "uv": [ 6, 13, 7, 14 ], "texture": "#wateraxe" },
				"south": { "uv": [ 7, 13, 8, 14 ], "texture": "#wateraxe" },
				"west": { "uv": [ 8, 13, 9, 14 ], "texture": "#wateraxe", "rotation": 180 },
				"east": { "uv": [ 9, 13, 10, 14 ], "texture": "#wateraxe", "rotation": 180 }
			}
		},
		{
			"__comment": "Box15",
			"from": [ 8.1661, 14.1659, 7.1533 ],
			"to": [ 8.2911, 14.5259, 7.507195 ],
			"rotation": { "origin": [ 8.166149, 14.595, 7.538 ], "axis": "x", "angle": -22.5 },
			"faces": {
				"down": { "uv": [ 10, 13, 11, 14 ], "texture": "#wateraxe", "rotation": 180 },
				"up": { "uv": [ 11, 13, 12, 14 ], "texture": "#wateraxe", "rotation": 180 },
				"north": { "uv": [ 12, 13, 13, 14 ], "texture": "#wateraxe" },
				"south": { "uv": [ 13, 13, 14, 14 ], "texture": "#wateraxe" },
				"west": { "uv": [ 14, 13, 15, 14 ], "texture": "#wateraxe" },
				"east": { "uv": [ 15, 13, 14, 14 ], "texture": "#wateraxe" }
			}
		},
		{
			"__comment": "Box15",
			"from": [ 8.155, 13.34, 8.735 ],
			"to": [ 8.28, 13.58, 9.10364 ],
			"faces": {
				"down": { "uv": [ 2, 12, 3, 13 ], "texture": "#wateraxe" },
				"up": { "uv": [ 2, 11, 3, 12 ], "texture": "#wateraxe" },
				"north": { "uv": [ 2, 10, 3, 11 ], "texture": "#wateraxe" },
				"south": { "uv": [ 2, 9, 3, 10 ], "texture": "#wateraxe" },
				"west": { "uv": [ 2, 8, 3, 9 ], "texture": "#wateraxe" },
				"east": { "uv": [ 2, 7, 3, 8 ], "texture": "#wateraxe" }
			}
		},
		{
			"__comment": "Box15",
			"from": [ 8.1662, 14.484, 7.2676 ],
			"to": [ 8.2912, 14.844, 7.448793 ],
			"rotation": { "origin": [ 8.166249, 14.571, 7.538 ], "axis": "x", "angle": -22.5 },
			"faces": {
				"down": { "uv": [ 2, 6, 3, 7 ], "texture": "#wateraxe", "rotation": 180 },
				"up": { "uv": [ 2, 5, 3, 6 ], "texture": "#wateraxe", "rotation": 180 },
				"north": { "uv": [ 2, 4, 3, 5 ], "texture": "#wateraxe" },
				"south": { "uv": [ 2, 3, 3, 4 ], "texture": "#wateraxe" },
				"west": { "uv": [ 2, 2, 3, 3 ], "texture": "#wateraxe" },
				"east": { "uv": [ 3, 2, 2, 3 ], "texture": "#wateraxe" }
			}
		},
		{
			"__comment": "Box15",
			"from": [ 8.1549, 13.5275, 8.7298 ],
			"to": [ 8.2799, 13.7275, 8.96573 ],
			"faces": {
				"down": { "uv": [ 2, 0, 3, 1 ], "texture": "#wateraxe" },
				"up": { "uv": [ 3, 12, 4, 13 ], "texture": "#wateraxe" },
				"north": { "uv": [ 4, 12, 5, 13 ], "texture": "#wateraxe" },
				"south": { "uv": [ 5, 12, 6, 13 ], "texture": "#wateraxe" },
				"west": { "uv": [ 6, 12, 7, 13 ], "texture": "#wateraxe" },
				"east": { "uv": [ 7, 12, 8, 13 ], "texture": "#wateraxe" }
			}
		},
		{
			"__comment": "Box15",
			"from": [ 8.155, 13.6736, 8.7104 ],
			"to": [ 8.28, 13.9136, 8.861395 ],
			"faces": {
				"down": { "uv": [ 8, 12, 9, 13 ], "texture": "#wateraxe", "rotation": 180 },
				"up": { "uv": [ 9, 12, 10, 13 ], "texture": "#wateraxe", "rotation": 180 },
				"north": { "uv": [ 10, 12, 11, 13 ], "texture": "#wateraxe" },
				"south": { "uv": [ 11, 12, 12, 13 ], "texture": "#wateraxe" },
				"west": { "uv": [ 12, 12, 13, 13 ], "texture": "#wateraxe" },
				"east": { "uv": [ 13, 12, 14, 13 ], "texture": "#wateraxe" }
			}
		},
		{
			"__comment": "Box15",
			"from": [ 8.1578, 13, 8.54 ],
			"to": [ 8.2828, 13.4, 8.62 ],
			"faces": {
				"down": { "uv": [ 14, 12, 15, 13 ], "texture": "#wateraxe" },
				"up": { "uv": [ 15, 12, 16, 13 ], "texture": "#wateraxe" },
				"north": { "uv": [ 3, 11, 4, 12 ], "texture": "#wateraxe" },
				"south": { "uv": [ 3, 10, 4, 11 ], "texture": "#wateraxe" },
				"west": { "uv": [ 3, 9, 4, 10 ], "texture": "#wateraxe" },
				"east": { "uv": [ 3, 8, 4, 9 ], "texture": "#wateraxe" }
			}
		},
		{
			"__comment": "Box15",
			"from": [ 8.1647, 12.9, 8.03 ],
			"to": [ 8.2897, 13.4, 8.11 ],
			"faces": {
				"down": { "uv": [ 3, 7, 4, 8 ], "texture": "#wateraxe", "rotation": 180 },
				"up": { "uv": [ 3, 6, 4, 7 ], "texture": "#wateraxe", "rotation": 180 },
				"north": { "uv": [ 3, 5, 4, 6 ], "texture": "#wateraxe" },
				"south": { "uv": [ 3, 4, 4, 5 ], "texture": "#wateraxe" },
				"west": { "uv": [ 3, 3, 4, 4 ], "texture": "#wateraxe" },
				"east": { "uv": [ 3, 2, 4, 3 ], "texture": "#wateraxe" }
			}
		},
		{
			"__comment": "Box15",
			"from": [ 8.1647, 12.85, 7.88 ],
			"to": [ 8.2897, 13.455, 8.032063 ],
			"faces": {
				"down": { "uv": [ 3, 1, 4, 2 ], "texture": "#wateraxe", "rotation": 180 },
				"up": { "uv": [ 3, 0, 4, 1 ], "texture": "#wateraxe", "rotation": 180 },
				"north": { "uv": [ 4, 11, 5, 12 ], "texture": "#wateraxe" },
				"south": { "uv": [ 5, 11, 6, 12 ], "texture": "#wateraxe" },
				"west": { "uv": [ 6, 11, 7, 12 ], "texture": "#wateraxe" },
				"east": { "uv": [ 7, 11, 8, 12 ], "texture": "#wateraxe" }
			}
		},
		{
			"__comment": "Box15",
			"from": [ 8.1627, 12.3196, 7.0583 ],
			"to": [ 8.2877, 12.8196, 7.7783 ],
			"faces": {
				"down": { "uv": [ 8, 11, 9, 12 ], "texture": "#wateraxe", "rotation": 180 },
				"up": { "uv": [ 9, 11, 10, 12 ], "texture": "#wateraxe", "rotation": 180 },
				"north": { "uv": [ 10, 11, 11, 12 ], "texture": "#wateraxe" },
				"south": { "uv": [ 11, 11, 12, 12 ], "texture": "#wateraxe" },
				"west": { "uv": [ 12, 11, 13, 12 ], "texture": "#wateraxe", "rotation": 180 },
				"east": { "uv": [ 13, 11, 12, 12 ], "texture": "#wateraxe", "rotation": 180 }
			}
		},
		{
			"__comment": "Box15",
			"from": [ 8.1627, 11.4313, 7.5969 ],
			"to": [ 8.2877, 11.7313, 7.785644 ],
			"rotation": { "origin": [ 8.162749, 11.8, 7.36 ], "axis": "x", "angle": -45 },
			"faces": {
				"down": { "uv": [ 14, 11, 15, 12 ], "texture": "#wateraxe", "rotation": 180 },
				"up": { "uv": [ 15, 11, 16, 12 ], "texture": "#wateraxe", "rotation": 180 },
				"north": { "uv": [ 4, 10, 5, 11 ], "texture": "#wateraxe" },
				"south": { "uv": [ 4, 9, 5, 10 ], "texture": "#wateraxe" },
				"west": { "uv": [ 4, 8, 5, 9 ], "texture": "#wateraxe", "rotation": 180 },
				"east": { "uv": [ 5, 8, 4, 9 ], "texture": "#wateraxe", "rotation": 180 }
			}
		},
		{
			"__comment": "Box15",
			"from": [ 8.1626, 11.8406, 7.4585 ],
			"to": [ 8.2876, 12.0906, 7.753412 ],
			"rotation": { "origin": [ 8.162649, 12.025, 7.34 ], "axis": "x", "angle": -22.5 },
			"faces": {
				"down": { "uv": [ 4, 6, 5, 7 ], "texture": "#wateraxe", "rotation": 180 },
				"up": { "uv": [ 5, 8, 6, 9 ], "texture": "#wateraxe", "rotation": 180 },
				"north": { "uv": [ 4, 4, 5, 5 ], "texture": "#wateraxe" },
				"south": { "uv": [ 4, 3, 5, 4 ], "texture": "#wateraxe" },
				"west": { "uv": [ 4, 2, 5, 3 ], "texture": "#wateraxe", "rotation": 180 },
				"east": { "uv": [ 5, 2, 4, 3 ], "texture": "#wateraxe", "rotation": 180 }
			}
		},
		{
			"__comment": "Box15",
			"from": [ 8.1628, 12.025, 7.34 ],
			"to": [ 8.2878, 12.325, 7.8008 ],
			"rotation": { "origin": [ 8.162849, 12.025, 7.34 ], "axis": "x", "angle": -22.5 },
			"faces": {
				"down": { "uv": [ 4, 0, 5, 1 ], "texture": "#wateraxe", "rotation": 180 },
				"up": { "uv": [ 5, 10, 6, 11 ], "texture": "#wateraxe", "rotation": 180 },
				"north": { "uv": [ 6, 10, 7, 11 ], "texture": "#wateraxe" },
				"south": { "uv": [ 7, 10, 8, 11 ], "texture": "#wateraxe" },
				"west": { "uv": [ 8, 10, 9, 11 ], "texture": "#wateraxe", "rotation": 180 },
				"east": { "uv": [ 9, 10, 8, 11 ], "texture": "#wateraxe", "rotation": 180 }
			}
		},
		{
			"__comment": "Box15",
			"from": [ 8.162499, 12.625, 7.015 ],
			"to": [ 8.287499, 13.625, 7.879 ],
			"faces": {
				"down": { "uv": [ 10, 10, 11, 11 ], "texture": "#wateraxe", "rotation": 180 },
				"up": { "uv": [ 11, 10, 12, 11 ], "texture": "#wateraxe", "rotation": 180 },
				"north": { "uv": [ 12, 10, 13, 11 ], "texture": "#wateraxe" },
				"south": { "uv": [ 13, 10, 14, 11 ], "texture": "#wateraxe" },
				"west": { "uv": [ 14, 10, 15, 11 ], "texture": "#wateraxe" },
				"east": { "uv": [ 15, 10, 14, 11 ], "texture": "#wateraxe" }
			}
		},
		{
			"__comment": "Box15",
			"from": [ 8.17, 12.3, 8.735 ],
			"to": [ 8.295, 12.54, 9.10364 ],
			"faces": {
				"down": { "uv": [ 5, 9, 6, 10 ], "texture": "#wateraxe", "rotation": 180 },
				"up": { "uv": [ 15, 9, 16, 10 ], "texture": "#wateraxe", "rotation": 180 },
				"north": { "uv": [ 5, 7, 6, 8 ], "texture": "#wateraxe" },
				"south": { "uv": [ 5, 6, 6, 7 ], "texture": "#wateraxe" },
				"west": { "uv": [ 5, 5, 6, 6 ], "texture": "#wateraxe", "rotation": 180 },
				"east": { "uv": [ 5, 4, 6, 5 ], "texture": "#wateraxe", "rotation": 180 }
			}
		},
		{
			"__comment": "Box15",
			"from": [ 8.1699, 12.1525, 8.7298 ],
			"to": [ 8.2949, 12.3525, 8.96573 ],
			"faces": {
				"down": { "uv": [ 5, 3, 6, 4 ], "texture": "#wateraxe", "rotation": 180 },
				"up": { "uv": [ 5, 2, 6, 3 ], "texture": "#wateraxe", "rotation": 180 },
				"north": { "uv": [ 5, 1, 6, 2 ], "texture": "#wateraxe" },
				"south": { "uv": [ 5, 0, 6, 1 ], "texture": "#wateraxe" },
				"west": { "uv": [ 6, 9, 7, 10 ], "texture": "#wateraxe", "rotation": 180 },
				"east": { "uv": [ 7, 9, 8, 10 ], "texture": "#wateraxe", "rotation": 180 }
			}
		},
		{
			"__comment": "Box15",
			"from": [ 8.17, 11.9664, 8.7104 ],
			"to": [ 8.295, 12.2064, 8.861395 ],
			"faces": {
				"down": { "uv": [ 8, 9, 9, 10 ], "texture": "#wateraxe" },
				"up": { "uv": [ 9, 9, 10, 10 ], "texture": "#wateraxe" },
				"north": { "uv": [ 10, 9, 11, 10 ], "texture": "#wateraxe" },
				"south": { "uv": [ 11, 9, 12, 10 ], "texture": "#wateraxe" },
				"west": { "uv": [ 12, 9, 13, 10 ], "texture": "#wateraxe", "rotation": 180 },
				"east": { "uv": [ 13, 9, 14, 10 ], "texture": "#wateraxe", "rotation": 180 }
			}
		},
		{
			"__comment": "PlaneX26",
			"from": [ 8.23, 11.5, 8.75 ],
			"to": [ 8.231, 14.5, 10.75 ],
			"faces": {
				"west": { "uv": [ 13, 0, 16, 4 ], "texture": "#wateraxe" },
				"east": { "uv": [ 16, 0, 13, 4 ], "texture": "#wateraxe" }
			}
		}
	],
	"display": {
		"thirdperson_righthand": {
			"translation":  [ -1.388, -11.79, 0.0009 ],
			"scale":  [ 4, 4, 4 ]
		},
		"thirdperson_lefthand": {
			"translation":  [ 0.6989, -11.79, 0.0009 ],
			"scale":  [ 4, 4, 4 ]
		},
		"firstperson_righthand": {
			"rotation":  [ 0, -9, 0 ],
			"translation":  [ 1.391, -3.477, 0 ],
			"scale":  [ 2.4782, 3, 3 ]
		},
		"firstperson_lefthand": {
			"rotation":  [ 0, -9, 0 ],
			"translation":  [ 2.7824, -3.477, 0 ],
			"scale":  [ 2.4782, 3, 3 ]
		},
		"gui": {
			"rotation":  [ 0, 91, 0 ],
			"translation":  [ -0.695, -9.735, 0 ],
			"scale":  [ 2.5, 2.5, 2.5 ]
		},
		"ground": {
			"rotation":  [ 90, 90, 0 ],
			"translation":  [ 0.6963, -9.043, -10.43 ],
			"scale":  [ 3, 3, 3 ]
		},
		"fixed": {
			"rotation":  [ 0, 90, 0 ],
			"translation":  [ -1.391, -13.21, -0.695 ],
			"scale":  [ 4, 4, 4 ]
		}
	}
}