{
	"__comment": "Designed by Sefreneth with Cubik Studio - https://cubik.studio",
	"textures": {
		"yellownagascales": "item/yellownagascales"
	},
	"elements": [ 	 
		{
			"__comment": "PlaneX1",
			"from": [ -1.875, 1.125, -1.25 ],
			"to": [ -1.8745, 3.375, 1.25 ],
			"faces": {
				"west": { "uv": [ 0, 0, 14, 13 ], "texture": "#yellownagascales" },
				"east": { "uv": [ 14, 0, 0, 13 ], "texture": "#yellownagascales" }
			}
		},
		{
			"__comment": "PlaneX1",
			"from": [ -2, 0, -2 ],
			"to": [ -1.9995, 2.25, 0.5 ],
			"faces": {
				"west": { "uv": [ 0, 0, 14, 13 ], "texture": "#yellownagascales" },
				"east": { "uv": [ 14, 0, 0, 13 ], "texture": "#yellownagascales" }
			}
		},
		{
			"__comment": "PlaneX1",
			"from": [ -2.075, 1.25, 0.375 ],
			"to": [ -2.0745, 3.5, 2.875 ],
			"faces": {
				"west": { "uv": [ 0, 0, 14, 13 ], "texture": "#yellownagascales" },
				"east": { "uv": [ 14, 0, 0, 13 ], "texture": "#yellownagascales" }
			}
		},
		{
			"__comment": "PlaneX1",
			"from": [ -2.025, 0.375, 1.25 ],
			"to": [ -2.0245, 2.625, 3.75 ],
			"faces": {
				"west": { "uv": [ 0, 0, 14, 13 ], "texture": "#yellownagascales" },
				"east": { "uv": [ 14, 0, 0, 13 ], "texture": "#yellownagascales" }
			}
		},
		{
			"__comment": "PlaneX1",
			"from": [ -2.125, 0.125, -0.375 ],
			"to": [ -2.1245, 2.375, 2.125 ],
			"faces": {
				"west": { "uv": [ 0, 0, 14, 13 ], "texture": "#yellownagascales" },
				"east": { "uv": [ 14, 0, 0, 13 ], "texture": "#yellownagascales" }
			}
		}
	],
	"display": {
		"thirdperson_righthand": {
			"rotation":  [ 0, -180, 23 ],
			"translation":  [ -12.02, 20.869, -13.9 ],
			"scale":  [ 2, 2, 2 ]
		},
		"thirdperson_lefthand": {
			"rotation":  [ 0, 180, 23 ],
			"translation":  [ 24.126, 4.6918, -13.91 ],
			"scale":  [ 2, 2, 2 ]
		},
		"firstperson_righthand": {
			"rotation":  [ 6, -78, 23 ],
			"translation":  [ -6.26, 15.303, 11.826 ],
			"scale":  [ 1.45, 1.5, 1.5 ]
		},
		"firstperson_lefthand": {
			"rotation":  [ 6, -78, 23 ],
			"translation":  [ -13.21, 6.9554, -13.9 ],
			"scale":  [ 1.45, 1.5, 1.5 ]
		},
		"gui": {
			"rotation":  [ 0, 90, 0 ],
			"translation":  [ 19.477, 18.086, -22.26 ],
			"scale":  [ 2.8, 2.8, 2.8 ]
		},
		"ground": {
			"rotation":  [ 0, 0, 90 ],
			"translation":  [ -13.21, 16, 11.13 ],
			"scale":  [ 2, 2, 2 ]
		},
		"fixed": {
			"rotation":  [ 0, -90, 0 ],
			"translation":  [ -27.81, 25.739, 39.652 ],
			"scale":  [ 4, 4, 4 ]
		}
	}
}