{"textures":{"0":"modelengine:entity/nagaspellsinger"},"elements":[{"from":[8.390624,14.733955,3.817987],"to":[12.180555,18.944988,5.906104],"faces":{"east":{"uv":[8.0,8.0,7.5,8.5],"tintindex":0,"rotation":0,"texture":"#0"},"south":{"uv":[15.0,8.5,15.5,9.0],"tintindex":0,"rotation":0,"texture":"#0"},"north":{"uv":[9.25,1.6875,8.5625,2.375],"tintindex":0,"rotation":0,"texture":"#0"},"west":{"uv":[8.5,8.0,8.0,8.5],"tintindex":0,"rotation":0,"texture":"#0"},"up":{"uv":[7.0,1.5,7.5,1.0],"tintindex":0,"rotation":90,"texture":"#0"},"down":{"uv":[7.0,1.5,7.5,2.0],"tintindex":0,"rotation":270,"texture":"#0"}}},{"from":[3.4862146,13.695215,5.65379],"to":[11.945015,20.945616,10.4873905],"faces":{"east":{"uv":[4.5,3.5,3.5,5.0],"tintindex":0,"rotation":0,"texture":"#0"},"south":{"uv":[10.4375,3.625,11.9375,5.125],"tintindex":0,"rotation":0,"texture":"#0"},"north":{"uv":[2.0,6.0,3.5,7.5],"tintindex":0,"rotation":0,"texture":"#0"},"west":{"uv":[3.5,3.5,4.5,5.0],"tintindex":0,"rotation":0,"texture":"#0"},"up":{"uv":[9.5,11.0,11.0,12.0],"tintindex":0,"rotation":0,"texture":"#0"},"down":{"uv":[3.5,11.0,5.0,12.0],"tintindex":0,"rotation":0,"texture":"#0"}}},{"from":[4.3499784,14.997147,3.15095],"to":[6.8765955,18.15542,4.891048],"faces":{"east":{"uv":[7.0,2.0,7.5,2.5],"tintindex":0,"rotation":0,"texture":"#0"},"south":{"uv":[7.0,3.0,7.5,3.5],"tintindex":0,"rotation":0,"texture":"#0"},"north":{"uv":[7.0,3.5,7.5,4.0],"tintindex":0,"rotation":0,"texture":"#0"},"west":{"uv":[7.0,2.5,7.5,3.0],"tintindex":0,"rotation":0,"texture":"#0"},"up":{"uv":[7.0,4.0,7.5,4.5],"tintindex":0,"rotation":90,"texture":"#0"},"down":{"uv":[7.0,4.5,7.5,5.0],"tintindex":0,"rotation":270,"texture":"#0"}}},{"from":[11.50419,3.4513674,9.421098],"to":[11.506247,20.285805,19.133274],"faces":{"east":{"uv":[2.0,2.0,0.0,5.0],"tintindex":0,"rotation":180,"texture":"#0"},"west":{"uv":[0.0,2.0,2.0,5.0],"tintindex":0,"rotation":180,"texture":"#0"}}},{"from":[8.619497,14.207577,4.818544],"to":[11.777772,15.260336,5.6885943],"faces":{"east":{"uv":[7.0,5.0,7.5,5.5],"tintindex":0,"rotation":0,"texture":"#0"},"south":{"uv":[7.0,6.0,7.5,6.5],"tintindex":0,"rotation":0,"texture":"#0"},"north":{"uv":[9.5,8.0,10.0,8.5],"tintindex":0,"rotation":0,"texture":"#0"},"west":{"uv":[7.0,5.5,7.5,6.0],"tintindex":0,"rotation":0,"texture":"#0"},"up":{"uv":[7.0,7.0,7.5,7.5],"tintindex":0,"rotation":90,"texture":"#0"},"down":{"uv":[8.5,8.0,9.0,8.5],"tintindex":0,"rotation":270,"texture":"#0"}}},{"from":[3.9077044,14.207577,4.818544],"to":[7.065976,15.260336,5.6885943],"faces":{"east":{"uv":[11.0,8.0,11.5,8.5],"tintindex":0,"rotation":0,"texture":"#0"},"south":{"uv":[10.0,8.0,10.5,8.5],"tintindex":0,"rotation":0,"texture":"#0"},"north":{"uv":[9.5,8.0,10.0,8.5],"tintindex":0,"rotation":0,"texture":"#0"},"west":{"uv":[10.5,8.0,11.0,8.5],"tintindex":0,"rotation":0,"texture":"#0"},"up":{"uv":[9.0,8.0,9.5,8.5],"tintindex":0,"rotation":90,"texture":"#0"},"down":{"uv":[8.5,8.0,9.0,8.5],"tintindex":0,"rotation":270,"texture":"#0"}}},{"from":[8.917006,14.997147,3.15095],"to":[11.443625,18.15542,4.891048],"faces":{"east":{"uv":[7.5,2.5,7.0,3.0],"tintindex":0,"rotation":0,"texture":"#0"},"south":{"uv":[14.0,9.0,14.5,9.5],"tintindex":0,"rotation":0,"texture":"#0"},"north":{"uv":[7.5,3.5,7.0,4.0],"tintindex":0,"rotation":0,"texture":"#0"},"west":{"uv":[7.5,2.0,7.0,2.5],"tintindex":0,"rotation":0,"texture":"#0"},"up":{"uv":[7.0,4.5,7.5,4.0],"tintindex":0,"rotation":90,"texture":"#0"},"down":{"uv":[7.0,5.0,7.5,4.5],"tintindex":0,"rotation":270,"texture":"#0"}}},{"from":[3.4886312,18.830915,5.04959],"to":[11.938631,20.039316,9.88319],"faces":{"east":{"uv":[9.5,9.5,8.0,10.0],"tintindex":0,"rotation":0,"texture":"#0"},"south":{"uv":[14.5,10.0,16.0,10.5],"tintindex":0,"rotation":0,"texture":"#0"},"north":{"uv":[6.5,9.5,8.0,10.0],"tintindex":0,"rotation":0,"texture":"#0"},"west":{"uv":[8.0,9.5,9.5,10.0],"tintindex":0,"rotation":0,"texture":"#0"},"up":{"uv":[2.0,7.5,3.5,9.0],"tintindex":0,"rotation":0,"texture":"#0"},"down":{"uv":[2.0,9.0,3.5,10.5],"tintindex":0,"rotation":0,"texture":"#0"}}},{"from":[4.058271,3.9651785,9.421098],"to":[4.0603256,20.799616,19.133274],"faces":{"east":{"uv":[2.0,2.0,0.0,5.0],"tintindex":0,"rotation":180,"texture":"#0"},"west":{"uv":[0.0,2.0,2.0,5.0],"tintindex":0,"rotation":180,"texture":"#0"}}},{"from":[3.814416,5.666607,5.4817142],"to":[12.273216,14.125406,10.315314],"faces":{"east":{"uv":[4.5,3.5,3.5,5.0],"tintindex":0,"rotation":0,"texture":"#0"},"south":{"uv":[10.4375,5.125,11.9375,3.625],"tintindex":0,"rotation":0,"texture":"#0"},"north":{"uv":[2.0,3.0,3.5,4.5],"tintindex":0,"rotation":0,"texture":"#0"},"west":{"uv":[3.5,3.5,4.5,5.0],"tintindex":0,"rotation":0,"texture":"#0"},"up":{"uv":[11.0,11.0,12.5,12.0],"tintindex":0,"rotation":0,"texture":"#0"},"down":{"uv":[3.5,5.0,4.5,6.5],"tintindex":0,"rotation":0,"texture":"#0"}}},{"from":[3.5077238,14.733955,3.817987],"to":[7.297651,18.944988,5.906104],"faces":{"east":{"uv":[8.0,8.0,8.5,8.5],"tintindex":0,"rotation":0,"texture":"#0"},"south":{"uv":[7.0,0.0,7.5,0.5],"tintindex":0,"rotation":0,"texture":"#0"},"north":{"uv":[8.5625,1.6875,9.25,2.375],"tintindex":0,"rotation":0,"texture":"#0"},"west":{"uv":[7.5,8.0,8.0,8.5],"tintindex":0,"rotation":0,"texture":"#0"},"up":{"uv":[7.0,1.0,7.5,1.5],"tintindex":0,"rotation":90,"texture":"#0"},"down":{"uv":[7.0,1.5,7.5,2.0],"tintindex":0,"rotation":270,"texture":"#0"}}}],"display":{"gui":{"rotation":[30,225,0]}}}