{"textures":{"0":"modelengine:entity/nagaspellsinger"},"elements":[{"from":[7.9998355,10.635815,8.50719],"to":[8.00189,15.168165,13.0395355],"faces":{"east":{"uv":[13.0,15.0,14.0,14.0],"tintindex":0,"rotation":90,"texture":"#0"},"west":{"uv":[13.0,14.0,14.0,15.0],"tintindex":0,"rotation":90,"texture":"#0"}},"rotation":{"origin":[8.0,15.0,8.0],"angle":-22.5,"axis":"y"}},{"from":[6.0286913,6.7445254,7.257704],"to":[9.266087,10.629398,12.437534],"faces":{"east":{"uv":[11.5,9.5,12.5,10.0],"tintindex":0,"rotation":270,"texture":"#0"},"south":{"uv":[7.5,3.5,8.0,4.0],"tintindex":0,"rotation":0,"texture":"#0"},"north":{"uv":[15.5,8.0,16.0,8.5],"tintindex":0,"rotation":0,"texture":"#0"},"west":{"uv":[11.5,9.5,12.5,10.0],"tintindex":0,"rotation":270,"texture":"#0"},"up":{"uv":[7.0,8.5,7.5,9.5],"tintindex":0,"rotation":0,"texture":"#0"},"down":{"uv":[7.5,8.5,8.0,9.5],"tintindex":0,"rotation":0,"texture":"#0"}},"rotation":{"origin":[6.0575647,6.744644,8.485607],"angle":-22.5,"axis":"y"}}],"display":{"gui":{"rotation":[30,225,0]}}}