{"textures":{"0":"modelengine:entity/nagaspellsinger"},"elements":[{"from":[6.0023403,0.9036255,8.986713],"to":[12.477129,8.025891,16.108974],"faces":{"east":{"uv":[15.5,11.0,14.5,12.0],"tintindex":0,"rotation":0,"texture":"#0"},"south":{"uv":[13.5,11.0,14.5,12.0],"tintindex":0,"rotation":0,"texture":"#0"},"north":{"uv":[12.5,11.0,13.5,12.0],"tintindex":0,"rotation":0,"texture":"#0"},"west":{"uv":[14.5,11.0,15.5,12.0],"tintindex":0,"rotation":0,"texture":"#0"},"up":{"uv":[13.5,10.0,14.5,11.0],"tintindex":0,"rotation":0,"texture":"#0"},"down":{"uv":[12.5,10.0,13.5,11.0],"tintindex":0,"rotation":0,"texture":"#0"}},"rotation":{"origin":[6.0023623,0.90373516,8.986737],"angle":-45.0,"axis":"x"}}],"display":{"gui":{"rotation":[30,225,0]}}}