{"textures":{"0":"modelengine:entity/nagaspellsinger"},"elements":[{"from":[5.8543367,5.8034554,7.797243],"to":[9.739209,10.335806,12.977074],"faces":{"east":{"uv":[10.0,9.0,11.0,8.5],"tintindex":0,"rotation":270,"texture":"#0"},"south":{"uv":[12.0,7.5,12.5,8.0],"tintindex":0,"rotation":0,"texture":"#0"},"north":{"uv":[11.5,7.5,12.0,8.0],"tintindex":0,"rotation":0,"texture":"#0"},"west":{"uv":[10.0,8.5,11.0,9.0],"tintindex":0,"rotation":270,"texture":"#0"},"up":{"uv":[11.0,8.5,11.5,9.5],"tintindex":0,"rotation":0,"texture":"#0"},"down":{"uv":[9.0,8.5,9.5,9.5],"tintindex":0,"rotation":0,"texture":"#0"}}},{"from":[7.863906,10.342206,8.561193],"to":[7.865962,14.874557,13.093539],"faces":{"east":{"uv":[13.0,15.0,14.0,14.0],"tintindex":0,"rotation":90,"texture":"#0"},"west":{"uv":[13.0,14.0,14.0,15.0],"tintindex":0,"rotation":90,"texture":"#0"}}}],"display":{"gui":{"rotation":[30,225,0]}}}