{"textures":{"0":"modelengine:entity/nagaspellsinger"},"elements":[{"from":[5.67076,15.139065,4.8336],"to":[10.021,15.743263,9.18384],"faces":{"east":{"uv":[10.5,10.0,9.5,10.125],"tintindex":0,"rotation":0,"texture":"#0"},"south":{"uv":[6.5,10.0,6.75,11.0],"tintindex":0,"rotation":90,"texture":"#0"},"north":{"uv":[4.125,12.0,5.9375,12.25],"tintindex":0,"rotation":0,"texture":"#0"},"west":{"uv":[9.5,10.0,10.5,10.125],"tintindex":0,"rotation":0,"texture":"#0"},"up":{"uv":[6.5,10.0,7.5,11.0],"tintindex":0,"rotation":90,"texture":"#0"},"down":{"uv":[5.5,10.0,6.5,11.0],"tintindex":0,"rotation":270,"texture":"#0"}}},{"from":[6.75832,12.178486,4.3502398],"to":[8.45008,13.024364,4.59192],"faces":{"east":{"uv":[5.8125,12.3125,5.9375,12.6875],"tintindex":0,"rotation":180,"texture":"#0"},"south":{"uv":[4.8125,12.8125,4.1875,12.5],"tintindex":0,"rotation":180,"texture":"#0"},"north":{"uv":[4.75,12.75,4.125,12.5],"tintindex":0,"rotation":180,"texture":"#0"},"west":{"uv":[5.8125,12.3125,5.9375,12.6875],"tintindex":0,"rotation":180,"texture":"#0"},"up":{"uv":[5.8125,12.3125,5.9375,12.6875],"tintindex":0,"rotation":180,"texture":"#0"},"down":{"uv":[5.8125,12.3125,5.9375,12.6875],"tintindex":0,"rotation":180,"texture":"#0"}},"rotation":{"origin":[7.0,17.0,0.0],"angle":22.5,"axis":"z"}},{"from":[6.5166397,7.9370003,4.3502398],"to":[8.885104,8.662041,9.18384],"faces":{"east":{"uv":[10.5,9.5,9.5,10.0],"tintindex":0,"rotation":0,"texture":"#0"},"south":{"uv":[15.5,9.5,16.0,10.0],"tintindex":0,"rotation":0,"texture":"#0"},"north":{"uv":[12.6875,9.0625,13.25,9.25],"tintindex":0,"rotation":180,"texture":"#0"},"west":{"uv":[9.5,9.5,10.5,10.0],"tintindex":0,"rotation":0,"texture":"#0"},"up":{"uv":[6.5,0.5,7.0,1.5],"tintindex":0,"rotation":90,"texture":"#0"},"down":{"uv":[5.5,0.0,6.0,1.0],"tintindex":0,"rotation":0,"texture":"#0"}}},{"from":[7.1370325,9.456924,4.3961563],"to":[8.35269,9.879021,4.81826],"faces":{"east":{"uv":[8.0,5.5,8.5,6.0],"tintindex":0,"rotation":0,"texture":"#0"},"south":{"uv":[7.5,4.5,8.0,5.0],"tintindex":0,"rotation":270,"texture":"#0"},"north":{"uv":[7.5,5.0,8.0,5.5],"tintindex":0,"rotation":180,"texture":"#0"},"west":{"uv":[7.5,4.0,8.0,4.5],"tintindex":0,"rotation":0,"texture":"#0"},"up":{"uv":[7.5,5.5,8.0,6.0],"tintindex":0,"rotation":0,"texture":"#0"},"down":{"uv":[7.5,6.0,8.0,6.5],"tintindex":0,"rotation":90,"texture":"#0"}},"rotation":{"origin":[7.137083,9.456951,4.3962345],"angle":-45.0,"axis":"x"}},{"from":[6.8786764,9.35107,4.510957],"to":[7.272552,9.773163,4.933051],"faces":{"east":{"uv":[10.0,7.5,10.5,8.0],"tintindex":0,"rotation":0,"texture":"#0"},"south":{"uv":[9.0,7.5,9.5,8.0],"tintindex":0,"rotation":270,"texture":"#0"},"north":{"uv":[8.5,7.5,9.0,8.0],"tintindex":0,"rotation":90,"texture":"#0"},"west":{"uv":[9.5,7.5,10.0,8.0],"tintindex":0,"rotation":0,"texture":"#0"},"up":{"uv":[8.0,7.5,8.5,8.0],"tintindex":0,"rotation":270,"texture":"#0"},"down":{"uv":[7.5,0.0,8.0,0.5],"tintindex":0,"rotation":90,"texture":"#0"}},"rotation":{"origin":[6.878604,9.350998,4.5108747],"angle":-45.0,"axis":"x"}},{"from":[10.704472,-3.327221,2.9832973],"to":[20.37167,6.3399773,2.985714],"faces":{"south":{"uv":[11.0,14.0,13.0,16.0],"tintindex":0,"rotation":180,"texture":"#0"},"north":{"uv":[13.0,14.0,11.0,16.0],"tintindex":0,"rotation":180,"texture":"#0"}},"rotation":{"origin":[20.371624,-3.3271484,2.983307],"angle":22.5,"axis":"x"}},{"from":[-3.4942293,5.4336796,6.6084976],"to":[6.172971,15.10088,6.610914],"faces":{"south":{"uv":[10.0,12.0,8.0,14.0],"tintindex":0,"rotation":180,"texture":"#0"},"north":{"uv":[8.0,12.0,10.0,14.0],"tintindex":0,"rotation":180,"texture":"#0"}}},{"from":[5.2180934,9.5016365,4.386492],"to":[10.429246,15.129688,9.597645],"faces":{"east":{"uv":[10.5,10.0,9.5,11.0],"tintindex":0,"rotation":0,"texture":"#0"},"south":{"uv":[6.5,10.0,7.5,11.0],"tintindex":0,"rotation":90,"texture":"#0"},"north":{"uv":[4.0,12.0,6.0,14.0],"tintindex":0,"rotation":0,"texture":"#0"},"west":{"uv":[9.5,10.0,10.5,11.0],"tintindex":0,"rotation":0,"texture":"#0"},"up":{"uv":[6.5,10.0,7.5,11.0],"tintindex":0,"rotation":90,"texture":"#0"},"down":{"uv":[5.5,10.0,6.5,11.0],"tintindex":0,"rotation":270,"texture":"#0"}}},{"from":[8.237643,9.35107,4.510957],"to":[8.631519,9.773163,4.933051],"faces":{"east":{"uv":[14.0,8.0,14.5,8.5],"tintindex":0,"rotation":0,"texture":"#0"},"south":{"uv":[13.0,8.0,13.5,8.5],"tintindex":0,"rotation":270,"texture":"#0"},"north":{"uv":[12.5,8.0,13.0,8.5],"tintindex":0,"rotation":90,"texture":"#0"},"west":{"uv":[13.5,8.0,14.0,8.5],"tintindex":0,"rotation":0,"texture":"#0"},"up":{"uv":[12.0,8.0,12.5,8.5],"tintindex":0,"rotation":270,"texture":"#0"},"down":{"uv":[11.5,8.0,12.0,8.5],"tintindex":0,"rotation":90,"texture":"#0"}},"rotation":{"origin":[6.878604,9.350998,4.5108747],"angle":-45.0,"axis":"x"}},{"from":[-1.379529,15.10088,6.6084976],"to":[16.746471,24.768078,6.610914],"faces":{"south":{"uv":[3.5,14.0,0.0,16.0],"tintindex":0,"rotation":180,"texture":"#0"},"north":{"uv":[0.0,14.0,3.5,16.0],"tintindex":0,"rotation":180,"texture":"#0"}}},{"from":[7.3016167,10.673542,4.5421314],"to":[8.239623,14.147644,5.4801426],"faces":{"east":{"uv":[7.5,6.5,8.0,7.0],"tintindex":0,"rotation":0,"texture":"#0"},"south":{"uv":[7.5,7.5,8.0,8.0],"tintindex":0,"rotation":270,"texture":"#0"},"north":{"uv":[6.5,2.5,7.0,3.5],"tintindex":0,"rotation":0,"texture":"#0"},"west":{"uv":[7.5,7.0,8.0,7.5],"tintindex":0,"rotation":0,"texture":"#0"},"up":{"uv":[15.0,8.0,15.5,8.5],"tintindex":0,"rotation":270,"texture":"#0"},"down":{"uv":[14.5,8.0,15.0,8.5],"tintindex":0,"rotation":90,"texture":"#0"}},"rotation":{"origin":[7.30152,12.925274,4.3864946],"angle":22.5,"axis":"x"}},{"from":[9.193971,5.4336796,6.6084976],"to":[18.861172,15.10088,6.610914],"faces":{"south":{"uv":[8.0,12.0,10.0,14.0],"tintindex":0,"rotation":180,"texture":"#0"},"north":{"uv":[10.0,12.0,8.0,14.0],"tintindex":0,"rotation":180,"texture":"#0"}}},{"from":[8.8126,8.782879,4.398576],"to":[10.021,9.99128,8.990496],"faces":{"east":{"uv":[10.5,9.5,9.5,10.0],"tintindex":0,"rotation":0,"texture":"#0"},"south":{"uv":[15.5,9.5,16.0,10.0],"tintindex":0,"rotation":0,"texture":"#0"},"north":{"uv":[10.5,6.3125,11.0,6.8125],"tintindex":0,"rotation":180,"texture":"#0"},"west":{"uv":[9.5,9.5,10.5,10.0],"tintindex":0,"rotation":0,"texture":"#0"},"up":{"uv":[6.5,0.5,7.0,1.5],"tintindex":0,"rotation":90,"texture":"#0"},"down":{"uv":[5.5,0.0,6.0,1.0],"tintindex":0,"rotation":0,"texture":"#0"}}},{"from":[-5.0047293,-3.327221,2.9832973],"to":[4.662471,6.3399773,2.985714],"faces":{"south":{"uv":[13.0,14.0,11.0,16.0],"tintindex":0,"rotation":180,"texture":"#0"},"north":{"uv":[11.0,14.0,13.0,16.0],"tintindex":0,"rotation":180,"texture":"#0"}},"rotation":{"origin":[4.662418,-3.3271484,2.983307],"angle":22.5,"axis":"x"}},{"from":[6.0035534,8.541199,4.386492],"to":[9.628754,9.507919,9.220092],"faces":{"east":{"uv":[10.5,9.5,9.5,10.0],"tintindex":0,"rotation":0,"texture":"#0"},"south":{"uv":[15.5,9.5,16.0,10.0],"tintindex":0,"rotation":0,"texture":"#0"},"north":{"uv":[12.5,9.0625,13.5,9.5],"tintindex":0,"rotation":180,"texture":"#0"},"west":{"uv":[9.5,9.5,10.5,10.0],"tintindex":0,"rotation":0,"texture":"#0"},"up":{"uv":[6.5,0.5,7.0,1.5],"tintindex":0,"rotation":90,"texture":"#0"},"down":{"uv":[5.5,0.0,6.0,1.0],"tintindex":0,"rotation":0,"texture":"#0"}}},{"from":[5.54992,8.782879,4.398576],"to":[6.75832,9.99128,8.990496],"faces":{"east":{"uv":[10.5,9.5,9.5,10.0],"tintindex":0,"rotation":0,"texture":"#0"},"south":{"uv":[15.5,9.5,16.0,10.0],"tintindex":0,"rotation":0,"texture":"#0"},"north":{"uv":[10.5,6.3125,11.0,6.8125],"tintindex":0,"rotation":180,"texture":"#0"},"west":{"uv":[9.5,9.5,10.5,10.0],"tintindex":0,"rotation":0,"texture":"#0"},"up":{"uv":[6.5,0.5,7.0,1.5],"tintindex":0,"rotation":90,"texture":"#0"},"down":{"uv":[5.5,0.0,6.0,1.0],"tintindex":0,"rotation":0,"texture":"#0"}}},{"from":[3.2539601,12.9639435,4.3502398],"to":[4.9457197,13.809826,4.59192],"faces":{"east":{"uv":[5.8125,12.3125,5.9375,12.6875],"tintindex":0,"rotation":180,"texture":"#0"},"south":{"uv":[5.3125,12.5,5.9375,12.8125],"tintindex":0,"rotation":0,"texture":"#0"},"north":{"uv":[5.375,12.4375,6.0,12.75],"tintindex":0,"rotation":0,"texture":"#0"},"west":{"uv":[5.8125,12.3125,5.9375,12.6875],"tintindex":0,"rotation":180,"texture":"#0"},"up":{"uv":[5.8125,12.3125,5.9375,12.6875],"tintindex":0,"rotation":180,"texture":"#0"},"down":{"uv":[5.8125,12.3125,5.9375,12.6875],"tintindex":0,"rotation":180,"texture":"#0"}},"rotation":{"origin":[4.5832,7.332802,0.0],"angle":-22.5,"axis":"z"}}],"display":{"gui":{"rotation":[30,225,0]}}}