{"textures":{"0":"modelengine:entity/nagaspellsinger"},"elements":[{"from":[4.522297,-5.826003,1.8669066],"to":[11.644563,1.2962627,9.636652],"faces":{"east":{"uv":[6.5,11.0,5.0,12.0],"tintindex":0,"rotation":0,"texture":"#0"},"south":{"uv":[10.5,10.0,11.5,11.0],"tintindex":0,"rotation":0,"texture":"#0"},"north":{"uv":[11.5,10.0,12.5,11.0],"tintindex":0,"rotation":0,"texture":"#0"},"west":{"uv":[5.0,11.0,6.5,12.0],"tintindex":0,"rotation":0,"texture":"#0"},"up":{"uv":[3.5,5.0,4.5,6.5],"tintindex":0,"rotation":0,"texture":"#0"},"down":{"uv":[3.5,6.5,4.5,8.0],"tintindex":0,"rotation":0,"texture":"#0"}}},{"from":[3.292387,0.6488457,1.543055],"to":[12.959587,10.316046,8.793455],"faces":{"east":{"uv":[11.5,12.0,10.0,14.0],"tintindex":0,"rotation":0,"texture":"#0"},"south":{"uv":[11.5,12.0,13.0,14.0],"tintindex":0,"rotation":0,"texture":"#0"},"north":{"uv":[13.0,12.0,14.5,14.0],"tintindex":0,"rotation":0,"texture":"#0"},"west":{"uv":[10.0,12.0,11.5,14.0],"tintindex":0,"rotation":0,"texture":"#0"},"up":{"uv":[2.0,10.5,3.5,12.0],"tintindex":0,"rotation":0,"texture":"#0"},"down":{"uv":[2.0,0.0,3.5,1.5],"tintindex":0,"rotation":0,"texture":"#0"}},"rotation":{"origin":[3.2921476,0.64872265,1.5431638],"angle":22.5,"axis":"x"}}],"display":{"gui":{"rotation":[30,225,0]}}}