{"textures":{"0":"modelengine:entity/nagaspellsinger"},"elements":[{"from":[6.485999,-1.2290602,6.57512],"to":[9.15052,1.1877403,9.239642],"faces":{"east":{"uv":[8.0,3.0,8.5,3.5],"tintindex":0,"rotation":0,"texture":"#0"},"south":{"uv":[8.5,4.5,8.0,5.0],"tintindex":0,"rotation":0,"texture":"#0"},"north":{"uv":[8.0,4.5,8.5,5.0],"tintindex":0,"rotation":0,"texture":"#0"},"west":{"uv":[8.0,3.5,8.5,4.0],"tintindex":0,"rotation":0,"texture":"#0"},"up":{"uv":[8.0,5.0,8.5,5.5],"tintindex":0,"rotation":0,"texture":"#0"},"down":{"uv":[8.5,6.5,9.0,7.0],"tintindex":0,"rotation":0,"texture":"#0"}}},{"from":[6.485999,1.101944,6.57512],"to":[8.9028,8.352343,8.9919195],"faces":{"east":{"uv":[6.0,1.0,6.5,2.5],"tintindex":0,"rotation":0,"texture":"#0"},"south":{"uv":[6.0,1.0,6.5,2.5],"tintindex":0,"rotation":0,"texture":"#0"},"north":{"uv":[6.0,1.0,6.5,2.5],"tintindex":0,"rotation":0,"texture":"#0"},"west":{"uv":[6.0,1.0,6.5,2.5],"tintindex":0,"rotation":0,"texture":"#0"},"up":{"uv":[8.0,2.0,8.5,2.5],"tintindex":0,"rotation":0,"texture":"#0"},"down":{"uv":[8.0,2.5,8.5,3.0],"tintindex":0,"rotation":0,"texture":"#0"}}},{"from":[7.381665,1.3873672,9.010771],"to":[7.384082,7.429365,12.635971],"faces":{"east":{"uv":[10.0,8.5,9.5,9.5],"tintindex":0,"rotation":180,"texture":"#0"},"west":{"uv":[9.5,8.5,10.0,9.5],"tintindex":0,"rotation":180,"texture":"#0"}}}],"display":{"gui":{"rotation":[30,225,0]}}}