{"textures":{"0":"modelengine:entity/nagaspellsinger"},"elements":[{"from":[7.793344,9.599998,5.5],"to":[8.880904,10.035,5.922104],"faces":{"east":{"uv":[7.5,0.5,8.0,1.0],"tintindex":0,"rotation":0,"texture":"#0"},"south":{"uv":[7.5,1.5,8.0,2.0],"tintindex":0,"rotation":270,"texture":"#0"},"north":{"uv":[7.5,2.0,8.0,2.5],"tintindex":0,"rotation":180,"texture":"#0"},"west":{"uv":[7.5,1.0,8.0,1.5],"tintindex":0,"rotation":0,"texture":"#0"},"up":{"uv":[7.5,2.5,8.0,3.0],"tintindex":0,"rotation":270,"texture":"#0"},"down":{"uv":[7.5,3.0,8.0,3.5],"tintindex":0,"rotation":90,"texture":"#0"}},"rotation":{"origin":[7.6,8.513466,10.761016],"angle":-22.5,"axis":"x"}}],"display":{"gui":{"rotation":[30,225,0]}}}