{"textures":{"0":"modelengine:entity/nagaspellsinger"},"elements":[{"from":[6.8957148,2.199688,3.3419867],"to":[6.8981314,8.241686,6.967187],"faces":{"east":{"uv":[10.0,8.5,9.5,9.5],"tintindex":0,"rotation":180,"texture":"#0"},"west":{"uv":[9.5,8.5,10.0,9.5],"tintindex":0,"rotation":180,"texture":"#0"}},"rotation":{"origin":[6.8957872,2.1996212,3.3419266],"angle":45.0,"axis":"x"}},{"from":[6.0000486,2.000061,3.6239624E-5],"to":[8.66457,4.4168606,2.6645584],"faces":{"east":{"uv":[8.0,3.5,8.5,4.0],"tintindex":0,"rotation":0,"texture":"#0"},"south":{"uv":[8.0,4.5,8.5,5.0],"tintindex":0,"rotation":0,"texture":"#0"},"north":{"uv":[8.5,4.5,8.0,5.0],"tintindex":0,"rotation":0,"texture":"#0"},"west":{"uv":[8.0,1.0,8.5,1.5],"tintindex":0,"rotation":0,"texture":"#0"},"up":{"uv":[8.0,6.5,8.5,7.0],"tintindex":0,"rotation":0,"texture":"#0"},"down":{"uv":[9.0,6.5,8.5,7.0],"tintindex":0,"rotation":0,"texture":"#0"}},"rotation":{"origin":[6.0,2.0,0.0],"angle":45.0,"axis":"x"}},{"from":[6.0000486,4.331064,3.6239624E-5],"to":[8.416849,11.581465,2.4168358],"faces":{"east":{"uv":[6.0,8.5,6.5,10.0],"tintindex":0,"rotation":0,"texture":"#0"},"south":{"uv":[6.0,8.5,6.5,10.0],"tintindex":0,"rotation":0,"texture":"#0"},"north":{"uv":[6.0,8.5,6.5,10.0],"tintindex":0,"rotation":0,"texture":"#0"},"west":{"uv":[6.0,8.5,6.5,10.0],"tintindex":0,"rotation":0,"texture":"#0"},"up":{"uv":[9.5,7.0,10.0,7.5],"tintindex":0,"rotation":0,"texture":"#0"},"down":{"uv":[8.0,0.0,8.5,0.5],"tintindex":0,"rotation":0,"texture":"#0"}},"rotation":{"origin":[6.0,2.0,0.0],"angle":45.0,"axis":"x"}}],"display":{"gui":{"rotation":[30,225,0]}}}