{"textures":{"0":"modelengine:entity/nagaspellsinger"},"elements":[{"from":[6.088866,7.9601173,6.847931],"to":[9.351546,11.585318,10.110611],"faces":{"east":{"uv":[14.5,7.5,14.0,8.0],"tintindex":0,"rotation":180,"texture":"#0"},"south":{"uv":[13.5,7.5,14.0,8.0],"tintindex":0,"rotation":0,"texture":"#0"},"north":{"uv":[4.5,0.0,5.5,1.0],"tintindex":0,"rotation":0,"texture":"#0"},"west":{"uv":[14.0,7.5,14.5,8.0],"tintindex":0,"rotation":180,"texture":"#0"},"up":{"uv":[13.5,7.5,14.0,8.0],"tintindex":0,"rotation":0,"texture":"#0"},"down":{"uv":[12.5,7.5,13.0,8.0],"tintindex":0,"rotation":0,"texture":"#0"}}}],"display":{"gui":{"rotation":[30,225,0]}}}