{"textures":{"0":"modelengine:entity/nagaspellsinger"},"elements":[{"from":[8.08321,10.477136,9.395309],"to":[8.085266,15.009486,13.28017],"faces":{"east":{"uv":[13.0,15.0,14.0,14.0],"tintindex":0,"rotation":90,"texture":"#0"},"west":{"uv":[13.0,14.0,14.0,15.0],"tintindex":0,"rotation":90,"texture":"#0"}}},{"from":[5.1697574,4.6437054,7.017904],"to":[10.997066,11.118494,13.492704],"faces":{"east":{"uv":[4.5,9.0,5.5,8.0],"tintindex":0,"rotation":270,"texture":"#0"},"south":{"uv":[4.5,9.0,5.5,10.0],"tintindex":0,"rotation":0,"texture":"#0"},"north":{"uv":[4.5,10.0,5.5,11.0],"tintindex":0,"rotation":0,"texture":"#0"},"west":{"uv":[4.5,8.0,5.5,9.0],"tintindex":0,"rotation":270,"texture":"#0"},"up":{"uv":[3.5,0.5,4.5,1.5],"tintindex":0,"rotation":0,"texture":"#0"},"down":{"uv":[3.5,1.5,4.5,2.5],"tintindex":0,"rotation":0,"texture":"#0"}}}],"display":{"gui":{"rotation":[30,225,0]}}}