{"textures":{"0":"modelengine:entity/nagaspellsinger"},"elements":[{"from":[3.8787613,7.0394855,8.531769],"to":[5.8211966,9.6294,13.711599],"faces":{"east":{"uv":[13.5,10.0,14.5,9.5],"tintindex":0,"rotation":270,"texture":"#0"},"south":{"uv":[12.5,8.5625,13.0,9.0625],"tintindex":0,"rotation":0,"texture":"#0"},"north":{"uv":[6.5,0.0,7.0,0.5],"tintindex":0,"rotation":0,"texture":"#0"},"west":{"uv":[13.5,9.5,14.5,10.0],"tintindex":0,"rotation":270,"texture":"#0"},"up":{"uv":[12.0,8.5,12.5,9.5],"tintindex":0,"rotation":0,"texture":"#0"},"down":{"uv":[8.0,8.5,8.5,9.5],"tintindex":0,"rotation":0,"texture":"#0"}},"rotation":{"origin":[5.0863447,7.039604,0.55398464],"angle":22.5,"axis":"y"}},{"from":[7.999889,9.635854,8.50736],"to":[8.0019455,14.168204,13.039705],"faces":{"east":{"uv":[9.0,15.5,10.0,14.5],"tintindex":0,"rotation":270,"texture":"#0"},"west":{"uv":[9.0,14.5,10.0,15.5],"tintindex":0,"rotation":270,"texture":"#0"}},"rotation":{"origin":[8.0,14.0,8.0],"angle":22.5,"axis":"y"}}],"display":{"gui":{"rotation":[30,225,0]}}}