{"textures":{"0":"modelengine:entity/nagaspellsinger"},"elements":[{"from":[8.245135,9.7234335,8.302034],"to":[8.2471895,14.255784,12.834381],"faces":{"east":{"uv":[14.0,15.0,15.0,14.0],"tintindex":0,"rotation":270,"texture":"#0"},"west":{"uv":[14.0,14.0,15.0,15.0],"tintindex":0,"rotation":270,"texture":"#0"}}},{"from":[6.926046,6.8034554,7.5470257],"to":[9.515962,10.04085,12.726856],"faces":{"east":{"uv":[10.0,9.5,11.0,9.0],"tintindex":0,"rotation":270,"texture":"#0"},"south":{"uv":[11.0,7.5,11.5,8.0],"tintindex":0,"rotation":0,"texture":"#0"},"north":{"uv":[10.5,7.5,11.0,8.0],"tintindex":0,"rotation":0,"texture":"#0"},"west":{"uv":[10.0,9.0,11.0,9.5],"tintindex":0,"rotation":270,"texture":"#0"},"up":{"uv":[6.0,0.0,6.5,1.0],"tintindex":0,"rotation":0,"texture":"#0"},"down":{"uv":[6.5,1.5,7.0,2.5],"tintindex":0,"rotation":0,"texture":"#0"}}}],"display":{"gui":{"rotation":[30,225,0]}}}