{"textures":{"1":"modelengine:entity/nagaspear"},"elements":[{"from":[7.6637383,18.409191,6.02439],"to":[8.029074,19.714264,6.527868],"faces":{"east":{"uv":[5.0,8.0,6.0,9.0],"tintindex":0,"rotation":180,"texture":"#1"},"south":{"uv":[5.0,10.0,6.0,11.0],"tintindex":0,"rotation":0,"texture":"#1"},"north":{"uv":[5.0,11.0,6.0,12.0],"tintindex":0,"rotation":0,"texture":"#1"},"west":{"uv":[5.0,9.0,6.0,10.0],"tintindex":0,"rotation":180,"texture":"#1"},"up":{"uv":[5.0,12.0,6.0,13.0],"tintindex":0,"rotation":0,"texture":"#1"},"down":{"uv":[5.0,13.0,6.0,14.0],"tintindex":0,"rotation":0,"texture":"#1"}},"rotation":{"origin":[7.5,2.5,13.0],"angle":-22.5,"axis":"x"}},{"from":[7.6637383,15.136359,6.6488914],"to":[8.029074,16.441433,7.362438],"faces":{"east":{"uv":[8.0,9.0,9.0,10.0],"tintindex":0,"rotation":180,"texture":"#1"},"south":{"uv":[8.0,11.0,9.0,12.0],"tintindex":0,"rotation":0,"texture":"#1"},"north":{"uv":[8.0,12.0,9.0,13.0],"tintindex":0,"rotation":0,"texture":"#1"},"west":{"uv":[8.0,10.0,9.0,11.0],"tintindex":0,"rotation":180,"texture":"#1"},"up":{"uv":[8.0,13.0,9.0,14.0],"tintindex":0,"rotation":0,"texture":"#1"},"down":{"uv":[8.0,14.0,9.0,15.0],"tintindex":0,"rotation":0,"texture":"#1"}},"rotation":{"origin":[7.5,2.5,13.0],"angle":-22.5,"axis":"x"}},{"from":[7.6637383,16.72601,6.223414],"to":[8.029074,18.031082,6.794251],"faces":{"east":{"uv":[9.0,10.0,10.0,11.0],"tintindex":0,"rotation":180,"texture":"#1"},"south":{"uv":[9.0,12.0,10.0,13.0],"tintindex":0,"rotation":0,"texture":"#1"},"north":{"uv":[9.0,13.0,10.0,14.0],"tintindex":0,"rotation":0,"texture":"#1"},"west":{"uv":[9.0,11.0,10.0,12.0],"tintindex":0,"rotation":180,"texture":"#1"},"up":{"uv":[15.0,14.0,16.0,15.0],"tintindex":0,"rotation":0,"texture":"#1"},"down":{"uv":[14.0,14.0,15.0,15.0],"tintindex":0,"rotation":0,"texture":"#1"}},"rotation":{"origin":[7.5,2.5,13.0],"angle":-22.5,"axis":"x"}},{"from":[7.569,14.54666,12.456221],"to":[8.125831,16.504269,13.54378],"faces":{"east":{"uv":[5.0,14.0,6.0,15.0],"tintindex":0,"rotation":0,"texture":"#1"},"south":{"uv":[4.0,8.0,5.0,9.0],"tintindex":0,"rotation":0,"texture":"#1"},"north":{"uv":[4.0,9.0,5.0,10.0],"tintindex":0,"rotation":0,"texture":"#1"},"west":{"uv":[5.0,15.0,6.0,16.0],"tintindex":0,"rotation":0,"texture":"#1"},"up":{"uv":[4.0,10.0,5.0,11.0],"tintindex":0,"rotation":0,"texture":"#1"},"down":{"uv":[4.0,11.0,5.0,12.0],"tintindex":0,"rotation":0,"texture":"#1"}},"rotation":{"origin":[7.5,2.5,13.0],"angle":-45.0,"axis":"x"}},{"from":[7.5,2.5,13.0],"to":[8.210611,14.5803995,13.710611],"faces":{"east":{"uv":[0.0,0.0,1.0,7.5],"tintindex":0,"rotation":0,"texture":"#1"},"south":{"uv":[0.0,0.0,1.0,7.5],"tintindex":0,"rotation":0,"texture":"#1"},"north":{"uv":[0.0,0.0,1.0,7.5],"tintindex":0,"rotation":0,"texture":"#1"},"west":{"uv":[0.0,0.0,1.0,7.5],"tintindex":0,"rotation":0,"texture":"#1"},"up":{"uv":[0.0,9.0,1.0,10.0],"tintindex":0,"rotation":0,"texture":"#1"},"down":{"uv":[0.0,10.0,1.0,11.0],"tintindex":0,"rotation":0,"texture":"#1"}},"rotation":{"origin":[7.5,2.5,13.0],"angle":-45.0,"axis":"x"}},{"from":[7.3222446,1.6225805,12.822245],"to":[8.409804,2.7101412,13.909804],"faces":{"east":{"uv":[1.0,0.0,2.5,1.5],"tintindex":0,"rotation":0,"texture":"#1"},"south":{"uv":[1.0,0.0,2.5,1.5],"tintindex":0,"rotation":0,"texture":"#1"},"north":{"uv":[1.0,0.0,2.5,1.5],"tintindex":0,"rotation":0,"texture":"#1"},"west":{"uv":[1.0,0.0,2.5,1.5],"tintindex":0,"rotation":0,"texture":"#1"},"up":{"uv":[1.0,0.0,2.5,1.5],"tintindex":0,"rotation":0,"texture":"#1"},"down":{"uv":[1.0,0.0,2.5,1.5],"tintindex":0,"rotation":0,"texture":"#1"}},"rotation":{"origin":[7.5,2.5,13.0],"angle":-45.0,"axis":"x"}},{"from":[7.66398,16.504269,12.771612],"to":[8.029316,17.809341,13.485161],"faces":{"east":{"uv":[7.0,12.0,8.0,13.0],"tintindex":0,"rotation":0,"texture":"#1"},"south":{"uv":[7.0,14.0,8.0,15.0],"tintindex":0,"rotation":0,"texture":"#1"},"north":{"uv":[7.0,15.0,8.0,16.0],"tintindex":0,"rotation":0,"texture":"#1"},"west":{"uv":[7.0,13.0,8.0,14.0],"tintindex":0,"rotation":0,"texture":"#1"},"up":{"uv":[6.0,8.0,7.0,9.0],"tintindex":0,"rotation":0,"texture":"#1"},"down":{"uv":[6.0,9.0,7.0,10.0],"tintindex":0,"rotation":0,"texture":"#1"}},"rotation":{"origin":[7.5,2.5,13.0],"angle":-45.0,"axis":"x"}},{"from":[7.7142496,19.63644,13.141383],"to":[8.006514,20.941513,13.506719],"faces":{"east":{"uv":[4.0,12.0,5.0,13.0],"tintindex":0,"rotation":0,"texture":"#1"},"south":{"uv":[4.0,14.0,5.0,15.0],"tintindex":0,"rotation":0,"texture":"#1"},"north":{"uv":[4.0,15.0,5.0,16.0],"tintindex":0,"rotation":0,"texture":"#1"},"west":{"uv":[4.0,13.0,5.0,14.0],"tintindex":0,"rotation":0,"texture":"#1"},"up":{"uv":[3.0,8.0,4.0,9.0],"tintindex":0,"rotation":0,"texture":"#1"},"down":{"uv":[3.0,9.0,4.0,10.0],"tintindex":0,"rotation":0,"texture":"#1"}},"rotation":{"origin":[7.5,2.5,13.0],"angle":-45.0,"axis":"x"}},{"from":[7.663617,14.232114,7.0234957],"to":[8.028954,15.537187,7.7370424],"faces":{"east":{"uv":[15.0,15.0,16.0,16.0],"tintindex":0,"rotation":180,"texture":"#1"},"south":{"uv":[13.0,15.0,14.0,16.0],"tintindex":0,"rotation":0,"texture":"#1"},"north":{"uv":[12.0,15.0,13.0,16.0],"tintindex":0,"rotation":0,"texture":"#1"},"west":{"uv":[14.0,15.0,15.0,16.0],"tintindex":0,"rotation":180,"texture":"#1"},"up":{"uv":[11.0,15.0,12.0,16.0],"tintindex":0,"rotation":0,"texture":"#1"},"down":{"uv":[10.0,15.0,11.0,16.0],"tintindex":0,"rotation":0,"texture":"#1"}},"rotation":{"origin":[7.5,2.5,13.0],"angle":-22.5,"axis":"x"}},{"from":[7.6637383,13.629243,7.2733927],"to":[8.029074,14.934316,7.9869394],"faces":{"east":{"uv":[9.0,15.0,10.0,16.0],"tintindex":0,"rotation":180,"texture":"#1"},"south":{"uv":[7.0,8.0,8.0,9.0],"tintindex":0,"rotation":0,"texture":"#1"},"north":{"uv":[7.0,9.0,8.0,10.0],"tintindex":0,"rotation":0,"texture":"#1"},"west":{"uv":[8.0,15.0,9.0,16.0],"tintindex":0,"rotation":180,"texture":"#1"},"up":{"uv":[7.0,10.0,8.0,11.0],"tintindex":0,"rotation":0,"texture":"#1"},"down":{"uv":[7.0,11.0,8.0,12.0],"tintindex":0,"rotation":0,"texture":"#1"}},"rotation":{"origin":[7.5,2.5,13.0],"angle":-22.5,"axis":"x"}},{"from":[7.8553905,11.156132,8.803589],"to":[7.857566,14.418812,13.15383],"faces":{"east":{"uv":[9.0,2.0,4.0,7.0],"tintindex":0,"rotation":0,"texture":"#1"},"west":{"uv":[4.0,2.0,9.0,7.0],"tintindex":0,"rotation":0,"texture":"#1"}},"rotation":{"origin":[7.5,2.5,13.0],"angle":-45.0,"axis":"x"}},{"from":[7.663617,16.139816,6.513309],"to":[8.028954,17.444885,7.0841465],"faces":{"east":{"uv":[13.0,14.0,14.0,15.0],"tintindex":0,"rotation":180,"texture":"#1"},"south":{"uv":[11.0,14.0,12.0,15.0],"tintindex":0,"rotation":0,"texture":"#1"},"north":{"uv":[10.0,14.0,11.0,15.0],"tintindex":0,"rotation":0,"texture":"#1"},"west":{"uv":[12.0,14.0,13.0,15.0],"tintindex":0,"rotation":180,"texture":"#1"},"up":{"uv":[9.0,14.0,10.0,15.0],"tintindex":0,"rotation":0,"texture":"#1"},"down":{"uv":[8.0,8.0,9.0,9.0],"tintindex":0,"rotation":0,"texture":"#1"}},"rotation":{"origin":[7.5,2.5,13.0],"angle":-22.5,"axis":"x"}},{"from":[7.713766,17.809341,12.923871],"to":[8.006029,19.688644,13.494707],"faces":{"east":{"uv":[6.0,10.0,7.0,11.0],"tintindex":0,"rotation":0,"texture":"#1"},"south":{"uv":[6.0,12.0,7.0,13.0],"tintindex":0,"rotation":0,"texture":"#1"},"north":{"uv":[6.0,13.0,7.0,14.0],"tintindex":0,"rotation":0,"texture":"#1"},"west":{"uv":[6.0,11.0,7.0,12.0],"tintindex":0,"rotation":0,"texture":"#1"},"up":{"uv":[6.0,14.0,7.0,15.0],"tintindex":0,"rotation":0,"texture":"#1"},"down":{"uv":[6.0,15.0,7.0,16.0],"tintindex":0,"rotation":0,"texture":"#1"}},"rotation":{"origin":[7.5,2.5,13.0],"angle":-45.0,"axis":"x"}},{"from":[7.663617,17.32888,5.973758],"to":[8.028954,18.633953,6.5445957],"faces":{"east":{"uv":[13.0,13.0,14.0,14.0],"tintindex":0,"rotation":180,"texture":"#1"},"south":{"uv":[11.0,13.0,12.0,14.0],"tintindex":0,"rotation":0,"texture":"#1"},"north":{"uv":[10.0,13.0,11.0,14.0],"tintindex":0,"rotation":0,"texture":"#1"},"west":{"uv":[12.0,13.0,13.0,14.0],"tintindex":0,"rotation":180,"texture":"#1"},"up":{"uv":[9.0,8.0,10.0,9.0],"tintindex":0,"rotation":0,"texture":"#1"},"down":{"uv":[9.0,9.0,10.0,10.0],"tintindex":0,"rotation":0,"texture":"#1"}},"rotation":{"origin":[7.5,2.5,13.0],"angle":-22.5,"axis":"x"}}],"display":{"gui":{"rotation":[30,225,0]}}}