{"textures":{"0":"modelengine:entity/nagaspellsinger"},"elements":[{"from":[7.56994,5.8023996,7.9445105],"to":[12.749771,11.629707,13.124341],"faces":{"east":{"uv":[4.5,3.0,5.5,2.0],"tintindex":0,"rotation":270,"texture":"#0"},"south":{"uv":[4.5,3.0,5.5,4.0],"tintindex":0,"rotation":0,"texture":"#0"},"north":{"uv":[4.5,4.0,5.5,5.0],"tintindex":0,"rotation":0,"texture":"#0"},"west":{"uv":[4.5,2.0,5.5,3.0],"tintindex":0,"rotation":270,"texture":"#0"},"up":{"uv":[4.5,5.0,5.5,6.0],"tintindex":0,"rotation":0,"texture":"#0"},"down":{"uv":[4.5,6.0,5.5,7.0],"tintindex":0,"rotation":0,"texture":"#0"}},"rotation":{"origin":[8.48561,5.802212,13.503586],"angle":22.5,"axis":"y"}},{"from":[7.999889,11.63583,8.507383],"to":[8.0019455,16.16818,13.039728],"faces":{"east":{"uv":[13.0,15.0,14.0,14.0],"tintindex":0,"rotation":90,"texture":"#0"},"west":{"uv":[13.0,14.0,14.0,15.0],"tintindex":0,"rotation":90,"texture":"#0"}},"rotation":{"origin":[8.0,16.0,8.0],"angle":22.5,"axis":"y"}}],"display":{"gui":{"rotation":[30,225,0]}}}