{"textures":{"0":"modelengine:entity/nagaspellsinger"},"elements":[{"from":[4.883131,0.2854824,11.122023],"to":[8.154874,7.535883,14.393766],"faces":{"east":{"uv":[6.5,5.0,7.0,6.5],"tintindex":0,"rotation":0,"texture":"#0"},"south":{"uv":[6.5,5.0,7.0,6.5],"tintindex":0,"rotation":0,"texture":"#0"},"north":{"uv":[6.5,5.0,7.0,6.5],"tintindex":0,"rotation":0,"texture":"#0"},"west":{"uv":[6.5,5.0,7.0,6.5],"tintindex":0,"rotation":0,"texture":"#0"},"up":{"uv":[9.0,7.0,9.5,7.5],"tintindex":0,"rotation":0,"texture":"#0"},"down":{"uv":[8.5,7.0,9.0,7.5],"tintindex":0,"rotation":0,"texture":"#0"}},"rotation":{"origin":[5.0,-5.0,9.0],"angle":-22.5,"axis":"x"}}],"display":{"gui":{"rotation":[30,225,0]}}}