{"textures":{"0":"modelengine:entity/nagaspellsinger"},"elements":[{"from":[7.72115,3.8002815,0.98840904],"to":[10.992893,11.050682,4.260153],"faces":{"east":{"uv":[5.5,7.0,6.0,8.5],"tintindex":0,"rotation":0,"texture":"#0"},"south":{"uv":[5.5,7.0,6.0,8.5],"tintindex":0,"rotation":0,"texture":"#0"},"north":{"uv":[5.5,7.0,6.0,8.5],"tintindex":0,"rotation":0,"texture":"#0"},"west":{"uv":[5.5,7.0,6.0,8.5],"tintindex":0,"rotation":0,"texture":"#0"},"up":{"uv":[15.5,7.5,16.0,8.0],"tintindex":0,"rotation":0,"texture":"#0"},"down":{"uv":[15.0,7.5,15.5,8.0],"tintindex":0,"rotation":0,"texture":"#0"}},"rotation":{"origin":[8.0,-4.0,-2.0],"angle":22.5,"axis":"x"}}],"display":{"gui":{"rotation":[30,225,0]}}}