{"textures":{"0":"modelengine:entity/seaserpentmeg"},"elements":[{"from":[4.2941437,4.291712,-4.19046],"to":[11.088214,13.026945,8.427098],"faces":{"east":{"uv":[11.0625,1.0,9.875,1.8125],"tintindex":0,"rotation":0,"texture":"#0"},"south":{"uv":[10.6875,10.875,11.3125,11.6875],"tintindex":0,"rotation":0,"texture":"#0"},"north":{"uv":[10.6875,10.875,11.3125,11.6875],"tintindex":0,"rotation":0,"texture":"#0"},"west":{"uv":[9.875,1.0,11.0625,1.8125],"tintindex":0,"rotation":0,"texture":"#0"},"up":{"uv":[9.875,1.0,11.0625,1.8125],"tintindex":0,"rotation":90,"texture":"#0"},"down":{"uv":[11.25,2.5,10.625,3.6875],"tintindex":0,"rotation":0,"texture":"#0"}}},{"from":[7.691179,13.026945,-4.19046],"to":[7.69312,26.615084,8.427098],"faces":{"east":{"uv":[5.5,7.75,4.3125,8.9375],"tintindex":0,"rotation":0,"texture":"#0"},"west":{"uv":[4.3125,7.75,5.5,8.9375],"tintindex":0,"rotation":0,"texture":"#0"}}}],"display":{"gui":{"rotation":[30,225,0]}}}