{"textures":{"0":"modelengine:entity/seaserpentmeg"},"elements":[{"from":[9.102933,8.127467,14.931198],"to":[15.720533,8.131879,28.166397],"faces":{"up":{"uv":[2.75,6.3125,3.375,5.125],"tintindex":0,"rotation":0,"texture":"#0"},"down":{"uv":[2.75,5.125,3.375,6.3125],"tintindex":0,"rotation":0,"texture":"#0"}},"rotation":{"origin":[10.333334,8.666667,16.999996],"angle":-22.5,"axis":"z"}},{"from":[5.6728106,5.6250453,7.734777],"to":[10.084544,11.139712,20.418514],"faces":{"east":{"uv":[10.0625,8.3125,8.875,8.84375],"tintindex":0,"rotation":0,"texture":"#0"},"south":{"uv":[10.6875,10.875,11.3125,11.6875],"tintindex":0,"rotation":0,"texture":"#0"},"north":{"uv":[10.6875,10.875,11.3125,11.6875],"tintindex":0,"rotation":0,"texture":"#0"},"west":{"uv":[8.875,8.3125,10.0625,8.84375],"tintindex":0,"rotation":0,"texture":"#0"},"up":{"uv":[8.875,8.3125,10.0625,8.84375],"tintindex":0,"rotation":90,"texture":"#0"},"down":{"uv":[3.46875,10.5625,3.0625,11.75],"tintindex":0,"rotation":0,"texture":"#0"}}},{"from":[7.691179,10.637657,7.8009543],"to":[7.69312,24.225796,20.418514],"faces":{"east":{"uv":[5.5,7.75,4.3125,8.9375],"tintindex":0,"rotation":0,"texture":"#0"},"west":{"uv":[4.3125,7.75,5.5,8.9375],"tintindex":0,"rotation":0,"texture":"#0"}}},{"from":[-0.2720003,8.127467,14.931198],"to":[6.3456,8.131879,28.166397],"faces":{"up":{"uv":[3.375,6.3125,2.75,5.125],"tintindex":0,"rotation":0,"texture":"#0"},"down":{"uv":[3.375,5.125,2.75,6.3125],"tintindex":0,"rotation":0,"texture":"#0"}},"rotation":{"origin":[5.0,8.666667,16.666662],"angle":22.5,"axis":"z"}}],"display":{"gui":{"rotation":[30,225,0]}}}