{"textures":{"0":"modelengine:entity/seaserpentmeg"},"elements":[{"from":[-4.0,8.0,2.0],"to":[-3.0,13.0,16.0],"faces":{"east":{"uv":[5.625,4.4375,6.0625,4.625],"tintindex":0,"rotation":0,"texture":"#0"},"south":{"uv":[10.5625,1.5625,10.59375,1.71875],"tintindex":0,"rotation":0,"texture":"#0"},"north":{"uv":[10.5625,1.5625,10.59375,1.71875],"tintindex":0,"rotation":0,"texture":"#0"},"west":{"uv":[5.625,4.4375,6.0625,4.625],"tintindex":0,"rotation":0,"texture":"#0"},"up":{"uv":[8.875,8.375,8.9375,8.8125],"tintindex":0,"rotation":0,"texture":"#0"},"down":{"uv":[8.875,8.375,8.9375,8.8125],"tintindex":0,"rotation":0,"texture":"#0"}},"rotation":{"origin":[-4.0,8.0,15.0],"angle":-22.5,"axis":"x"}},{"from":[20.0,8.0,2.0],"to":[21.0,13.0,16.0],"faces":{"east":{"uv":[5.625,4.4375,6.0625,4.625],"tintindex":0,"rotation":0,"texture":"#0"},"south":{"uv":[10.5625,1.5625,10.59375,1.71875],"tintindex":0,"rotation":0,"texture":"#0"},"north":{"uv":[10.5625,1.5625,10.59375,1.71875],"tintindex":0,"rotation":0,"texture":"#0"},"west":{"uv":[5.625,4.4375,6.0625,4.625],"tintindex":0,"rotation":0,"texture":"#0"},"up":{"uv":[8.875,8.375,8.9375,8.8125],"tintindex":0,"rotation":0,"texture":"#0"},"down":{"uv":[8.875,8.375,8.9375,8.8125],"tintindex":0,"rotation":0,"texture":"#0"}},"rotation":{"origin":[20.0,8.0,15.0],"angle":-22.5,"axis":"x"}}],"display":{"gui":{"rotation":[30,225,0]}}}