{"textures":{"0":"modelengine:entity/seaserpentmeg"},"elements":[{"from":[5.976486,5.7750273,8.023616],"to":[10.052928,11.016167,15.5941515],"faces":{"east":{"uv":[11.25,6.625,10.0625,7.4375],"tintindex":0,"rotation":0,"texture":"#0"},"south":{"uv":[10.6875,10.875,11.3125,11.6875],"tintindex":0,"rotation":0,"texture":"#0"},"north":{"uv":[10.6875,10.875,11.3125,11.6875],"tintindex":0,"rotation":0,"texture":"#0"},"west":{"uv":[10.0625,6.625,11.25,7.4375],"tintindex":0,"rotation":0,"texture":"#0"},"up":{"uv":[10.0625,6.625,11.25,7.4375],"tintindex":0,"rotation":90,"texture":"#0"},"down":{"uv":[11.25,2.5,10.625,3.6875],"tintindex":0,"rotation":0,"texture":"#0"}}},{"from":[9.19264,8.27648,12.044161],"to":[17.45728,8.279127,29.24992],"faces":{"up":{"uv":[5.0,7.625,6.125,5.0],"tintindex":0,"rotation":0,"texture":"#0"},"down":{"uv":[5.0,5.0,6.125,7.625],"tintindex":0,"rotation":0,"texture":"#0"}},"rotation":{"origin":[10.0,8.0,13.000002],"angle":-22.5,"axis":"z"}},{"from":[8.014708,11.016167,8.023616],"to":[8.015872,19.16905,15.5941515],"faces":{"east":{"uv":[5.5,7.75,4.3125,8.9375],"tintindex":0,"rotation":0,"texture":"#0"},"west":{"uv":[4.3125,7.75,5.5,8.9375],"tintindex":0,"rotation":0,"texture":"#0"}}},{"from":[-0.5881605,8.27648,12.044161],"to":[6.87648,8.279127,29.24992],"faces":{"up":{"uv":[6.125,7.625,5.0,5.0],"tintindex":0,"rotation":0,"texture":"#0"},"down":{"uv":[6.125,5.0,5.0,7.625],"tintindex":0,"rotation":0,"texture":"#0"}},"rotation":{"origin":[5.3999996,9.6,14.000002],"angle":22.5,"axis":"z"}}],"display":{"gui":{"rotation":[30,225,0]}}}