{"textures":{"0":"modelengine:entity/seaserpentmeg"},"elements":[{"from":[4.674048,4.245141,-3.764202],"to":[11.468118,12.980373,8.853354],"faces":{"east":{"uv":[11.25,8.25,10.0625,9.0625],"tintindex":0,"rotation":0,"texture":"#0"},"south":{"uv":[10.6875,10.875,11.3125,11.6875],"tintindex":0,"rotation":0,"texture":"#0"},"north":{"uv":[8.25,9.4375,8.875,10.25],"tintindex":0,"rotation":0,"texture":"#0"},"west":{"uv":[10.0625,8.25,11.25,9.0625],"tintindex":0,"rotation":0,"texture":"#0"},"up":{"uv":[10.0625,8.25,11.25,9.0625],"tintindex":0,"rotation":90,"texture":"#0"},"down":{"uv":[11.25,2.5,10.625,3.6875],"tintindex":0,"rotation":0,"texture":"#0"}}},{"from":[8.071083,12.98037,-3.764202],"to":[8.075495,26.568514,8.853354],"faces":{"east":{"uv":[5.5,7.75,4.3125,8.9375],"tintindex":0,"rotation":0,"texture":"#0"},"west":{"uv":[4.3125,7.75,5.5,8.9375],"tintindex":0,"rotation":0,"texture":"#0"}}}],"display":{"gui":{"rotation":[30,225,0]}}}