{"textures":{"0":"modelengine:entity/seaserpentmeg"},"elements":[{"from":[4.4779987,8.045291,-5.930049],"to":[11.272068,11.927616,-2.0477228],"faces":{"east":{"uv":[7.75,3.71875,8.125,4.09375],"tintindex":0,"rotation":0,"texture":"#0"},"south":{"uv":[11.875,10.8125,11.25,10.4375],"tintindex":0,"rotation":0,"texture":"#0"},"north":{"uv":[11.875,10.8125,11.25,10.4375],"tintindex":0,"rotation":0,"texture":"#0"},"west":{"uv":[8.125,3.71875,7.75,4.09375],"tintindex":0,"rotation":0,"texture":"#0"},"up":{"uv":[11.875,10.8125,11.25,10.4375],"tintindex":0,"rotation":0,"texture":"#0"},"down":{"uv":[11.9375,11.3125,11.3125,11.6875],"tintindex":0,"rotation":0,"texture":"#0"}}},{"from":[3.5074177,8.045291,1.8346028],"to":[12.24265,13.868774,7.6580906],"faces":{"east":{"uv":[5.59375,4.125,6.125,4.65625],"tintindex":0,"rotation":0,"texture":"#0"},"south":{"uv":[11.0625,1.875,11.875,1.375],"tintindex":0,"rotation":0,"texture":"#0"},"north":{"uv":[11.0625,1.875,11.875,1.375],"tintindex":0,"rotation":0,"texture":"#0"},"west":{"uv":[6.125,4.125,5.59375,4.65625],"tintindex":0,"rotation":0,"texture":"#0"},"up":{"uv":[11.875,1.875,11.0625,1.375],"tintindex":0,"rotation":0,"texture":"#0"},"down":{"uv":[11.875,1.875,11.0625,2.40625],"tintindex":0,"rotation":0,"texture":"#0"}}},{"from":[3.9927082,8.045291,-2.0477228],"to":[11.757359,12.898197,1.8346028],"faces":{"east":{"uv":[2.875,1.1875,3.25,1.65625],"tintindex":0,"rotation":0,"texture":"#0"},"south":{"uv":[5.84375,9.3125,5.125,8.9375],"tintindex":0,"rotation":0,"texture":"#0"},"north":{"uv":[5.84375,9.3125,5.125,8.9375],"tintindex":0,"rotation":0,"texture":"#0"},"west":{"uv":[3.25,1.1875,2.875,1.65625],"tintindex":0,"rotation":0,"texture":"#0"},"up":{"uv":[5.84375,9.3125,5.125,8.9375],"tintindex":0,"rotation":0,"texture":"#0"},"down":{"uv":[11.96875,8.25,11.25,8.625],"tintindex":0,"rotation":0,"texture":"#0"}}},{"from":[7.875034,11.927616,-3.9888868],"to":[7.8794456,22.604012,7.658095],"faces":{"east":{"uv":[10.375,0.0,9.375,1.0],"tintindex":0,"rotation":0,"texture":"#0"},"west":{"uv":[9.375,0.0,10.375,1.0],"tintindex":0,"rotation":0,"texture":"#0"}}},{"from":[10.681779,6.2417736,-9.084438],"to":[10.686191,8.182937,7.4154496],"faces":{"east":{"uv":[13.0,7.875,11.25,8.25],"tintindex":0,"rotation":0,"texture":"#0"},"west":{"uv":[11.25,7.875,13.0,8.25],"tintindex":0,"rotation":0,"texture":"#0"}}},{"from":[5.1618176,8.516463,-9.032379],"to":[7.3676844,10.722331,-4.6206465],"faces":{"east":{"uv":[11.9375,7.4375,11.625,7.6875],"tintindex":0,"rotation":0,"texture":"#0"},"south":{"uv":[5.25,9.8125,5.5,10.0625],"tintindex":0,"rotation":0,"texture":"#0"},"north":{"uv":[5.75,9.75,6.0,10.0],"tintindex":0,"rotation":0,"texture":"#0"},"west":{"uv":[12.03125,0.0,11.625,0.21875],"tintindex":0,"rotation":0,"texture":"#0"},"up":{"uv":[9.6875,9.9375,9.4375,9.5],"tintindex":0,"rotation":0,"texture":"#0"},"down":{"uv":[9.90625,11.625,9.6875,12.03125],"tintindex":0,"rotation":0,"texture":"#0"}},"rotation":{"origin":[5.1618176,11.045269,-9.812376],"angle":-22.5,"axis":"x"}},{"from":[8.470617,8.516463,-9.032379],"to":[10.676485,10.722331,-4.6206465],"faces":{"east":{"uv":[11.625,0.0,12.03125,0.21875],"tintindex":0,"rotation":0,"texture":"#0"},"south":{"uv":[5.5,9.8125,5.25,10.0625],"tintindex":0,"rotation":0,"texture":"#0"},"north":{"uv":[5.75,9.75,6.0,10.0],"tintindex":0,"rotation":0,"texture":"#0"},"west":{"uv":[11.9375,7.4375,11.625,7.6875],"tintindex":0,"rotation":0,"texture":"#0"},"up":{"uv":[9.4375,9.9375,9.6875,9.5],"tintindex":0,"rotation":0,"texture":"#0"},"down":{"uv":[4.4375,11.6875,4.21875,12.09375],"tintindex":0,"rotation":0,"texture":"#0"}},"rotation":{"origin":[8.470617,11.045269,-9.812376],"angle":-22.5,"axis":"x"}},{"from":[4.9632893,6.104128,-8.841793],"to":[10.7867775,8.045291,-8.837383],"faces":{"south":{"uv":[9.9375,8.9375,9.0625,9.4375],"tintindex":0,"rotation":0,"texture":"#0"},"north":{"uv":[9.0625,8.9375,9.9375,9.4375],"tintindex":0,"rotation":0,"texture":"#0"}}},{"from":[5.068289,6.2417736,-9.084438],"to":[5.0727005,8.182937,7.4154496],"faces":{"east":{"uv":[13.0,7.875,11.25,8.25],"tintindex":0,"rotation":0,"texture":"#0"},"west":{"uv":[11.25,7.875,13.0,8.25],"tintindex":0,"rotation":0,"texture":"#0"}}},{"from":[4.9632893,8.045291,-8.841793],"to":[10.7867775,10.957035,-5.930049],"faces":{"east":{"uv":[11.625,0.4375,11.90625,0.71875],"tintindex":0,"rotation":0,"texture":"#0"},"south":{"uv":[9.28125,1.0,9.8125,1.28125],"tintindex":0,"rotation":0,"texture":"#0"},"north":{"uv":[5.59375,4.65625,6.125,4.9375],"tintindex":0,"rotation":0,"texture":"#0"},"west":{"uv":[11.90625,0.4375,11.625,0.71875],"tintindex":0,"rotation":0,"texture":"#0"},"up":{"uv":[2.358452,10.554226,1.8125,10.28125],"tintindex":0,"rotation":0,"texture":"#0"},"down":{"uv":[10.6875,11.25,10.125,11.5625],"tintindex":0,"rotation":0,"texture":"#0"}}}],"display":{"gui":{"rotation":[30,225,0]}}}