{"textures":{"0":"modelengine:entity/seaserpentmeg"},"elements":[{"from":[5.4265175,8.366073,-7.75486],"to":[5.430929,10.307236,8.7450285],"faces":{"east":{"uv":[13.0,8.25,11.25,7.875],"tintindex":0,"rotation":0,"texture":"#0"},"west":{"uv":[11.25,8.25,13.0,7.875],"tintindex":0,"rotation":0,"texture":"#0"}}},{"from":[4.9412265,5.45477,-7.5122147],"to":[10.764715,8.368455,-4.6004696],"faces":{"east":{"uv":[4.71875,11.6875,5.0,11.96875],"tintindex":0,"rotation":0,"texture":"#0"},"south":{"uv":[12.0625,6.8125,11.5625,6.5],"tintindex":0,"rotation":0,"texture":"#0"},"north":{"uv":[12.0625,6.8125,11.5625,6.5],"tintindex":0,"rotation":0,"texture":"#0"},"west":{"uv":[5.0,11.6875,4.71875,11.96875],"tintindex":0,"rotation":0,"texture":"#0"},"up":{"uv":[4.8125,10.0625,4.25,9.75],"tintindex":0,"rotation":0,"texture":"#0"},"down":{"uv":[12.0625,6.5,11.53125,6.78125],"tintindex":0,"rotation":0,"texture":"#0"}}},{"from":[3.4853544,5.45477,3.1641812],"to":[12.220587,8.366514,8.987674],"faces":{"east":{"uv":[7.0625,11.4375,7.59375,11.71875],"tintindex":0,"rotation":0,"texture":"#0"},"south":{"uv":[11.0625,1.875,11.875,1.375],"tintindex":0,"rotation":180,"texture":"#0"},"north":{"uv":[11.0625,1.875,11.875,1.375],"tintindex":0,"rotation":0,"texture":"#0"},"west":{"uv":[7.59375,11.4375,7.0625,11.71875],"tintindex":0,"rotation":0,"texture":"#0"},"up":{"uv":[10.4375,3.3125,9.625,2.75],"tintindex":0,"rotation":0,"texture":"#0"},"down":{"uv":[11.0625,1.875,11.875,1.375],"tintindex":0,"rotation":0,"texture":"#0"}}},{"from":[4.9412265,8.366073,-7.5122147],"to":[10.764715,10.307236,-7.507803],"faces":{"south":{"uv":[9.0625,9.4375,9.9375,8.9375],"tintindex":0,"rotation":0,"texture":"#0"},"north":{"uv":[9.0625,9.4375,9.9375,8.9375],"tintindex":0,"rotation":0,"texture":"#0"}}},{"from":[3.970645,5.45477,-0.7181444],"to":[11.735296,8.366514,3.1641812],"faces":{"east":{"uv":[2.375,9.0,2.75,9.28125],"tintindex":0,"rotation":0,"texture":"#0"},"south":{"uv":[5.125,9.3125,5.84375,8.9375],"tintindex":0,"rotation":0,"texture":"#0"},"north":{"uv":[5.125,9.3125,5.84375,8.9375],"tintindex":0,"rotation":0,"texture":"#0"},"west":{"uv":[2.75,9.0,2.375,9.28125],"tintindex":0,"rotation":0,"texture":"#0"},"up":{"uv":[11.96875,9.0,11.25,8.625],"tintindex":0,"rotation":0,"texture":"#0"},"down":{"uv":[5.125,9.3125,5.84375,8.9375],"tintindex":0,"rotation":0,"texture":"#0"}}},{"from":[4.455936,5.45477,-4.6004696],"to":[11.250006,8.366514,-0.7181444],"faces":{"east":{"uv":[3.5625,9.75,3.9375,10.03125],"tintindex":0,"rotation":0,"texture":"#0"},"south":{"uv":[11.25,10.8125,11.875,10.4375],"tintindex":0,"rotation":0,"texture":"#0"},"north":{"uv":[11.875,10.8125,11.25,10.4375],"tintindex":0,"rotation":0,"texture":"#0"},"west":{"uv":[3.9375,9.75,3.5625,10.03125],"tintindex":0,"rotation":0,"texture":"#0"},"up":{"uv":[11.9375,9.375,11.3125,9.0],"tintindex":0,"rotation":0,"texture":"#0"},"down":{"uv":[11.25,10.8125,11.875,10.4375],"tintindex":0,"rotation":0,"texture":"#0"}}},{"from":[4.061333,-9.333113,-1.666666],"to":[4.065745,6.107954,20.960533],"faces":{"east":{"uv":[8.25,4.125,6.125,5.5625],"tintindex":0,"rotation":0,"texture":"#0"},"west":{"uv":[6.125,4.125,8.25,5.5625],"tintindex":0,"rotation":0,"texture":"#0"}}},{"from":[11.666662,-9.333113,-1.666666],"to":[11.671079,6.107954,21.293867],"faces":{"east":{"uv":[8.25,4.125,6.125,5.5625],"tintindex":0,"rotation":0,"texture":"#0"},"west":{"uv":[6.125,4.125,8.25,5.5625],"tintindex":0,"rotation":0,"texture":"#0"}}},{"from":[10.279425,8.366073,-7.75486],"to":[10.283836,10.307236,8.7450285],"faces":{"east":{"uv":[13.0,8.25,11.25,7.875],"tintindex":0,"rotation":0,"texture":"#0"},"west":{"uv":[11.25,8.25,13.0,7.875],"tintindex":0,"rotation":0,"texture":"#0"}}}],"display":{"gui":{"rotation":[30,225,0]}}}