{"textures":{"0":"modelengine:entity/seaserpentmeg"},"elements":[{"from":[5.3364162,4.9375677,7.800583],"to":[9.968737,10.727968,26.826172],"faces":{"east":{"uv":[11.8125,6.125,10.625,6.5],"tintindex":0,"rotation":180,"texture":"#0"},"south":{"uv":[10.6875,10.875,11.3125,11.6875],"tintindex":0,"rotation":0,"texture":"#0"},"north":{"uv":[10.6875,10.875,11.3125,11.6875],"tintindex":0,"rotation":0,"texture":"#0"},"west":{"uv":[10.625,6.125,11.8125,6.5],"tintindex":0,"rotation":180,"texture":"#0"},"up":{"uv":[10.625,6.125,11.8125,6.5],"tintindex":0,"rotation":270,"texture":"#0"},"down":{"uv":[11.53125,6.5,11.25,7.6875],"tintindex":0,"rotation":0,"texture":"#0"}}},{"from":[8.363961,10.802085,8.627777],"to":[8.366873,25.069624,27.554108],"faces":{"east":{"uv":[7.5,9.3125,6.3125,10.21875],"tintindex":0,"rotation":0,"texture":"#0"},"west":{"uv":[6.3125,9.3125,7.5,10.21875],"tintindex":0,"rotation":0,"texture":"#0"}}}],"display":{"gui":{"rotation":[30,225,0]}}}