{"textures":{"0":"modelengine:entity/seaserpentmeg"},"elements":[{"from":[7.404416,13.313704,-4.4799786],"to":[7.408828,26.901846,8.13758],"faces":{"east":{"uv":[5.5,7.75,4.3125,8.9375],"tintindex":0,"rotation":0,"texture":"#0"},"west":{"uv":[4.3125,7.75,5.5,8.9375],"tintindex":0,"rotation":0,"texture":"#0"}}},{"from":[4.0073814,4.5784745,-4.4799786],"to":[10.801451,13.313707,8.13758],"faces":{"east":{"uv":[11.25,6.625,10.0625,7.4375],"tintindex":0,"rotation":0,"texture":"#0"},"south":{"uv":[10.6875,10.875,11.3125,11.6875],"tintindex":0,"rotation":0,"texture":"#0"},"north":{"uv":[10.6875,10.875,11.3125,11.6875],"tintindex":0,"rotation":0,"texture":"#0"},"west":{"uv":[10.0625,6.625,11.25,7.4375],"tintindex":0,"rotation":0,"texture":"#0"},"up":{"uv":[10.0625,6.625,11.25,7.4375],"tintindex":0,"rotation":90,"texture":"#0"},"down":{"uv":[11.25,2.5,10.625,3.6875],"tintindex":0,"rotation":0,"texture":"#0"}}}],"display":{"gui":{"rotation":[30,225,0]}}}