{"textures":{"0":"modelengine:entity/seaserpentmeg"},"elements":[{"from":[4.7079644,4.6250453,8.117223],"to":[10.774094,11.794112,20.800955],"faces":{"east":{"uv":[11.0625,1.8125,9.875,2.5],"tintindex":0,"rotation":0,"texture":"#0"},"south":{"uv":[10.6875,10.875,11.3125,11.6875],"tintindex":0,"rotation":0,"texture":"#0"},"north":{"uv":[10.6875,10.875,11.3125,11.6875],"tintindex":0,"rotation":0,"texture":"#0"},"west":{"uv":[9.875,1.8125,11.0625,2.5],"tintindex":0,"rotation":0,"texture":"#0"},"up":{"uv":[9.875,1.8125,11.0625,2.5],"tintindex":0,"rotation":90,"texture":"#0"},"down":{"uv":[1.1875,10.53125,0.625,11.71875],"tintindex":0,"rotation":0,"texture":"#0"}}},{"from":[7.691179,11.843524,8.117223],"to":[7.69312,25.431664,20.734777],"faces":{"east":{"uv":[5.5,7.75,4.3125,8.9375],"tintindex":0,"rotation":0,"texture":"#0"},"west":{"uv":[4.3125,7.75,5.5,8.9375],"tintindex":0,"rotation":0,"texture":"#0"}}}],"display":{"gui":{"rotation":[30,225,0]}}}