{"textures":{"0":"modelengine:entity/undine"},"elements":[{"from":[5.83368,1.836216,7.9825325],"to":[5.8367043,14.537014,13.425733],"faces":{"east":{"uv":[5.0,7.0,4.0,9.0],"tintindex":0,"rotation":0,"texture":"#0"},"west":{"uv":[4.0,7.0,5.0,9.0],"tintindex":0,"rotation":0,"texture":"#0"}}},{"from":[7.348704,9.547417,5.3113327],"to":[7.6915474,9.914829,5.678749],"faces":{"east":{"uv":[7.0,1.0,7.5,1.5],"tintindex":0,"rotation":0,"texture":"#0"},"south":{"uv":[7.0,2.0,7.5,2.5],"tintindex":0,"rotation":270,"texture":"#0"},"north":{"uv":[7.0,2.5,7.5,3.0],"tintindex":0,"rotation":90,"texture":"#0"},"west":{"uv":[7.0,1.5,7.5,2.0],"tintindex":0,"rotation":0,"texture":"#0"},"up":{"uv":[7.0,3.0,7.5,3.5],"tintindex":0,"rotation":270,"texture":"#0"},"down":{"uv":[7.0,3.5,7.5,4.0],"tintindex":0,"rotation":90,"texture":"#0"}},"rotation":{"origin":[7.348704,8.930523,5.821885],"angle":-45.0,"axis":"x"}},{"from":[10.82328,1.0802155,2.4385328],"to":[10.826302,13.7810135,7.881733],"faces":{"east":{"uv":[5.0,11.5,6.0,13.5],"tintindex":0,"rotation":0,"texture":"#0"},"west":{"uv":[13.5,14.0,14.5,16.0],"tintindex":0,"rotation":0,"texture":"#0"}}},{"from":[0.3148799,-4.4385834,10.552933],"to":[5.75808,8.262218,10.555952],"faces":{"south":{"uv":[5.0,7.0,6.0,9.0],"tintindex":0,"rotation":0,"texture":"#0"},"north":{"uv":[6.0,7.0,5.0,9.0],"tintindex":0,"rotation":0,"texture":"#0"}}},{"from":[-1.9531193,1.9874153,9.746532],"to":[3.4900799,14.688217,9.749555],"faces":{"south":{"uv":[5.0,7.0,6.0,9.0],"tintindex":0,"rotation":0,"texture":"#0"},"north":{"uv":[6.0,7.0,5.0,9.0],"tintindex":0,"rotation":0,"texture":"#0"}},"rotation":{"origin":[3.4900799,1.9874153,10.061533],"angle":-22.5,"axis":"z"}},{"from":[7.8748775,1.0802155,10.502533],"to":[13.31808,13.7810135,10.505557],"faces":{"south":{"uv":[6.0,7.0,5.0,9.0],"tintindex":0,"rotation":0,"texture":"#0"},"north":{"uv":[5.0,7.0,6.0,9.0],"tintindex":0,"rotation":0,"texture":"#0"}},"rotation":{"origin":[7.87488,13.7810135,9.381133],"angle":22.5,"axis":"z"}},{"from":[7.5737376,9.673416,5.2105327],"to":[8.631895,10.040829,5.5779486],"faces":{"east":{"uv":[7.0,7.0,7.5,7.5],"tintindex":0,"rotation":0,"texture":"#0"},"south":{"uv":[7.0,8.0,7.5,8.5],"tintindex":0,"rotation":270,"texture":"#0"},"north":{"uv":[6.5,9.5,7.5,10.0],"tintindex":0,"rotation":180,"texture":"#0"},"west":{"uv":[7.0,7.5,7.5,8.0],"tintindex":0,"rotation":0,"texture":"#0"},"up":{"uv":[14.5,10.0,15.5,10.5],"tintindex":0,"rotation":0,"texture":"#0"},"down":{"uv":[14.5,8.5,15.0,9.0],"tintindex":0,"rotation":90,"texture":"#0"}},"rotation":{"origin":[7.5736923,9.022747,5.7220926],"angle":-45.0,"axis":"x"}},{"from":[5.83368,8.111015,4.958533],"to":[10.36968,13.5542145,8.990533],"faces":{"east":{"uv":[7.0,0.5,7.5,1.0],"tintindex":0,"rotation":0,"texture":"#0"},"south":{"uv":[15.5,8.5,16.0,9.0],"tintindex":0,"rotation":0,"texture":"#0"},"north":{"uv":[9.0,14.0,10.5,16.0],"tintindex":0,"rotation":0,"texture":"#0"},"west":{"uv":[7.0,5.5,7.5,6.0],"tintindex":0,"rotation":0,"texture":"#0"},"up":{"uv":[15.0,8.5,15.5,9.0],"tintindex":0,"rotation":90,"texture":"#0"},"down":{"uv":[10.0,8.0,10.5,8.5],"tintindex":0,"rotation":270,"texture":"#0"}}},{"from":[4.9264803,4.709015,4.832533],"to":[11.27688,13.7810135,4.835557],"faces":{"south":{"uv":[9.0,11.5,10.0,13.0],"tintindex":0,"rotation":0,"texture":"#0"},"north":{"uv":[10.0,11.5,11.0,13.0],"tintindex":0,"rotation":0,"texture":"#0"}}},{"from":[5.38008,1.0802155,4.958533],"to":[5.3831015,13.7810135,10.401733],"faces":{"east":{"uv":[4.0,11.5,5.0,13.5],"tintindex":0,"rotation":0,"texture":"#0"},"west":{"uv":[5.0,11.5,4.0,13.5],"tintindex":0,"rotation":0,"texture":"#0"}}},{"from":[10.898877,-5.7237854,10.552933],"to":[16.34208,6.9770164,10.555952],"faces":{"south":{"uv":[6.0,7.0,5.0,9.0],"tintindex":0,"rotation":0,"texture":"#0"},"north":{"uv":[5.0,7.0,6.0,9.0],"tintindex":0,"rotation":0,"texture":"#0"}}},{"from":[-2.3311195,1.9874153,5.714533],"to":[3.11208,14.688217,5.717557],"faces":{"south":{"uv":[5.0,7.0,4.0,9.0],"tintindex":0,"rotation":0,"texture":"#0"},"north":{"uv":[4.0,7.0,5.0,9.0],"tintindex":0,"rotation":0,"texture":"#0"}},"rotation":{"origin":[3.11208,1.9874153,6.2059326],"angle":-22.5,"axis":"z"}},{"from":[4.9264803,1.0802155,10.376533],"to":[11.27688,13.7810135,10.379557],"faces":{"south":{"uv":[4.0,11.5,5.0,13.5],"tintindex":0,"rotation":0,"texture":"#0"},"north":{"uv":[5.0,11.5,4.0,13.5],"tintindex":0,"rotation":0,"texture":"#0"}}},{"from":[7.8748775,1.0802155,5.714533],"to":[13.31808,13.7810135,5.717557],"faces":{"south":{"uv":[4.0,7.0,5.0,9.0],"tintindex":0,"rotation":0,"texture":"#0"},"north":{"uv":[5.0,7.0,4.0,9.0],"tintindex":0,"rotation":0,"texture":"#0"}},"rotation":{"origin":[7.87488,13.7810135,8.247133],"angle":22.5,"axis":"z"}},{"from":[5.19864,13.7810135,4.958533],"to":[11.54904,13.784039,10.401733],"faces":{"up":{"uv":[14.5,10.5,15.5,11.5],"tintindex":0,"rotation":270,"texture":"#0"},"down":{"uv":[15.5,10.5,14.5,11.5],"tintindex":0,"rotation":270,"texture":"#0"}}},{"from":[12.03288,-5.7237854,9.796932],"to":[17.47608,6.9770164,9.799954],"faces":{"south":{"uv":[6.0,7.0,5.0,9.0],"tintindex":0,"rotation":0,"texture":"#0"},"north":{"uv":[5.0,7.0,6.0,9.0],"tintindex":0,"rotation":0,"texture":"#0"}}},{"from":[-1.5751209,-4.4385834,5.7649326],"to":[3.8680801,8.262218,5.7679567],"faces":{"south":{"uv":[5.0,7.0,4.0,9.0],"tintindex":0,"rotation":0,"texture":"#0"},"north":{"uv":[4.0,7.0,5.0,9.0],"tintindex":0,"rotation":0,"texture":"#0"}}},{"from":[7.702512,9.673416,5.0845327],"to":[8.437344,12.39502,5.8193645],"faces":{"east":{"uv":[7.5,7.5,8.0,8.0],"tintindex":0,"rotation":0,"texture":"#0"},"south":{"uv":[13.0,8.5,13.5,9.0],"tintindex":0,"rotation":270,"texture":"#0"},"north":{"uv":[6.0,4.0,6.5,5.5],"tintindex":0,"rotation":0,"texture":"#0"},"west":{"uv":[13.5,8.5,14.0,9.0],"tintindex":0,"rotation":0,"texture":"#0"},"up":{"uv":[6.0,5.5,6.5,7.0],"tintindex":0,"rotation":270,"texture":"#0"},"down":{"uv":[12.5,8.5,13.0,9.0],"tintindex":0,"rotation":90,"texture":"#0"}},"rotation":{"origin":[7.702512,11.739815,5.7523327],"angle":22.5,"axis":"x"}},{"from":[12.03288,-5.7237854,8.032932],"to":[17.47608,6.9770164,8.035956],"faces":{"south":{"uv":[7.0,7.0,6.0,9.0],"tintindex":0,"rotation":0,"texture":"#0"},"north":{"uv":[6.0,7.0,7.0,9.0],"tintindex":0,"rotation":0,"texture":"#0"}}},{"from":[-1.9531193,-4.4385834,8.032932],"to":[3.4900799,8.262218,8.035956],"faces":{"south":{"uv":[6.0,7.0,7.0,9.0],"tintindex":0,"rotation":0,"texture":"#0"},"north":{"uv":[7.0,7.0,6.0,9.0],"tintindex":0,"rotation":0,"texture":"#0"}}},{"from":[7.8748775,1.0802155,9.746532],"to":[13.31808,13.7810135,9.749555],"faces":{"south":{"uv":[6.0,7.0,5.0,9.0],"tintindex":0,"rotation":0,"texture":"#0"},"north":{"uv":[5.0,7.0,6.0,9.0],"tintindex":0,"rotation":0,"texture":"#0"}},"rotation":{"origin":[7.87488,13.7810135,8.247133],"angle":22.5,"axis":"z"}},{"from":[4.95672,-6.8577843,14.534533],"to":[11.30712,5.843014,14.537557],"faces":{"south":{"uv":[4.0,11.5,5.0,13.5],"tintindex":0,"rotation":0,"texture":"#0"},"north":{"uv":[5.0,11.5,4.0,13.5],"tintindex":0,"rotation":0,"texture":"#0"}},"rotation":{"origin":[11.30712,-6.8577843,14.778973],"angle":-22.5,"axis":"x"}},{"from":[-1.9531193,-4.4385834,9.796932],"to":[3.4900799,8.262218,9.799954],"faces":{"south":{"uv":[5.0,7.0,6.0,9.0],"tintindex":0,"rotation":0,"texture":"#0"},"north":{"uv":[6.0,7.0,5.0,9.0],"tintindex":0,"rotation":0,"texture":"#0"}}},{"from":[-1.9531193,1.9874153,7.9825325],"to":[3.4900799,14.688217,7.9855566],"faces":{"south":{"uv":[6.0,7.0,7.0,9.0],"tintindex":0,"rotation":0,"texture":"#0"},"north":{"uv":[7.0,7.0,6.0,9.0],"tintindex":0,"rotation":0,"texture":"#0"}},"rotation":{"origin":[3.4900799,1.9874153,8.247133],"angle":-22.5,"axis":"z"}},{"from":[7.8748775,1.0802155,7.9825325],"to":[13.31808,13.7810135,7.9855566],"faces":{"south":{"uv":[7.0,7.0,6.0,9.0],"tintindex":0,"rotation":0,"texture":"#0"},"north":{"uv":[6.0,7.0,7.0,9.0],"tintindex":0,"rotation":0,"texture":"#0"}},"rotation":{"origin":[7.87488,13.7810135,8.247133],"angle":22.5,"axis":"z"}},{"from":[8.32848,1.836216,7.9825325],"to":[8.331504,14.537014,13.425733],"faces":{"east":{"uv":[6.0,7.0,7.0,9.0],"tintindex":0,"rotation":0,"texture":"#0"},"west":{"uv":[7.0,7.0,6.0,9.0],"tintindex":0,"rotation":0,"texture":"#0"}}},{"from":[-1.9531193,1.9874153,10.502533],"to":[3.4900799,14.688217,10.505557],"faces":{"south":{"uv":[5.0,7.0,6.0,9.0],"tintindex":0,"rotation":0,"texture":"#0"},"north":{"uv":[6.0,7.0,5.0,9.0],"tintindex":0,"rotation":0,"texture":"#0"}},"rotation":{"origin":[3.4900799,1.9874153,11.19553],"angle":-22.5,"axis":"z"}},{"from":[8.35872,-6.1017838,7.9825325],"to":[8.361744,6.5990143,13.425733],"faces":{"east":{"uv":[6.0,7.0,7.0,9.0],"tintindex":0,"rotation":0,"texture":"#0"},"west":{"uv":[7.0,7.0,6.0,9.0],"tintindex":0,"rotation":0,"texture":"#0"}}},{"from":[11.30712,-6.1017838,7.9825325],"to":[11.310144,6.5990143,13.425733],"faces":{"east":{"uv":[5.0,7.0,6.0,9.0],"tintindex":0,"rotation":0,"texture":"#0"},"west":{"uv":[6.0,7.0,5.0,9.0],"tintindex":0,"rotation":0,"texture":"#0"}}},{"from":[12.03288,-5.7237854,5.7649326],"to":[17.47608,6.9770164,5.7679543],"faces":{"south":{"uv":[4.0,7.0,5.0,9.0],"tintindex":0,"rotation":0,"texture":"#0"},"north":{"uv":[5.0,7.0,4.0,9.0],"tintindex":0,"rotation":0,"texture":"#0"}}},{"from":[11.27688,1.836216,7.9825325],"to":[11.279903,14.537014,13.425733],"faces":{"east":{"uv":[5.0,7.0,6.0,9.0],"tintindex":0,"rotation":0,"texture":"#0"},"west":{"uv":[6.0,7.0,5.0,9.0],"tintindex":0,"rotation":0,"texture":"#0"}}},{"from":[5.86392,-6.1017838,7.9825325],"to":[5.8669415,6.5990143,13.425733],"faces":{"east":{"uv":[5.0,7.0,4.0,9.0],"tintindex":0,"rotation":0,"texture":"#0"},"west":{"uv":[4.0,7.0,5.0,9.0],"tintindex":0,"rotation":0,"texture":"#0"}}},{"from":[8.531592,9.547417,5.3113327],"to":[8.874435,9.914829,5.678749],"faces":{"east":{"uv":[12.0,8.5,12.5,9.0],"tintindex":0,"rotation":0,"texture":"#0"},"south":{"uv":[11.0,8.5,11.5,9.0],"tintindex":0,"rotation":270,"texture":"#0"},"north":{"uv":[10.5,8.5,11.0,9.0],"tintindex":0,"rotation":90,"texture":"#0"},"west":{"uv":[11.5,8.5,12.0,9.0],"tintindex":0,"rotation":0,"texture":"#0"},"up":{"uv":[10.0,8.5,10.5,9.0],"tintindex":0,"rotation":270,"texture":"#0"},"down":{"uv":[9.5,8.5,10.0,9.0],"tintindex":0,"rotation":90,"texture":"#0"}},"rotation":{"origin":[7.348704,8.930523,5.821885],"angle":-45.0,"axis":"x"}},{"from":[7.6128,8.917416,5.034133],"to":[8.6208,9.284828,5.401549],"faces":{"east":{"uv":[7.0,4.0,7.5,4.5],"tintindex":0,"rotation":0,"texture":"#0"},"south":{"uv":[7.0,5.0,7.5,5.5],"tintindex":0,"rotation":270,"texture":"#0"},"north":{"uv":[9.5,9.5,10.5,10.0],"tintindex":0,"rotation":180,"texture":"#0"},"west":{"uv":[7.0,4.5,7.5,5.0],"tintindex":0,"rotation":0,"texture":"#0"},"up":{"uv":[7.0,6.0,7.5,6.5],"tintindex":0,"rotation":270,"texture":"#0"},"down":{"uv":[7.0,6.5,7.5,7.0],"tintindex":0,"rotation":90,"texture":"#0"}},"rotation":{"origin":[7.682554,8.564617,5.7220926],"angle":-22.5,"axis":"x"}},{"from":[11.05008,1.0802155,4.958533],"to":[11.053104,13.7810135,10.401733],"faces":{"east":{"uv":[4.0,11.5,5.0,13.5],"tintindex":0,"rotation":0,"texture":"#0"},"west":{"uv":[5.0,11.5,4.0,13.5],"tintindex":0,"rotation":0,"texture":"#0"}}},{"from":[5.398224,1.0802155,2.4385328],"to":[5.401248,13.7810135,7.881733],"faces":{"east":{"uv":[8.0,11.5,9.0,13.5],"tintindex":0,"rotation":0,"texture":"#0"},"west":{"uv":[14.5,14.0,15.5,16.0],"tintindex":0,"rotation":0,"texture":"#0"}}}],"display":{"gui":{"rotation":[30,225,0]}}}