{"textures":{"0":"modelengine:entity/undine"},"elements":[{"from":[5.55056,1.0788002,5.62672],"to":[10.17728,8.16,9.70912],"faces":{"east":{"uv":[2.9375,0.0,3.9375,0.5],"tintindex":0,"rotation":90,"texture":"#0"},"south":{"uv":[15.4375,6.1875,14.4375,6.6875],"tintindex":0,"rotation":90,"texture":"#0"},"north":{"uv":[14.4375,6.1875,15.4375,6.6875],"tintindex":0,"rotation":90,"texture":"#0"},"west":{"uv":[2.9375,0.0,3.9375,0.5],"tintindex":0,"rotation":90,"texture":"#0"},"up":{"uv":[8.5,15.5,9.0,16.0],"tintindex":0,"rotation":270,"texture":"#0"},"down":{"uv":[8.5,15.5,9.0,16.0],"tintindex":0,"rotation":270,"texture":"#0"}}},{"from":[5.858,5.1360016,6.7456],"to":[10.142,8.916,10.01152],"faces":{"east":{"uv":[11.5,11.0,11.9375,11.5],"tintindex":0,"rotation":0,"texture":"#0"},"south":{"uv":[12.0,5.0,11.5,5.5],"tintindex":0,"rotation":0,"texture":"#0"},"north":{"uv":[11.5,10.0,12.5,10.5],"tintindex":0,"rotation":0,"texture":"#0"},"west":{"uv":[11.5,11.0,11.9375,11.5],"tintindex":0,"rotation":0,"texture":"#0"},"up":{"uv":[11.0,4.999999,12.0,6.0],"tintindex":0,"rotation":90,"texture":"#0"},"down":{"uv":[9.5,10.0,10.5,10.5],"tintindex":0,"rotation":270,"texture":"#0"}},"rotation":{"origin":[8.0,8.16,9.1648],"angle":-22.5,"axis":"x"}},{"from":[6.77528,-4.4399986,5.0824003],"to":[9.22472,-1.9199982,7.5318403],"faces":{"east":{"uv":[12.1875,11.5625,12.4375,11.875],"tintindex":0,"rotation":270,"texture":"#0"},"south":{"uv":[15.375,6.0625,15.5625,6.3125],"tintindex":0,"rotation":270,"texture":"#0"},"north":{"uv":[15.375,6.0625,15.5625,6.3125],"tintindex":0,"rotation":270,"texture":"#0"},"west":{"uv":[12.1875,11.5625,12.4375,11.875],"tintindex":0,"rotation":270,"texture":"#0"},"up":{"uv":[3.5,1.4375,3.875,1.875],"tintindex":0,"rotation":0,"texture":"#0"},"down":{"uv":[13.5625,11.0,13.8125,11.3125],"tintindex":0,"rotation":180,"texture":"#0"}},"rotation":{"origin":[8.0,-4.4399986,6.4432],"angle":45.0,"axis":"x"}},{"from":[5.86,3.3720016,8.6608],"to":[10.148,6.6480026,11.92672],"faces":{"east":{"uv":[10.625,10.6875,11.125,11.1875],"tintindex":0,"rotation":0,"texture":"#0"},"south":{"uv":[10.4375,5.5,9.9375,6.0],"tintindex":0,"rotation":0,"texture":"#0"},"north":{"uv":[11.5,10.0,12.5,10.5],"tintindex":0,"rotation":0,"texture":"#0"},"west":{"uv":[10.625,10.6875,11.125,11.1875],"tintindex":0,"rotation":0,"texture":"#0"},"up":{"uv":[11.0,4.999999,12.0,6.0],"tintindex":0,"rotation":90,"texture":"#0"},"down":{"uv":[9.5,10.0,10.5,10.5],"tintindex":0,"rotation":270,"texture":"#0"}},"rotation":{"origin":[8.0,8.16,9.1648],"angle":22.5,"axis":"x"}},{"from":[6.23096,-3.482399,5.62672],"to":[9.76904,1.0788002,9.1648],"faces":{"east":{"uv":[12.5,12.5,13.125,13.0],"tintindex":0,"rotation":90,"texture":"#0"},"south":{"uv":[4.0,8.1875,3.625,8.8125],"tintindex":0,"rotation":0,"texture":"#0"},"north":{"uv":[3.625,8.1875,4.0,8.8125],"tintindex":0,"rotation":0,"texture":"#0"},"west":{"uv":[12.5,12.5,13.125,13.0],"tintindex":0,"rotation":90,"texture":"#0"},"up":{"uv":[11.0,4.999999,12.0,6.0],"tintindex":0,"rotation":90,"texture":"#0"},"down":{"uv":[9.5,10.0,10.5,10.5],"tintindex":0,"rotation":270,"texture":"#0"}}}],"display":{"gui":{"rotation":[30,225,0]}}}