{"textures":{"0":"modelengine:entity/undine"},"elements":[{"from":[7.988717,4.3077564,8.2566],"to":[8.467518,5.5677567,8.837208],"faces":{"east":{"uv":[10.5,6.5,11.0,7.0],"tintindex":0,"rotation":0,"texture":"#0"},"south":{"uv":[10.5,6.5,11.0,7.0],"tintindex":0,"rotation":0,"texture":"#0"},"north":{"uv":[13.5,6.5,14.0,7.0],"tintindex":0,"rotation":0,"texture":"#0"},"west":{"uv":[10.5,6.5,11.0,7.0],"tintindex":0,"rotation":0,"texture":"#0"},"up":{"uv":[13.0,6.5,13.5,7.0],"tintindex":0,"rotation":90,"texture":"#0"},"down":{"uv":[12.5,6.5,13.0,7.0],"tintindex":0,"rotation":270,"texture":"#0"}},"rotation":{"origin":[7.52,9.0,9.0],"angle":22.5,"axis":"x"}},{"from":[7.3839173,4.3077564,8.2566],"to":[7.862717,5.5677567,8.837208],"faces":{"east":{"uv":[10.5,6.5,11.0,7.0],"tintindex":0,"rotation":0,"texture":"#0"},"south":{"uv":[10.5,6.5,11.0,7.0],"tintindex":0,"rotation":0,"texture":"#0"},"north":{"uv":[13.5,6.5,14.0,7.0],"tintindex":0,"rotation":0,"texture":"#0"},"west":{"uv":[10.5,6.5,11.0,7.0],"tintindex":0,"rotation":0,"texture":"#0"},"up":{"uv":[13.0,6.5,13.5,7.0],"tintindex":0,"rotation":90,"texture":"#0"},"down":{"uv":[12.5,6.5,13.0,7.0],"tintindex":0,"rotation":270,"texture":"#0"}},"rotation":{"origin":[2.4799995,9.0,9.0],"angle":22.5,"axis":"x"}},{"from":[7.005917,5.5677567,7.6266003],"to":[7.4847174,6.575756,8.207206],"faces":{"east":{"uv":[8.5,1.0,9.0,1.5],"tintindex":0,"rotation":0,"texture":"#0"},"south":{"uv":[8.5,1.0,9.0,1.5],"tintindex":0,"rotation":0,"texture":"#0"},"north":{"uv":[8.5,1.0,9.0,1.5],"tintindex":0,"rotation":0,"texture":"#0"},"west":{"uv":[8.5,1.0,9.0,1.5],"tintindex":0,"rotation":0,"texture":"#0"},"up":{"uv":[8.5,1.5,9.0,2.0],"tintindex":0,"rotation":90,"texture":"#0"},"down":{"uv":[8.5,2.0,9.0,2.5],"tintindex":0,"rotation":270,"texture":"#0"}},"rotation":{"origin":[7.52,11.52,14.04],"angle":22.5,"axis":"z"}},{"from":[6.8043175,4.2117558,5.2486],"to":[7.1319175,6.2277565,5.7130866],"faces":{"east":{"uv":[12.5,6.0,13.0,6.5],"tintindex":0,"rotation":0,"texture":"#0"},"south":{"uv":[12.5,6.0,13.0,6.5],"tintindex":0,"rotation":0,"texture":"#0"},"north":{"uv":[9.5,6.0,10.0,6.5],"tintindex":0,"rotation":0,"texture":"#0"},"west":{"uv":[12.5,6.0,13.0,6.5],"tintindex":0,"rotation":0,"texture":"#0"},"up":{"uv":[9.0,0.0,9.5,0.5],"tintindex":0,"rotation":90,"texture":"#0"},"down":{"uv":[9.0,0.5,9.5,1.0],"tintindex":0,"rotation":270,"texture":"#0"}},"rotation":{"origin":[5.0,8.999996,9.0],"angle":-22.5,"axis":"x"}},{"from":[6.753917,4.3077564,8.2566],"to":[7.2327175,5.5677567,8.837208],"faces":{"east":{"uv":[10.5,6.5,11.0,7.0],"tintindex":0,"rotation":0,"texture":"#0"},"south":{"uv":[10.5,6.5,11.0,7.0],"tintindex":0,"rotation":0,"texture":"#0"},"north":{"uv":[10.5,6.5,11.0,7.0],"tintindex":0,"rotation":0,"texture":"#0"},"west":{"uv":[10.5,6.5,11.0,7.0],"tintindex":0,"rotation":0,"texture":"#0"},"up":{"uv":[13.0,6.5,13.5,7.0],"tintindex":0,"rotation":90,"texture":"#0"},"down":{"uv":[12.5,6.5,13.0,7.0],"tintindex":0,"rotation":270,"texture":"#0"}},"rotation":{"origin":[5.0,9.0,9.0],"angle":22.5,"axis":"x"}},{"from":[8.064318,4.2117558,5.2486],"to":[8.391917,6.2277565,5.7130866],"faces":{"east":{"uv":[12.5,6.0,13.0,6.5],"tintindex":0,"rotation":0,"texture":"#0"},"south":{"uv":[12.5,6.0,13.0,6.5],"tintindex":0,"rotation":0,"texture":"#0"},"north":{"uv":[9.5,6.0,10.0,6.5],"tintindex":0,"rotation":0,"texture":"#0"},"west":{"uv":[12.5,6.0,13.0,6.5],"tintindex":0,"rotation":0,"texture":"#0"},"up":{"uv":[9.0,0.0,9.5,0.5],"tintindex":0,"rotation":90,"texture":"#0"},"down":{"uv":[9.0,0.5,9.5,1.0],"tintindex":0,"rotation":270,"texture":"#0"}},"rotation":{"origin":[7.52,8.999996,9.0],"angle":-22.5,"axis":"x"}},{"from":[11.289917,5.5677567,7.6266003],"to":[11.617517,7.0797577,8.091086],"faces":{"east":{"uv":[8.5,4.0,9.0,4.5],"tintindex":0,"rotation":0,"texture":"#0"},"south":{"uv":[8.5,4.0,9.0,4.5],"tintindex":0,"rotation":0,"texture":"#0"},"north":{"uv":[8.5,4.0,9.0,4.5],"tintindex":0,"rotation":0,"texture":"#0"},"west":{"uv":[8.5,4.0,9.0,4.5],"tintindex":0,"rotation":0,"texture":"#0"},"up":{"uv":[8.5,4.5,9.0,5.0],"tintindex":0,"rotation":90,"texture":"#0"},"down":{"uv":[8.5,5.0,9.0,5.5],"tintindex":0,"rotation":270,"texture":"#0"}},"rotation":{"origin":[7.52,11.52,14.04],"angle":-22.5,"axis":"z"}},{"from":[8.694317,4.2117558,5.2486],"to":[9.021917,6.2277565,5.7130866],"faces":{"east":{"uv":[12.5,6.0,13.0,6.5],"tintindex":0,"rotation":0,"texture":"#0"},"south":{"uv":[12.5,6.0,13.0,6.5],"tintindex":0,"rotation":0,"texture":"#0"},"north":{"uv":[12.5,6.0,13.0,6.5],"tintindex":0,"rotation":0,"texture":"#0"},"west":{"uv":[12.5,6.0,13.0,6.5],"tintindex":0,"rotation":0,"texture":"#0"},"up":{"uv":[12.0,6.0,12.5,6.5],"tintindex":0,"rotation":90,"texture":"#0"},"down":{"uv":[11.5,6.0,12.0,6.5],"tintindex":0,"rotation":270,"texture":"#0"}},"rotation":{"origin":[7.52,8.999996,9.0],"angle":-22.5,"axis":"x"}},{"from":[7.3839173,4.2117558,5.2486],"to":[7.7115173,6.2277565,5.7130866],"faces":{"east":{"uv":[12.5,6.0,13.0,6.5],"tintindex":0,"rotation":0,"texture":"#0"},"south":{"uv":[12.5,6.0,13.0,6.5],"tintindex":0,"rotation":0,"texture":"#0"},"north":{"uv":[9.5,6.0,10.0,6.5],"tintindex":0,"rotation":0,"texture":"#0"},"west":{"uv":[12.5,6.0,13.0,6.5],"tintindex":0,"rotation":0,"texture":"#0"},"up":{"uv":[9.0,0.0,9.5,0.5],"tintindex":0,"rotation":90,"texture":"#0"},"down":{"uv":[9.0,0.5,9.5,1.0],"tintindex":0,"rotation":270,"texture":"#0"}},"rotation":{"origin":[2.4799995,8.999996,9.0],"angle":-22.5,"axis":"x"}},{"from":[6.8295174,5.7769966,7.279746],"to":[9.097517,7.5409966,8.539745],"faces":{"east":{"uv":[9.0,4.0,9.5,4.5],"tintindex":0,"rotation":0,"texture":"#0"},"south":{"uv":[8.5,5.0,9.0,5.5],"tintindex":0,"rotation":0,"texture":"#0"},"north":{"uv":[9.0,5.5,9.5,6.0],"tintindex":0,"rotation":0,"texture":"#0"},"west":{"uv":[9.0,4.5,9.5,5.0],"tintindex":0,"rotation":0,"texture":"#0"},"up":{"uv":[9.0,6.0,9.5,6.5],"tintindex":0,"rotation":90,"texture":"#0"},"down":{"uv":[15.5,6.5,16.0,7.0],"tintindex":0,"rotation":270,"texture":"#0"}},"rotation":{"origin":[7.52,7.5200005,8.0],"angle":22.5,"axis":"x"}},{"from":[8.643917,4.3077564,8.2566],"to":[9.122717,5.5677567,8.837208],"faces":{"east":{"uv":[10.5,6.5,11.0,7.0],"tintindex":0,"rotation":0,"texture":"#0"},"south":{"uv":[10.5,6.5,11.0,7.0],"tintindex":0,"rotation":0,"texture":"#0"},"north":{"uv":[10.5,6.5,11.0,7.0],"tintindex":0,"rotation":0,"texture":"#0"},"west":{"uv":[10.5,6.5,11.0,7.0],"tintindex":0,"rotation":0,"texture":"#0"},"up":{"uv":[9.5,5.5,10.0,6.0],"tintindex":0,"rotation":90,"texture":"#0"},"down":{"uv":[9.5,6.5,10.0,7.0],"tintindex":0,"rotation":270,"texture":"#0"}},"rotation":{"origin":[7.52,9.0,9.0],"angle":22.5,"axis":"x"}}],"display":{"gui":{"rotation":[30,225,0]}}}