{"textures":{"0":"modelengine:entity/undine"},"elements":[{"from":[7.0686655,2.4716148,6.548668],"to":[8.87423,8.186977,8.354233],"faces":{"east":{"uv":[7.5,1.0,8.0,1.5],"tintindex":0,"rotation":0,"texture":"#0"},"south":{"uv":[7.5,1.0,8.0,1.5],"tintindex":0,"rotation":0,"texture":"#0"},"north":{"uv":[7.5,1.0,8.0,1.5],"tintindex":0,"rotation":0,"texture":"#0"},"west":{"uv":[7.5,1.0,8.0,1.5],"tintindex":0,"rotation":0,"texture":"#0"},"up":{"uv":[7.5,1.5,8.0,2.0],"tintindex":0,"rotation":90,"texture":"#0"},"down":{"uv":[7.5,2.0,8.0,2.5],"tintindex":0,"rotation":270,"texture":"#0"}},"rotation":{"origin":[7.52,6.5200005,7.0],"angle":22.5,"axis":"x"}}],"display":{"gui":{"rotation":[30,225,0]}}}