{"textures":{"0":"modelengine:entity/undine"},"elements":[{"from":[6.6392,2.303999,7.00624],"to":[9.3608,7.8640003,9.72784],"faces":{"east":{"uv":[4.0,15.625,5.1875,16.0],"tintindex":0,"rotation":90,"texture":"#0"},"south":{"uv":[5.375,13.9375,6.4375,13.625],"tintindex":0,"rotation":90,"texture":"#0"},"north":{"uv":[5.375,13.625,6.4375,13.9375],"tintindex":0,"rotation":90,"texture":"#0"},"west":{"uv":[4.0,15.625,5.1875,16.0],"tintindex":0,"rotation":90,"texture":"#0"},"up":{"uv":[11.0,4.999999,12.0,6.0],"tintindex":0,"rotation":90,"texture":"#0"},"down":{"uv":[9.5,10.0,10.5,10.5],"tintindex":0,"rotation":270,"texture":"#0"}}},{"from":[6.77528,0.03600025,7.1423197],"to":[9.22472,2.5559998,9.59176],"faces":{"east":{"uv":[11.5625,12.0625,11.875,12.4375],"tintindex":0,"rotation":0,"texture":"#0"},"south":{"uv":[10.9375,9.6875,10.5625,10.0625],"tintindex":0,"rotation":0,"texture":"#0"},"north":{"uv":[10.5625,9.6875,10.9375,10.0625],"tintindex":0,"rotation":0,"texture":"#0"},"west":{"uv":[11.5625,12.0625,11.875,12.4375],"tintindex":0,"rotation":0,"texture":"#0"},"up":{"uv":[11.0,4.999999,12.0,6.0],"tintindex":0,"rotation":90,"texture":"#0"},"down":{"uv":[9.5,10.0,10.5,10.5],"tintindex":0,"rotation":270,"texture":"#0"}}}],"display":{"gui":{"rotation":[30,225,0]}}}