{"textures":{"0":"modelengine:entity/undine"},"elements":[{"from":[6.74088,8.377998,7.48],"to":[9.462481,11.099598,10.2016],"faces":{"east":{"uv":[6.0,3.5,6.5,4.0],"tintindex":0,"rotation":0,"texture":"#0"},"south":{"uv":[5.5,0.5,6.0,1.0],"tintindex":0,"rotation":0,"texture":"#0"},"north":{"uv":[4.5,3.0,5.5,4.0],"tintindex":0,"rotation":0,"texture":"#0"},"west":{"uv":[5.5,0.0,6.0,0.5],"tintindex":0,"rotation":0,"texture":"#0"},"up":{"uv":[4.0,0.0,4.5,0.5],"tintindex":0,"rotation":90,"texture":"#0"},"down":{"uv":[4.0,0.5,4.5,1.0],"tintindex":0,"rotation":270,"texture":"#0"}}}],"display":{"gui":{"rotation":[30,225,0]}}}