{"textures":{"0":"modelengine:entity/undine"},"elements":[{"from":[6.3599997,4.894799,3.7340798],"to":[8.755008,5.6507998,7.27216],"faces":{"east":{"uv":[12.125,10.875,12.625,11.0],"tintindex":0,"rotation":0,"texture":"#0"},"south":{"uv":[11.5,10.0,12.5,10.5],"tintindex":0,"rotation":0,"texture":"#0"},"north":{"uv":[11.5,10.0,12.5,10.5],"tintindex":0,"rotation":0,"texture":"#0"},"west":{"uv":[12.125,10.875,12.625,11.0],"tintindex":0,"rotation":0,"texture":"#0"},"up":{"uv":[9.0,3.125,9.5,3.5],"tintindex":0,"rotation":90,"texture":"#0"},"down":{"uv":[9.0,3.125,9.5,3.5],"tintindex":0,"rotation":90,"texture":"#0"}},"rotation":{"origin":[8.0,7.4399996,1.5568004],"angle":-22.5,"axis":"x"}},{"from":[6.52,5.549999,5.91136],"to":[8.69728,7.0619993,8.63296],"faces":{"east":{"uv":[4.6875,0.0625,5.125,0.3125],"tintindex":0,"rotation":0,"texture":"#0"},"south":{"uv":[11.5,10.0,12.5,10.5],"tintindex":0,"rotation":0,"texture":"#0"},"north":{"uv":[11.5,10.0,12.5,10.5],"tintindex":0,"rotation":0,"texture":"#0"},"west":{"uv":[4.6875,0.0625,5.125,0.3125],"tintindex":0,"rotation":0,"texture":"#0"},"up":{"uv":[11.0,4.999999,12.0,6.0],"tintindex":0,"rotation":90,"texture":"#0"},"down":{"uv":[7.375,14.5625,7.8125,14.875],"tintindex":0,"rotation":270,"texture":"#0"}}},{"from":[6.4700003,5.549999,8.3216],"to":[8.809999,7.314,10.6216],"faces":{"east":{"uv":[14.1875,11.6875,14.4375,12.0],"tintindex":0,"rotation":270,"texture":"#0"},"south":{"uv":[7.6875,13.1875,7.9375,13.4375],"tintindex":0,"rotation":270,"texture":"#0"},"north":{"uv":[11.0,4.999999,12.0,6.0],"tintindex":0,"rotation":270,"texture":"#0"},"west":{"uv":[14.1875,11.6875,14.4375,12.0],"tintindex":0,"rotation":270,"texture":"#0"},"up":{"uv":[11.5,10.0,12.5,10.5],"tintindex":0,"rotation":0,"texture":"#0"},"down":{"uv":[11.5,10.0,12.5,10.5],"tintindex":0,"rotation":180,"texture":"#0"}},"rotation":{"origin":[8.0,4.92,7.0],"angle":-22.5,"axis":"x"}},{"from":[6.4700003,4.1639996,2.10112],"to":[8.64728,5.6759996,4.82272],"faces":{"east":{"uv":[7.9375,15.4375,8.3125,15.6875],"tintindex":0,"rotation":0,"texture":"#0"},"south":{"uv":[11.5,10.0,12.5,10.5],"tintindex":0,"rotation":0,"texture":"#0"},"north":{"uv":[6.75,15.6875,7.0625,15.875],"tintindex":0,"rotation":0,"texture":"#0"},"west":{"uv":[7.9375,15.4375,8.3125,15.6875],"tintindex":0,"rotation":0,"texture":"#0"},"up":{"uv":[2.25,8.625,2.625,8.9375],"tintindex":0,"rotation":90,"texture":"#0"},"down":{"uv":[0.0,3.8125,0.375,4.125],"tintindex":0,"rotation":270,"texture":"#0"}},"rotation":{"origin":[8.0,7.4399996,1.5568004],"angle":-22.5,"axis":"x"}},{"from":[6.37,7.3199997,11.9216],"to":[8.68336,11.32,12.9216],"faces":{"east":{"uv":[12.125,10.5625,12.5625,10.6875],"tintindex":0,"rotation":270,"texture":"#0"},"south":{"uv":[10.5,15.5,10.75,15.9375],"tintindex":0,"rotation":180,"texture":"#0"},"north":{"uv":[10.5,15.5,10.75,15.9375],"tintindex":0,"rotation":180,"texture":"#0"},"west":{"uv":[12.125,10.5625,12.5625,10.6875],"tintindex":0,"rotation":270,"texture":"#0"},"up":{"uv":[11.5,10.0,12.5,10.5],"tintindex":0,"rotation":0,"texture":"#0"},"down":{"uv":[11.5,10.0,12.5,10.5],"tintindex":0,"rotation":180,"texture":"#0"}},"rotation":{"origin":[8.0,15.0,7.0],"angle":45.0,"axis":"x"}},{"from":[6.42,5.0459995,8.3608],"to":[8.86944,6.8099995,10.265921],"faces":{"east":{"uv":[9.125,0.6875,9.375,0.9375],"tintindex":0,"rotation":270,"texture":"#0"},"south":{"uv":[8.5625,0.9375,8.8125,1.25],"tintindex":0,"rotation":270,"texture":"#0"},"north":{"uv":[8.5625,0.9375,8.8125,1.25],"tintindex":0,"rotation":270,"texture":"#0"},"west":{"uv":[9.125,0.6875,9.375,0.9375],"tintindex":0,"rotation":270,"texture":"#0"},"up":{"uv":[9.125,0.6875,9.375,0.9375],"tintindex":0,"rotation":270,"texture":"#0"},"down":{"uv":[9.125,0.6875,9.375,0.9375],"tintindex":0,"rotation":270,"texture":"#0"}}}],"display":{"gui":{"rotation":[30,225,0]}}}