{"textures":{"0":"modelengine:entity/undine"},"elements":[{"from":[7.2886653,3.816574,2.466268],"to":[9.09422,9.531933,4.271833],"faces":{"east":{"uv":[7.5,1.0,8.0,1.5],"tintindex":0,"rotation":0,"texture":"#0"},"south":{"uv":[7.5,1.0,8.0,1.5],"tintindex":0,"rotation":0,"texture":"#0"},"north":{"uv":[7.5,1.0,8.0,1.5],"tintindex":0,"rotation":0,"texture":"#0"},"west":{"uv":[7.5,1.0,8.0,1.5],"tintindex":0,"rotation":0,"texture":"#0"},"up":{"uv":[15.0,6.0,15.5,6.5],"tintindex":0,"rotation":90,"texture":"#0"},"down":{"uv":[14.5,6.0,15.0,6.5],"tintindex":0,"rotation":270,"texture":"#0"}},"rotation":{"origin":[8.873997,2.4217567,4.8247976],"angle":45.0,"axis":"x"}}],"display":{"gui":{"rotation":[30,225,0]}}}