{"textures":{"0":"modelengine:entity/undine"},"elements":[{"from":[7.929817,2.5065765,7.09702],"to":[10.263237,8.221935,9.430451],"faces":{"east":{"uv":[7.5,6.5,8.0,7.0],"tintindex":0,"rotation":0,"texture":"#0"},"south":{"uv":[7.5,6.5,8.0,7.0],"tintindex":0,"rotation":0,"texture":"#0"},"north":{"uv":[7.5,6.5,8.0,7.0],"tintindex":0,"rotation":0,"texture":"#0"},"west":{"uv":[7.5,6.5,8.0,7.0],"tintindex":0,"rotation":0,"texture":"#0"},"up":{"uv":[7.5,4.0,8.0,4.5],"tintindex":0,"rotation":90,"texture":"#0"},"down":{"uv":[7.5,4.5,8.0,5.0],"tintindex":0,"rotation":270,"texture":"#0"}}}],"display":{"gui":{"rotation":[30,225,0]}}}