{"textures":{"0":"modelengine:entity/undine"},"elements":[{"from":[7.8354707,6.1441154,7.7492833],"to":[8.314271,7.152115,8.329889],"faces":{"east":{"uv":[8.5,1.0,9.0,1.5],"tintindex":0,"rotation":0,"texture":"#0"},"south":{"uv":[8.5,1.0,9.0,1.5],"tintindex":0,"rotation":0,"texture":"#0"},"north":{"uv":[8.5,1.0,9.0,1.5],"tintindex":0,"rotation":0,"texture":"#0"},"west":{"uv":[8.5,1.0,9.0,1.5],"tintindex":0,"rotation":0,"texture":"#0"},"up":{"uv":[8.5,1.5,9.0,2.0],"tintindex":0,"rotation":90,"texture":"#0"},"down":{"uv":[8.5,2.0,9.0,2.5],"tintindex":0,"rotation":270,"texture":"#0"}},"rotation":{"origin":[9.0,9.978802,16.346563],"angle":-22.5,"axis":"z"}},{"from":[7.7299175,3.9005604,7.799163],"to":[8.208717,5.1605606,8.379771],"faces":{"east":{"uv":[10.5,6.5,11.0,7.0],"tintindex":0,"rotation":0,"texture":"#0"},"south":{"uv":[10.5,6.5,11.0,7.0],"tintindex":0,"rotation":0,"texture":"#0"},"north":{"uv":[13.5,6.5,14.0,7.0],"tintindex":0,"rotation":0,"texture":"#0"},"west":{"uv":[10.5,6.5,11.0,7.0],"tintindex":0,"rotation":0,"texture":"#0"},"up":{"uv":[13.0,6.5,13.5,7.0],"tintindex":0,"rotation":90,"texture":"#0"},"down":{"uv":[12.5,6.5,13.0,7.0],"tintindex":0,"rotation":270,"texture":"#0"}},"rotation":{"origin":[3.96,7.458805,11.306562],"angle":22.5,"axis":"x"}},{"from":[7.2259173,5.237667,6.3280563],"to":[7.5535173,7.253666,6.7925425],"faces":{"east":{"uv":[12.5,6.0,13.0,6.5],"tintindex":0,"rotation":0,"texture":"#0"},"south":{"uv":[12.5,6.0,13.0,6.5],"tintindex":0,"rotation":0,"texture":"#0"},"north":{"uv":[9.5,6.0,10.0,6.5],"tintindex":0,"rotation":0,"texture":"#0"},"west":{"uv":[12.5,6.0,13.0,6.5],"tintindex":0,"rotation":0,"texture":"#0"},"up":{"uv":[9.0,0.0,9.5,0.5],"tintindex":0,"rotation":90,"texture":"#0"},"down":{"uv":[9.0,0.5,9.5,1.0],"tintindex":0,"rotation":270,"texture":"#0"}},"rotation":{"origin":[6.48,7.4588013,11.306562],"angle":-22.5,"axis":"x"}},{"from":[8.863917,3.9005604,7.799163],"to":[9.342718,5.1605606,8.379771],"faces":{"east":{"uv":[10.5,6.5,11.0,7.0],"tintindex":0,"rotation":0,"texture":"#0"},"south":{"uv":[10.5,6.5,11.0,7.0],"tintindex":0,"rotation":0,"texture":"#0"},"north":{"uv":[10.5,6.5,11.0,7.0],"tintindex":0,"rotation":0,"texture":"#0"},"west":{"uv":[10.5,6.5,11.0,7.0],"tintindex":0,"rotation":0,"texture":"#0"},"up":{"uv":[9.5,5.5,10.0,6.0],"tintindex":0,"rotation":90,"texture":"#0"},"down":{"uv":[9.5,6.5,10.0,7.0],"tintindex":0,"rotation":270,"texture":"#0"}},"rotation":{"origin":[9.0,7.458805,11.306562],"angle":22.5,"axis":"x"}},{"from":[5.860364,3.3721142,7.7996836],"to":[6.187964,4.8841133,8.26417],"faces":{"east":{"uv":[8.5,4.0,9.0,4.5],"tintindex":0,"rotation":0,"texture":"#0"},"south":{"uv":[8.5,4.0,9.0,4.5],"tintindex":0,"rotation":0,"texture":"#0"},"north":{"uv":[8.5,4.0,9.0,4.5],"tintindex":0,"rotation":0,"texture":"#0"},"west":{"uv":[8.5,4.0,9.0,4.5],"tintindex":0,"rotation":0,"texture":"#0"},"up":{"uv":[8.5,4.5,9.0,5.0],"tintindex":0,"rotation":90,"texture":"#0"},"down":{"uv":[8.5,5.0,9.0,5.5],"tintindex":0,"rotation":270,"texture":"#0"}},"rotation":{"origin":[1.44,7.458805,16.346563],"angle":22.5,"axis":"z"}},{"from":[8.284317,3.9005604,7.799163],"to":[8.763117,5.1605606,8.379771],"faces":{"east":{"uv":[10.5,6.5,11.0,7.0],"tintindex":0,"rotation":0,"texture":"#0"},"south":{"uv":[10.5,6.5,11.0,7.0],"tintindex":0,"rotation":0,"texture":"#0"},"north":{"uv":[13.5,6.5,14.0,7.0],"tintindex":0,"rotation":0,"texture":"#0"},"west":{"uv":[10.5,6.5,11.0,7.0],"tintindex":0,"rotation":0,"texture":"#0"},"up":{"uv":[13.0,6.5,13.5,7.0],"tintindex":0,"rotation":90,"texture":"#0"},"down":{"uv":[12.5,6.5,13.0,7.0],"tintindex":0,"rotation":270,"texture":"#0"}},"rotation":{"origin":[9.0,7.458805,11.306562],"angle":22.5,"axis":"x"}},{"from":[7.0999174,5.28656,8.429163],"to":[9.367918,7.05056,9.689163],"faces":{"east":{"uv":[9.0,4.0,9.5,4.5],"tintindex":0,"rotation":0,"texture":"#0"},"south":{"uv":[8.5,5.0,9.0,5.5],"tintindex":0,"rotation":0,"texture":"#0"},"north":{"uv":[9.0,5.5,9.5,6.0],"tintindex":0,"rotation":0,"texture":"#0"},"west":{"uv":[9.0,4.5,9.5,5.0],"tintindex":0,"rotation":0,"texture":"#0"},"up":{"uv":[9.0,6.0,9.5,6.5],"tintindex":0,"rotation":90,"texture":"#0"},"down":{"uv":[15.5,6.5,16.0,7.0],"tintindex":0,"rotation":270,"texture":"#0"}},"rotation":{"origin":[9.0,9.978802,11.306562],"angle":22.5,"axis":"x"}},{"from":[8.989918,5.237667,6.3280563],"to":[9.317517,7.253666,6.7925425],"faces":{"east":{"uv":[12.5,6.0,13.0,6.5],"tintindex":0,"rotation":0,"texture":"#0"},"south":{"uv":[12.5,6.0,13.0,6.5],"tintindex":0,"rotation":0,"texture":"#0"},"north":{"uv":[12.5,6.0,13.0,6.5],"tintindex":0,"rotation":0,"texture":"#0"},"west":{"uv":[12.5,6.0,13.0,6.5],"tintindex":0,"rotation":0,"texture":"#0"},"up":{"uv":[12.0,6.0,12.5,6.5],"tintindex":0,"rotation":90,"texture":"#0"},"down":{"uv":[11.5,6.0,12.0,6.5],"tintindex":0,"rotation":270,"texture":"#0"}},"rotation":{"origin":[9.0,7.4588013,11.306562],"angle":-22.5,"axis":"x"}},{"from":[7.7803173,5.237667,6.3280563],"to":[8.107918,7.253666,6.7925425],"faces":{"east":{"uv":[12.5,6.0,13.0,6.5],"tintindex":0,"rotation":0,"texture":"#0"},"south":{"uv":[12.5,6.0,13.0,6.5],"tintindex":0,"rotation":0,"texture":"#0"},"north":{"uv":[9.5,6.0,10.0,6.5],"tintindex":0,"rotation":0,"texture":"#0"},"west":{"uv":[12.5,6.0,13.0,6.5],"tintindex":0,"rotation":0,"texture":"#0"},"up":{"uv":[9.0,0.0,9.5,0.5],"tintindex":0,"rotation":90,"texture":"#0"},"down":{"uv":[9.0,0.5,9.5,1.0],"tintindex":0,"rotation":270,"texture":"#0"}},"rotation":{"origin":[3.96,7.4588013,11.306562],"angle":-22.5,"axis":"x"}},{"from":[8.359918,5.237667,6.3280563],"to":[8.687517,7.253666,6.7925425],"faces":{"east":{"uv":[12.5,6.0,13.0,6.5],"tintindex":0,"rotation":0,"texture":"#0"},"south":{"uv":[12.5,6.0,13.0,6.5],"tintindex":0,"rotation":0,"texture":"#0"},"north":{"uv":[9.5,6.0,10.0,6.5],"tintindex":0,"rotation":0,"texture":"#0"},"west":{"uv":[12.5,6.0,13.0,6.5],"tintindex":0,"rotation":0,"texture":"#0"},"up":{"uv":[9.0,0.0,9.5,0.5],"tintindex":0,"rotation":90,"texture":"#0"},"down":{"uv":[9.0,0.5,9.5,1.0],"tintindex":0,"rotation":270,"texture":"#0"}},"rotation":{"origin":[9.0,7.4588013,11.306562],"angle":-22.5,"axis":"x"}},{"from":[7.1755176,3.9005604,7.799163],"to":[7.6543174,5.1605606,8.379771],"faces":{"east":{"uv":[10.5,6.5,11.0,7.0],"tintindex":0,"rotation":0,"texture":"#0"},"south":{"uv":[10.5,6.5,11.0,7.0],"tintindex":0,"rotation":0,"texture":"#0"},"north":{"uv":[13.5,6.5,14.0,7.0],"tintindex":0,"rotation":0,"texture":"#0"},"west":{"uv":[10.5,6.5,11.0,7.0],"tintindex":0,"rotation":0,"texture":"#0"},"up":{"uv":[13.0,6.5,13.5,7.0],"tintindex":0,"rotation":90,"texture":"#0"},"down":{"uv":[12.5,6.5,13.0,7.0],"tintindex":0,"rotation":270,"texture":"#0"}},"rotation":{"origin":[6.48,7.458805,11.306562],"angle":22.5,"axis":"x"}}],"display":{"gui":{"rotation":[30,225,0]}}}