{"textures":{"0":"modelengine:entity/undine"},"elements":[{"from":[4.9018345,7.4160004,5.040072],"to":[11.760266,9.457199,9.9389515],"faces":{"east":{"uv":[11.5,10.0,12.5,10.5],"tintindex":0,"rotation":0,"texture":"#0"},"south":{"uv":[11.5,10.0,12.5,10.5],"tintindex":0,"rotation":0,"texture":"#0"},"north":{"uv":[11.5,10.0,12.5,10.5],"tintindex":0,"rotation":0,"texture":"#0"},"west":{"uv":[11.5,10.0,12.5,10.5],"tintindex":0,"rotation":0,"texture":"#0"},"up":{"uv":[11.0,4.999999,12.0,6.0],"tintindex":0,"rotation":90,"texture":"#0"},"down":{"uv":[9.5,10.0,10.5,10.5],"tintindex":0,"rotation":270,"texture":"#0"}}},{"from":[7.7136,7.542,5.5163517],"to":[9.34656,11.321999,9.598752],"faces":{"east":{"uv":[9.5,10.0,10.5,10.5],"tintindex":0,"rotation":180,"texture":"#0"},"south":{"uv":[9.3125,10.9375,9.5625,11.4375],"tintindex":0,"rotation":180,"texture":"#0"},"north":{"uv":[9.3125,10.9375,9.5625,11.4375],"tintindex":0,"rotation":180,"texture":"#0"},"west":{"uv":[9.5625,10.5,10.0625,11.0],"tintindex":0,"rotation":180,"texture":"#0"},"up":{"uv":[11.25,8.5625,11.75,8.8125],"tintindex":0,"rotation":270,"texture":"#0"},"down":{"uv":[11.25,8.5625,11.75,8.8125],"tintindex":0,"rotation":270,"texture":"#0"}},"rotation":{"origin":[6.0,18.0,9.0],"angle":-22.5,"axis":"z"}},{"from":[4.42752,14.824799,5.906952],"to":[11.68512,18.453598,9.686952],"faces":{"east":{"uv":[9.5,8.0,10.0,8.5],"tintindex":0,"rotation":0,"texture":"#0"},"south":{"uv":[13.5,9.5,14.5,10.0],"tintindex":0,"rotation":0,"texture":"#0"},"north":{"uv":[6.5,9.0,7.5,9.5],"tintindex":0,"rotation":0,"texture":"#0"},"west":{"uv":[9.0,8.0,9.5,8.5],"tintindex":0,"rotation":0,"texture":"#0"},"up":{"uv":[6.5,10.0,7.5,11.0],"tintindex":0,"rotation":180,"texture":"#0"},"down":{"uv":[13.5,10.0,14.5,10.5],"tintindex":0,"rotation":270,"texture":"#0"}}},{"from":[5.38008,9.431999,5.3334],"to":[10.82328,13.9679985,9.3654],"faces":{"east":{"uv":[11.0,4.0,10.5,4.5],"tintindex":0,"rotation":0,"texture":"#0"},"south":{"uv":[14.1875,6.875,15.5,7.875],"tintindex":0,"rotation":0,"texture":"#0"},"north":{"uv":[14.0,4.499999,15.0,5.0],"tintindex":0,"rotation":0,"texture":"#0"},"west":{"uv":[10.5,4.0,11.0,4.5],"tintindex":0,"rotation":0,"texture":"#0"},"up":{"uv":[12.0,8.0,12.5,8.5],"tintindex":0,"rotation":90,"texture":"#0"},"down":{"uv":[11.5,8.0,12.0,8.5],"tintindex":0,"rotation":270,"texture":"#0"}}},{"from":[7.6480775,13.41864,4.5018],"to":[8.555278,17.04744,6.3161974],"faces":{"east":{"uv":[6.5,7.5,7.0,8.0],"tintindex":0,"rotation":0,"texture":"#0"},"south":{"uv":[6.5,8.5,7.0,9.0],"tintindex":0,"rotation":0,"texture":"#0"},"north":{"uv":[15.5,9.0,16.0,9.5],"tintindex":0,"rotation":0,"texture":"#0"},"west":{"uv":[6.5,8.0,7.0,8.5],"tintindex":0,"rotation":0,"texture":"#0"},"up":{"uv":[15.0,9.0,15.5,9.5],"tintindex":0,"rotation":90,"texture":"#0"},"down":{"uv":[14.5,9.0,15.0,9.5],"tintindex":0,"rotation":270,"texture":"#0"}}},{"from":[8.69136,13.6152,3.3678002],"to":[10.86864,16.3368,5.1822],"faces":{"east":{"uv":[7.0,5.5,6.5,6.0],"tintindex":0,"rotation":0,"texture":"#0"},"south":{"uv":[6.0,1.5,6.5,2.0],"tintindex":0,"rotation":0,"texture":"#0"},"north":{"uv":[7.0,6.0,6.5,6.5],"tintindex":0,"rotation":0,"texture":"#0"},"west":{"uv":[7.0,5.0,6.5,5.5],"tintindex":0,"rotation":0,"texture":"#0"},"up":{"uv":[6.5,7.0,7.0,6.5],"tintindex":0,"rotation":90,"texture":"#0"},"down":{"uv":[9.5,5.5,10.0,5.0],"tintindex":0,"rotation":270,"texture":"#0"}}},{"from":[3.56568,15.202801,5.214204],"to":[12.63768,17.9244,8.994204],"faces":{"east":{"uv":[7.5,8.0,8.0,8.5],"tintindex":0,"rotation":0,"texture":"#0"},"south":{"uv":[14.5,5.5,16.0,6.0],"tintindex":0,"rotation":0,"texture":"#0"},"north":{"uv":[11.0,11.5,12.5,12.0],"tintindex":0,"rotation":0,"texture":"#0"},"west":{"uv":[7.0,0.0,7.5,0.5],"tintindex":0,"rotation":0,"texture":"#0"},"up":{"uv":[12.5,3.999999,14.0,5.0],"tintindex":0,"rotation":180,"texture":"#0"},"down":{"uv":[9.0,13.5,10.5,14.0],"tintindex":0,"rotation":270,"texture":"#0"}}},{"from":[5.28936,13.6152,3.3678002],"to":[7.46664,16.3368,5.1822],"faces":{"east":{"uv":[6.5,5.0,7.0,5.5],"tintindex":0,"rotation":0,"texture":"#0"},"south":{"uv":[14.0,8.5,14.5,9.0],"tintindex":0,"rotation":0,"texture":"#0"},"north":{"uv":[6.5,6.0,7.0,6.5],"tintindex":0,"rotation":0,"texture":"#0"},"west":{"uv":[6.5,5.5,7.0,6.0],"tintindex":0,"rotation":0,"texture":"#0"},"up":{"uv":[6.5,6.5,7.0,7.0],"tintindex":0,"rotation":90,"texture":"#0"},"down":{"uv":[9.5,5.0,10.0,5.5],"tintindex":0,"rotation":270,"texture":"#0"}}},{"from":[4.5636,13.388401,4.06332],"to":[7.82952,17.0172,6.2406],"faces":{"east":{"uv":[6.5,0.5,7.0,1.0],"tintindex":0,"rotation":0,"texture":"#0"},"south":{"uv":[6.5,1.5,7.0,2.0],"tintindex":0,"rotation":0,"texture":"#0"},"north":{"uv":[4.5,2.0,5.5,3.0],"tintindex":0,"rotation":0,"texture":"#0"},"west":{"uv":[6.5,1.0,7.0,1.5],"tintindex":0,"rotation":0,"texture":"#0"},"up":{"uv":[6.5,2.0,7.0,2.5],"tintindex":0,"rotation":90,"texture":"#0"},"down":{"uv":[6.5,2.5,7.0,3.0],"tintindex":0,"rotation":270,"texture":"#0"}}},{"from":[8.23776,13.388401,4.06332],"to":[11.50368,17.0172,6.2406],"faces":{"east":{"uv":[7.0,1.0,6.5,1.5],"tintindex":0,"rotation":0,"texture":"#0"},"south":{"uv":[15.5,9.5,16.0,10.0],"tintindex":0,"rotation":0,"texture":"#0"},"north":{"uv":[5.5,2.0,4.5,3.0],"tintindex":0,"rotation":0,"texture":"#0"},"west":{"uv":[7.0,0.5,6.5,1.0],"tintindex":0,"rotation":0,"texture":"#0"},"up":{"uv":[6.5,2.5,7.0,2.0],"tintindex":0,"rotation":90,"texture":"#0"},"down":{"uv":[6.5,3.0,7.0,2.5],"tintindex":0,"rotation":270,"texture":"#0"}}},{"from":[8.119824,12.934799,5.1066],"to":[10.841424,13.841999,6.0137997],"faces":{"east":{"uv":[14.0,9.0,14.5,9.5],"tintindex":0,"rotation":0,"texture":"#0"},"south":{"uv":[13.0,9.0,13.5,9.5],"tintindex":0,"rotation":0,"texture":"#0"},"north":{"uv":[12.5,9.0,13.0,9.5],"tintindex":0,"rotation":0,"texture":"#0"},"west":{"uv":[13.5,9.0,14.0,9.5],"tintindex":0,"rotation":0,"texture":"#0"},"up":{"uv":[12.0,9.0,12.5,9.5],"tintindex":0,"rotation":90,"texture":"#0"},"down":{"uv":[11.5,9.0,12.0,9.5],"tintindex":0,"rotation":270,"texture":"#0"}}},{"from":[4.86978,13.010399,6.0137997],"to":[11.2201805,14.824799,9.7938],"faces":{"east":{"uv":[11.0,8.0,10.5,8.5],"tintindex":0,"rotation":0,"texture":"#0"},"south":{"uv":[8.5,10.0,9.5,10.5],"tintindex":0,"rotation":0,"texture":"#0"},"north":{"uv":[7.5,9.0,8.5,9.5],"tintindex":0,"rotation":0,"texture":"#0"},"west":{"uv":[10.5,8.0,11.0,8.5],"tintindex":0,"rotation":0,"texture":"#0"},"up":{"uv":[11.5,9.5,12.5,10.0],"tintindex":0,"rotation":90,"texture":"#0"},"down":{"uv":[7.5,9.5,8.5,10.0],"tintindex":0,"rotation":270,"texture":"#0"}}},{"from":[7.008,5.9039993,5.5163517],"to":[8.268,9.683998,9.598752],"faces":{"east":{"uv":[9.5625,10.5,10.0625,11.0],"tintindex":0,"rotation":180,"texture":"#0"},"south":{"uv":[9.3125,10.9375,9.5625,11.4375],"tintindex":0,"rotation":180,"texture":"#0"},"north":{"uv":[9.3125,10.9375,9.5625,11.4375],"tintindex":0,"rotation":180,"texture":"#0"},"west":{"uv":[9.5625,10.5,10.0625,11.0],"tintindex":0,"rotation":180,"texture":"#0"},"up":{"uv":[11.25,8.5625,11.75,8.8125],"tintindex":0,"rotation":270,"texture":"#0"},"down":{"uv":[11.5,10.0,12.5,10.5],"tintindex":0,"rotation":270,"texture":"#0"}},"rotation":{"origin":[6.0,18.0,9.0],"angle":22.5,"axis":"z"}},{"from":[4.9839363,16.563599,4.653],"to":[11.334336,17.470798,6.4673977],"faces":{"east":{"uv":[6.5,4.0,7.0,4.5],"tintindex":0,"rotation":0,"texture":"#0"},"south":{"uv":[10.5,9.5,11.5,10.0],"tintindex":0,"rotation":0,"texture":"#0"},"north":{"uv":[9.0,13.0,12.5,13.5],"tintindex":0,"rotation":180,"texture":"#0"},"west":{"uv":[6.5,4.5,7.0,5.0],"tintindex":0,"rotation":0,"texture":"#0"},"up":{"uv":[8.5,9.5,9.5,10.0],"tintindex":0,"rotation":180,"texture":"#0"},"down":{"uv":[12.5,9.5,13.5,10.0],"tintindex":0,"rotation":270,"texture":"#0"}}},{"from":[5.00208,17.470798,4.8798],"to":[11.35248,18.377998,6.6942],"faces":{"east":{"uv":[6.5,3.0,7.0,3.5],"tintindex":0,"rotation":0,"texture":"#0"},"south":{"uv":[14.5,9.5,15.5,10.0],"tintindex":0,"rotation":0,"texture":"#0"},"north":{"uv":[12.5,5.5,14.5,6.0],"tintindex":0,"rotation":180,"texture":"#0"},"west":{"uv":[6.5,3.5,7.0,4.0],"tintindex":0,"rotation":0,"texture":"#0"},"up":{"uv":[12.5,10.5,13.5,11.0],"tintindex":0,"rotation":180,"texture":"#0"},"down":{"uv":[7.5,10.0,8.5,10.5],"tintindex":0,"rotation":270,"texture":"#0"}}},{"from":[4.9083357,12.934799,5.1066],"to":[7.6299334,13.841999,6.0137997],"faces":{"east":{"uv":[9.0,8.5,9.5,9.0],"tintindex":0,"rotation":0,"texture":"#0"},"south":{"uv":[8.0,8.5,8.5,9.0],"tintindex":0,"rotation":0,"texture":"#0"},"north":{"uv":[7.5,8.5,8.0,9.0],"tintindex":0,"rotation":0,"texture":"#0"},"west":{"uv":[8.5,8.5,9.0,9.0],"tintindex":0,"rotation":0,"texture":"#0"},"up":{"uv":[7.0,8.5,7.5,9.0],"tintindex":0,"rotation":90,"texture":"#0"},"down":{"uv":[6.5,0.0,7.0,0.5],"tintindex":0,"rotation":270,"texture":"#0"}}}],"display":{"gui":{"rotation":[30,225,0]}}}