{"textures":{"1":"modelengine:entity/tidalwaveanima"},"elements":[{"from":[8.04,-7.4799995,6.92],"to":[8.04,-1.1800003,13.219999],"faces":{"east":{"uv":[8.0,7.0,0.0,16.0],"tintindex":0,"rotation":0,"texture":"#1"},"west":{"uv":[0.0,7.0,8.0,16.0],"tintindex":0,"rotation":0,"texture":"#1"}},"rotation":{"origin":[-0.8199997,-10.0,0.1800003],"angle":22.5,"axis":"y"}},{"from":[12.52,-10.0,-1.04],"to":[12.52,-3.6999998,5.26],"faces":{"east":{"uv":[8.0,7.0,0.0,16.0],"tintindex":0,"rotation":0,"texture":"#1"},"west":{"uv":[0.0,7.0,8.0,16.0],"tintindex":0,"rotation":0,"texture":"#1"}},"rotation":{"origin":[-0.8199997,-10.0,0.1800003],"angle":-22.5,"axis":"y"}},{"from":[5.8,-7.4799995,13.24],"to":[5.8,-1.1800003,19.54],"faces":{"east":{"uv":[8.0,7.0,0.0,16.0],"tintindex":0,"rotation":0,"texture":"#1"},"west":{"uv":[0.0,7.0,8.0,16.0],"tintindex":0,"rotation":0,"texture":"#1"}},"rotation":{"origin":[-0.8199997,-10.0,0.1800003],"angle":22.5,"axis":"y"}},{"from":[4.7799997,-10.0,10.26],"to":[4.7799997,-3.6999998,16.56],"faces":{"east":{"uv":[8.0,7.0,0.0,16.0],"tintindex":0,"rotation":0,"texture":"#1"},"west":{"uv":[0.0,7.0,8.0,16.0],"tintindex":0,"rotation":0,"texture":"#1"}},"rotation":{"origin":[-0.8199997,-10.0,0.1800003],"angle":22.5,"axis":"y"}},{"from":[6.7200003,-7.4799995,1.44],"to":[6.7200003,-1.1800003,7.74],"faces":{"east":{"uv":[8.0,7.0,0.0,16.0],"tintindex":0,"rotation":0,"texture":"#1"},"west":{"uv":[0.0,7.0,8.0,16.0],"tintindex":0,"rotation":0,"texture":"#1"}},"rotation":{"origin":[-0.8199997,-10.0,0.1800003],"angle":-22.5,"axis":"y"}},{"from":[6.0,-10.0,3.6799998],"to":[6.0,-3.6999998,9.98],"faces":{"east":{"uv":[8.0,7.0,0.0,16.0],"tintindex":0,"rotation":0,"texture":"#1"},"west":{"uv":[0.0,7.0,8.0,16.0],"tintindex":0,"rotation":0,"texture":"#1"}},"rotation":{"origin":[-0.8199997,-10.0,0.1800003],"angle":22.5,"axis":"y"}},{"from":[7.46,-10.0,5.46],"to":[7.46,-3.6999998,11.76],"faces":{"east":{"uv":[8.0,7.0,0.0,16.0],"tintindex":0,"rotation":0,"texture":"#1"},"west":{"uv":[0.0,7.0,8.0,16.0],"tintindex":0,"rotation":0,"texture":"#1"}},"rotation":{"origin":[-0.8199997,-10.0,0.1800003],"angle":-22.5,"axis":"y"}},{"from":[12.0,-8.74,5.5],"to":[12.0,-2.4400005,11.8],"faces":{"east":{"uv":[8.0,7.0,0.0,16.0],"tintindex":0,"rotation":0,"texture":"#1"},"west":{"uv":[0.0,7.0,8.0,16.0],"tintindex":0,"rotation":0,"texture":"#1"}},"rotation":{"origin":[-0.8199997,-10.0,0.1800003],"angle":-22.5,"axis":"y"}},{"from":[1.98,-10.0,7.98],"to":[1.98,-3.6999998,14.280001],"faces":{"east":{"uv":[8.0,7.0,0.0,16.0],"tintindex":0,"rotation":0,"texture":"#1"},"west":{"uv":[0.0,7.0,8.0,16.0],"tintindex":0,"rotation":0,"texture":"#1"}},"rotation":{"origin":[-0.8199997,-10.0,0.1800003],"angle":22.5,"axis":"y"}}],"display":{"gui":{"rotation":[30,225,0]}}}