{"textures":{"0":"modelengine:entity/nagamyrmidon"},"elements":[{"from":[4.6594615,16.994154,5.062384],"to":[4.6607747,23.19906,10.853631],"faces":{"east":{"uv":[6.0,13.0,5.0,14.0],"tintindex":0,"rotation":0,"texture":"#0"},"west":{"uv":[5.0,13.0,6.0,14.0],"tintindex":0,"rotation":0,"texture":"#0"}},"rotation":{"origin":[4.659527,16.994154,5.0623183],"angle":22.5,"axis":"x"}},{"from":[4.4527626,11.616566,4.2349315],"to":[11.484991,16.994154,10.439839],"faces":{"east":{"uv":[1.0,13.0,2.0,14.0],"tintindex":0,"rotation":0,"texture":"#0"},"south":{"uv":[5.25,14.0,6.5,15.0],"tintindex":0,"rotation":0,"texture":"#0"},"north":{"uv":[4.0,15.0,5.25,16.0],"tintindex":0,"rotation":0,"texture":"#0"},"west":{"uv":[0.0,13.0,1.0,14.0],"tintindex":0,"rotation":0,"texture":"#0"},"up":{"uv":[5.25,15.0,6.5,16.0],"tintindex":0,"rotation":0,"texture":"#0"},"down":{"uv":[4.0,14.0,5.25,15.0],"tintindex":0,"rotation":0,"texture":"#0"}}},{"from":[10.347358,7.3880367,9.922829],"to":[10.348673,18.14321,16.127737],"faces":{"east":{"uv":[1.0,14.0,0.0,16.0],"tintindex":0,"rotation":180,"texture":"#0"},"west":{"uv":[0.0,14.0,1.0,16.0],"tintindex":0,"rotation":180,"texture":"#0"}}},{"from":[5.2800837,7.0663013,5.475913],"to":[10.65767,11.616566,10.8535],"faces":{"east":{"uv":[16.0,12.0,15.0,12.75],"tintindex":0,"rotation":0,"texture":"#0"},"south":{"uv":[4.75,12.25,5.75,13.0],"tintindex":0,"rotation":0,"texture":"#0"},"north":{"uv":[3.75,12.25,4.75,13.0],"tintindex":0,"rotation":0,"texture":"#0"},"west":{"uv":[5.75,12.25,6.75,13.0],"tintindex":0,"rotation":0,"texture":"#0"},"up":{"uv":[3.0,13.0,4.0,14.0],"tintindex":0,"rotation":0,"texture":"#0"},"down":{"uv":[2.0,13.0,3.0,14.0],"tintindex":0,"rotation":0,"texture":"#0"}}},{"from":[5.5902634,7.716339,9.922829],"to":[5.5915766,18.471512,16.127737],"faces":{"east":{"uv":[1.0,14.0,0.0,16.0],"tintindex":0,"rotation":180,"texture":"#0"},"west":{"uv":[0.0,14.0,1.0,16.0],"tintindex":0,"rotation":180,"texture":"#0"}}},{"from":[11.27803,16.994154,5.062384],"to":[11.279343,23.19906,10.853631],"faces":{"east":{"uv":[6.0,13.0,5.0,14.0],"tintindex":0,"rotation":0,"texture":"#0"},"west":{"uv":[5.0,13.0,6.0,14.0],"tintindex":0,"rotation":0,"texture":"#0"}},"rotation":{"origin":[11.278095,16.994154,5.0623183],"angle":22.5,"axis":"x"}}],"display":{"gui":{"rotation":[30,225,0]}}}