{"textures":{"0":"modelengine:entity/nagamyrmidon"},"elements":[{"from":[8.212755,11.662626,9.59439],"to":[8.215382,17.453873,15.385637],"faces":{"east":{"uv":[4.25,10.0,4.75,9.5],"tintindex":0,"rotation":90,"texture":"#0"},"west":{"uv":[4.25,9.5,4.75,10.0],"tintindex":0,"rotation":90,"texture":"#0"}}},{"from":[5.645171,5.863237,8.618151],"to":[10.6090975,11.654484,15.236719],"faces":{"east":{"uv":[13.5,7.0,14.0,6.5],"tintindex":0,"rotation":270,"texture":"#0"},"south":{"uv":[6.25,8.25,6.5,8.75],"tintindex":0,"rotation":0,"texture":"#0"},"north":{"uv":[6.5,8.25,6.75,8.75],"tintindex":0,"rotation":0,"texture":"#0"},"west":{"uv":[3.5,8.75,4.0,9.25],"tintindex":0,"rotation":270,"texture":"#0"},"up":{"uv":[6.75,8.25,7.0,8.75],"tintindex":0,"rotation":0,"texture":"#0"},"down":{"uv":[7.75,9.5,8.0,10.0],"tintindex":0,"rotation":0,"texture":"#0"}}}],"display":{"gui":{"rotation":[30,225,0]}}}