{"textures":{"0":"modelengine:entity/nagamyrmidon"},"elements":[{"from":[2.9738278,1.720995,0.8495035],"to":[12.90168,13.30349,10.777356],"faces":{"east":{"uv":[13.5,12.0,12.75,13.0],"tintindex":0,"rotation":0,"texture":"#0"},"south":{"uv":[6.0,13.0,6.75,14.0],"tintindex":0,"rotation":0,"texture":"#0"},"north":{"uv":[6.75,13.0,7.5,14.0],"tintindex":0,"rotation":0,"texture":"#0"},"west":{"uv":[3.0,12.0,3.75,13.0],"tintindex":0,"rotation":0,"texture":"#0"},"up":{"uv":[3.75,11.0,4.5,11.75],"tintindex":0,"rotation":0,"texture":"#0"},"down":{"uv":[3.0,11.0,3.75,11.75],"tintindex":0,"rotation":0,"texture":"#0"}},"rotation":{"origin":[2.9736962,1.7208633,0.8495035],"angle":22.5,"axis":"x"}},{"from":[3.3874884,-6.5522156,1.2631645],"to":[12.488017,2.548316,11.191017],"faces":{"east":{"uv":[13.5,10.0,12.75,10.75],"tintindex":0,"rotation":0,"texture":"#0"},"south":{"uv":[4.5,10.0,5.25,10.75],"tintindex":0,"rotation":0,"texture":"#0"},"north":{"uv":[5.25,10.0,6.0,10.75],"tintindex":0,"rotation":0,"texture":"#0"},"west":{"uv":[3.75,10.0,4.5,10.75],"tintindex":0,"rotation":0,"texture":"#0"},"up":{"uv":[6.0,10.0,6.75,10.75],"tintindex":0,"rotation":0,"texture":"#0"},"down":{"uv":[6.75,10.0,7.5,10.75],"tintindex":0,"rotation":0,"texture":"#0"}}}],"display":{"gui":{"rotation":[30,225,0]}}}