{"textures":{"1":"modelengine:entity/nagaglaive"},"elements":[{"from":[7.7489147,22.915972,6.137123],"to":[8.250875,23.919893,8.646919],"faces":{"east":{"uv":[9.0,15.0,8.0,16.0],"tintindex":0,"rotation":0,"texture":"#1"},"south":{"uv":[7.0,8.0,8.0,9.0],"tintindex":0,"rotation":0,"texture":"#1"},"north":{"uv":[7.0,9.0,8.0,10.0],"tintindex":0,"rotation":0,"texture":"#1"},"west":{"uv":[8.0,15.0,9.0,16.0],"tintindex":0,"rotation":0,"texture":"#1"},"up":{"uv":[7.0,10.0,8.0,11.0],"tintindex":0,"rotation":0,"texture":"#1"},"down":{"uv":[7.0,11.0,8.0,12.0],"tintindex":0,"rotation":0,"texture":"#1"}}},{"from":[8.0,-6.321553,5.688793],"to":[8.003073,-1.7121935,11.834606],"faces":{"east":{"uv":[7.0,14.0,4.0,16.0],"tintindex":0,"rotation":0,"texture":"#1"},"west":{"uv":[4.0,14.0,7.0,16.0],"tintindex":0,"rotation":0,"texture":"#1"}}},{"from":[7.749834,24.37639,1.83072],"to":[8.251795,25.882273,3.8385553],"faces":{"east":{"uv":[9.0,10.0,8.0,11.0],"tintindex":0,"rotation":0,"texture":"#1"},"south":{"uv":[8.0,11.0,9.0,12.0],"tintindex":0,"rotation":0,"texture":"#1"},"north":{"uv":[8.0,12.0,9.0,13.0],"tintindex":0,"rotation":0,"texture":"#1"},"west":{"uv":[8.0,10.0,9.0,11.0],"tintindex":0,"rotation":0,"texture":"#1"},"up":{"uv":[8.0,13.0,9.0,14.0],"tintindex":0,"rotation":0,"texture":"#1"},"down":{"uv":[8.0,14.0,9.0,15.0],"tintindex":0,"rotation":0,"texture":"#1"}},"rotation":{"origin":[8.0,12.5,3.0],"angle":22.5,"axis":"x"}},{"from":[7.7489147,17.896366,6.2627964],"to":[8.250875,20.406157,8.647102],"faces":{"east":{"uv":[5.0,8.0,4.0,9.0],"tintindex":0,"rotation":0,"texture":"#1"},"south":{"uv":[5.0,9.0,6.0,10.0],"tintindex":0,"rotation":0,"texture":"#1"},"north":{"uv":[4.0,9.0,5.0,10.0],"tintindex":0,"rotation":0,"texture":"#1"},"west":{"uv":[4.0,8.0,5.0,9.0],"tintindex":0,"rotation":0,"texture":"#1"},"up":{"uv":[5.0,10.0,6.0,11.0],"tintindex":0,"rotation":0,"texture":"#1"},"down":{"uv":[4.0,10.0,5.0,11.0],"tintindex":0,"rotation":0,"texture":"#1"}}},{"from":[7.749834,25.543964,-2.7680035],"to":[8.251795,27.049831,-1.7640839],"faces":{"east":{"uv":[15.0,15.0,14.0,16.0],"tintindex":0,"rotation":0,"texture":"#1"},"south":{"uv":[13.0,15.0,14.0,16.0],"tintindex":0,"rotation":0,"texture":"#1"},"north":{"uv":[12.0,15.0,13.0,16.0],"tintindex":0,"rotation":0,"texture":"#1"},"west":{"uv":[14.0,15.0,15.0,16.0],"tintindex":0,"rotation":0,"texture":"#1"},"up":{"uv":[11.0,15.0,12.0,16.0],"tintindex":0,"rotation":0,"texture":"#1"},"down":{"uv":[10.0,15.0,11.0,16.0],"tintindex":0,"rotation":0,"texture":"#1"}},"rotation":{"origin":[8.0,12.5,3.0],"angle":45.0,"axis":"x"}},{"from":[8.0,12.5,3.0],"to":[8.003073,17.519592,7.5176325],"faces":{"east":{"uv":[12.0,12.0,10.0,14.0],"tintindex":0,"rotation":0,"texture":"#1"},"west":{"uv":[10.0,12.0,12.0,14.0],"tintindex":0,"rotation":0,"texture":"#1"}}},{"from":[7.7489147,16.892418,6.2627964],"to":[8.250875,17.89634,8.647102],"faces":{"east":{"uv":[5.0,11.0,4.0,12.0],"tintindex":0,"rotation":0,"texture":"#1"},"south":{"uv":[5.0,12.0,6.0,13.0],"tintindex":0,"rotation":0,"texture":"#1"},"north":{"uv":[4.0,12.0,5.0,13.0],"tintindex":0,"rotation":0,"texture":"#1"},"west":{"uv":[4.0,11.0,5.0,12.0],"tintindex":0,"rotation":0,"texture":"#1"},"up":{"uv":[5.0,13.0,6.0,14.0],"tintindex":0,"rotation":0,"texture":"#1"},"down":{"uv":[4.0,13.0,5.0,14.0],"tintindex":0,"rotation":0,"texture":"#1"}}},{"from":[7.2468753,-4.4256754,7.1410704],"to":[8.783329,-2.8892221,8.677524],"faces":{"east":{"uv":[1.0,9.0,2.0,10.0],"tintindex":0,"rotation":0,"texture":"#1"},"south":{"uv":[1.0,9.0,2.0,10.0],"tintindex":0,"rotation":0,"texture":"#1"},"north":{"uv":[1.0,9.0,2.0,10.0],"tintindex":0,"rotation":0,"texture":"#1"},"west":{"uv":[1.0,9.0,2.0,10.0],"tintindex":0,"rotation":0,"texture":"#1"},"up":{"uv":[1.0,9.0,2.0,10.0],"tintindex":0,"rotation":0,"texture":"#1"},"down":{"uv":[1.0,9.0,2.0,10.0],"tintindex":0,"rotation":0,"texture":"#1"}}},{"from":[7.4978294,-3.1860065,7.392024],"to":[8.501751,13.880615,8.395943],"faces":{"east":{"uv":[0.0,11.0,1.0,16.0],"tintindex":0,"rotation":180,"texture":"#1"},"south":{"uv":[0.0,16.0,1.0,11.0],"tintindex":0,"rotation":180,"texture":"#1"},"north":{"uv":[0.0,16.0,1.0,11.0],"tintindex":0,"rotation":180,"texture":"#1"},"west":{"uv":[0.0,11.0,1.0,16.0],"tintindex":0,"rotation":180,"texture":"#1"},"up":{"uv":[9.0,8.0,10.0,9.0],"tintindex":0,"rotation":0,"texture":"#1"},"down":{"uv":[9.0,9.0,10.0,10.0],"tintindex":0,"rotation":0,"texture":"#1"}}},{"from":[7.7489147,13.880707,6.639293],"to":[8.250875,16.892458,8.647129],"faces":{"east":{"uv":[4.0,9.0,3.0,10.0],"tintindex":0,"rotation":0,"texture":"#1"},"south":{"uv":[3.0,10.0,4.0,11.0],"tintindex":0,"rotation":0,"texture":"#1"},"north":{"uv":[2.0,8.0,3.0,9.0],"tintindex":0,"rotation":0,"texture":"#1"},"west":{"uv":[3.0,9.0,4.0,10.0],"tintindex":0,"rotation":0,"texture":"#1"},"up":{"uv":[2.0,9.0,3.0,10.0],"tintindex":0,"rotation":0,"texture":"#1"},"down":{"uv":[2.0,10.0,3.0,11.0],"tintindex":0,"rotation":0,"texture":"#1"}}},{"from":[7.7489147,21.912024,6.011711],"to":[8.250875,22.915945,8.6469965],"faces":{"east":{"uv":[8.0,13.0,7.0,14.0],"tintindex":0,"rotation":0,"texture":"#1"},"south":{"uv":[7.0,14.0,8.0,15.0],"tintindex":0,"rotation":0,"texture":"#1"},"north":{"uv":[7.0,15.0,8.0,16.0],"tintindex":0,"rotation":0,"texture":"#1"},"west":{"uv":[7.0,13.0,8.0,14.0],"tintindex":0,"rotation":0,"texture":"#1"},"up":{"uv":[6.0,8.0,7.0,9.0],"tintindex":0,"rotation":0,"texture":"#1"},"down":{"uv":[6.0,9.0,7.0,10.0],"tintindex":0,"rotation":0,"texture":"#1"}}},{"from":[7.4978294,14.758848,6.3882084],"to":[8.501751,16.264717,7.894087],"faces":{"east":{"uv":[1.0,9.0,2.0,10.0],"tintindex":0,"rotation":0,"texture":"#1"},"south":{"uv":[1.0,9.0,2.0,10.0],"tintindex":0,"rotation":0,"texture":"#1"},"north":{"uv":[1.0,9.0,2.0,10.0],"tintindex":0,"rotation":0,"texture":"#1"},"west":{"uv":[1.0,9.0,2.0,10.0],"tintindex":0,"rotation":0,"texture":"#1"},"up":{"uv":[1.0,9.0,2.0,10.0],"tintindex":0,"rotation":0,"texture":"#1"},"down":{"uv":[1.0,9.0,2.0,10.0],"tintindex":0,"rotation":0,"texture":"#1"}}},{"from":[7.7489147,20.406038,6.011711],"to":[8.250875,21.911905,8.634449],"faces":{"east":{"uv":[7.0,11.0,6.0,12.0],"tintindex":0,"rotation":0,"texture":"#1"},"south":{"uv":[6.0,12.0,7.0,13.0],"tintindex":0,"rotation":0,"texture":"#1"},"north":{"uv":[6.0,13.0,7.0,14.0],"tintindex":0,"rotation":0,"texture":"#1"},"west":{"uv":[6.0,11.0,7.0,12.0],"tintindex":0,"rotation":0,"texture":"#1"},"up":{"uv":[6.0,14.0,7.0,15.0],"tintindex":0,"rotation":0,"texture":"#1"},"down":{"uv":[12.0,9.0,13.0,10.0],"tintindex":0,"rotation":0,"texture":"#1"}}},{"from":[7.7489147,25.774694,2.2554111],"to":[8.250875,26.778614,3.7612906],"faces":{"east":{"uv":[13.0,14.0,12.0,15.0],"tintindex":0,"rotation":0,"texture":"#1"},"south":{"uv":[11.0,14.0,12.0,15.0],"tintindex":0,"rotation":0,"texture":"#1"},"north":{"uv":[10.0,14.0,11.0,15.0],"tintindex":0,"rotation":0,"texture":"#1"},"west":{"uv":[12.0,14.0,13.0,15.0],"tintindex":0,"rotation":0,"texture":"#1"},"up":{"uv":[9.0,14.0,10.0,15.0],"tintindex":0,"rotation":0,"texture":"#1"},"down":{"uv":[8.0,8.0,9.0,9.0],"tintindex":0,"rotation":0,"texture":"#1"}},"rotation":{"origin":[8.0,12.5,3.0],"angle":22.5,"axis":"x"}}],"display":{"gui":{"rotation":[30,225,0]}}}