{"textures":{"0":"modelengine:entity/nagamyrmidon"},"elements":[{"from":[3.685216,9.37759,-2.0489302],"to":[11.958426,12.686874,4.5696383],"faces":{"east":{"uv":[8.0,15.0,7.5,15.25],"tintindex":0,"rotation":0,"texture":"#0"},"south":{"uv":[4.75,8.25,5.5,8.5],"tintindex":0,"rotation":0,"texture":"#0"},"north":{"uv":[4.75,8.5,5.5,8.75],"tintindex":0,"rotation":0,"texture":"#0"},"west":{"uv":[7.5,15.0,8.0,15.25],"tintindex":0,"rotation":0,"texture":"#0"},"up":{"uv":[4.75,11.75,5.5,12.25],"tintindex":0,"rotation":0,"texture":"#0"},"down":{"uv":[3.75,11.75,4.5,12.25],"tintindex":0,"rotation":90,"texture":"#0"}}},{"from":[4.6099772,4.255291,1.1193151],"to":[11.228542,10.873859,7.7378836],"faces":{"east":{"uv":[8.5,5.5,9.0,6.0],"tintindex":0,"rotation":90,"texture":"#0"},"south":{"uv":[6.0,8.75,6.5,9.25],"tintindex":0,"rotation":0,"texture":"#0"},"north":{"uv":[5.5,8.75,6.0,9.25],"tintindex":0,"rotation":0,"texture":"#0"},"west":{"uv":[8.5,5.5,9.0,6.0],"tintindex":0,"rotation":90,"texture":"#0"},"up":{"uv":[10.0,9.0,10.5,9.5],"tintindex":0,"rotation":0,"texture":"#0"},"down":{"uv":[11.0,11.5,11.5,12.0],"tintindex":0,"rotation":0,"texture":"#0"}},"rotation":{"origin":[5.0,4.0,8.0],"angle":22.5,"axis":"x"}},{"from":[11.618568,8.550266,-6.064458],"to":[11.621195,9.37759,3.8633947],"faces":{"east":{"uv":[6.0,10.75,4.5,11.0],"tintindex":0,"rotation":180,"texture":"#0"},"west":{"uv":[4.5,10.75,6.0,11.0],"tintindex":0,"rotation":180,"texture":"#0"}}},{"from":[7.895621,11.85955,-5.030175],"to":[7.89825,16.823479,4.8976774],"faces":{"east":{"uv":[15.5,14.0,14.5,14.5],"tintindex":0,"rotation":0,"texture":"#0"},"west":{"uv":[14.5,14.0,15.5,14.5],"tintindex":0,"rotation":0,"texture":"#0"}}},{"from":[4.172679,8.550266,-6.064458],"to":[4.1753054,9.37759,3.8633947],"faces":{"east":{"uv":[6.0,10.75,4.5,11.0],"tintindex":0,"rotation":180,"texture":"#0"},"west":{"uv":[4.5,10.75,6.0,11.0],"tintindex":0,"rotation":180,"texture":"#0"}}},{"from":[4.147465,9.37759,-6.1400976],"to":[11.593352,11.85955,-2.0034933],"faces":{"east":{"uv":[5.25,8.25,5.5,8.0],"tintindex":0,"rotation":270,"texture":"#0"},"south":{"uv":[7.5,8.5,8.0,8.75],"tintindex":0,"rotation":0,"texture":"#0"},"north":{"uv":[5.5,8.25,6.0,8.5],"tintindex":0,"rotation":0,"texture":"#0"},"west":{"uv":[5.25,8.0,5.5,8.25],"tintindex":0,"rotation":270,"texture":"#0"},"up":{"uv":[6.75,9.25,7.25,9.5],"tintindex":0,"rotation":0,"texture":"#0"},"down":{"uv":[4.75,9.25,5.25,9.5],"tintindex":0,"rotation":0,"texture":"#0"}}},{"from":[4.172679,8.550266,-6.064458],"to":[11.618568,9.37759,-6.0618315],"faces":{"south":{"uv":[8.5,8.5,7.0,9.0],"tintindex":0,"rotation":180,"texture":"#0"},"north":{"uv":[7.0,8.5,8.5,9.0],"tintindex":0,"rotation":180,"texture":"#0"}}},{"from":[3.7590184,1.5180378,3.9487534],"to":[3.7616448,15.582497,13.876606],"faces":{"east":{"uv":[2.25,11.75,1.5,13.0],"tintindex":0,"rotation":0,"texture":"#0"},"west":{"uv":[1.5,11.75,2.25,13.0],"tintindex":0,"rotation":0,"texture":"#0"}},"rotation":{"origin":[3.7590184,1.5180378,3.9487534],"angle":-45.0,"axis":"y"}},{"from":[12.239187,1.5180378,3.9487534],"to":[12.2418165,15.582497,13.876606],"faces":{"east":{"uv":[2.25,11.75,1.5,13.0],"tintindex":0,"rotation":0,"texture":"#0"},"west":{"uv":[1.5,11.75,2.25,13.0],"tintindex":0,"rotation":0,"texture":"#0"}},"rotation":{"origin":[12.239059,1.5180378,3.9487534],"angle":45.0,"axis":"y"}}],"display":{"gui":{"rotation":[30,225,0]}}}