{"textures":{"0":"modelengine:entity/nagamyrmidon"},"elements":[{"from":[2.7339048,6.106299,7.6795864],"to":[5.215868,9.415583,14.298155],"faces":{"east":{"uv":[7.5,14.25,8.0,14.0],"tintindex":0,"rotation":270,"texture":"#0"},"south":{"uv":[0.0,0.25,0.25,0.5],"tintindex":0,"rotation":0,"texture":"#0"},"north":{"uv":[6.0,8.25,6.25,8.5],"tintindex":0,"rotation":0,"texture":"#0"},"west":{"uv":[7.5,14.0,8.0,14.25],"tintindex":0,"rotation":270,"texture":"#0"},"up":{"uv":[4.5,11.75,4.75,12.25],"tintindex":0,"rotation":0,"texture":"#0"},"down":{"uv":[6.5,11.75,6.75,12.25],"tintindex":0,"rotation":0,"texture":"#0"}},"rotation":{"origin":[4.2770557,6.106299,-2.5141907],"angle":22.5,"axis":"y"}},{"from":[7.999869,9.423725,7.6483307],"to":[8.002495,15.214972,13.439577],"faces":{"east":{"uv":[7.5,11.75,8.0,12.25],"tintindex":0,"rotation":270,"texture":"#0"},"west":{"uv":[7.5,12.25,8.0,11.75],"tintindex":0,"rotation":270,"texture":"#0"}},"rotation":{"origin":[8.0,15.0,7.0],"angle":22.5,"axis":"y"}}],"display":{"gui":{"rotation":[30,225,0]}}}