{"textures":{"0":"modelengine:entity/nagamyrmidon"},"elements":[{"from":[2.1142778,-2.3533478,10.328641],"to":[7.905525,6.7471848,16.947208],"faces":{"east":{"uv":[7.5,14.25,8.0,15.0],"tintindex":0,"rotation":0,"texture":"#0"},"south":{"uv":[2.75,9.25,2.25,10.0],"tintindex":0,"rotation":0,"texture":"#0"},"north":{"uv":[2.25,9.25,2.75,10.0],"tintindex":0,"rotation":0,"texture":"#0"},"west":{"uv":[7.5,13.25,8.0,14.0],"tintindex":0,"rotation":0,"texture":"#0"},"up":{"uv":[1.0,8.25,1.5,8.75],"tintindex":0,"rotation":0,"texture":"#0"},"down":{"uv":[15.5,9.0,16.0,9.5],"tintindex":0,"rotation":0,"texture":"#0"}},"rotation":{"origin":[2.3209772,-9.005926,7.709053],"angle":-22.5,"axis":"x"}}],"display":{"gui":{"rotation":[30,225,0]}}}