{"textures":{"0":"modelengine:entity/nagamyrmidon"},"elements":[{"from":[4.527938,-0.38575935,4.9807425],"to":[9.491865,9.542093,9.944669],"faces":{"east":{"uv":[15.5,7.0,16.0,8.25],"tintindex":0,"rotation":0,"texture":"#0"},"south":{"uv":[15.5,7.0,16.0,8.25],"tintindex":0,"rotation":0,"texture":"#0"},"north":{"uv":[12.0,15.0,12.5,16.0],"tintindex":0,"rotation":0,"texture":"#0"},"west":{"uv":[15.5,7.0,16.0,8.25],"tintindex":0,"rotation":0,"texture":"#0"},"up":{"uv":[3.0,8.0,3.25,8.25],"tintindex":0,"rotation":0,"texture":"#0"},"down":{"uv":[5.5,8.0,5.75,8.25],"tintindex":0,"rotation":0,"texture":"#0"}}},{"from":[4.527938,-4.5223656,4.9807425],"to":[8.664543,-0.38575935,9.944669],"faces":{"east":{"uv":[0.75,8.0,1.0,8.25],"tintindex":0,"rotation":0,"texture":"#0"},"south":{"uv":[15.0,0.0,14.5,0.5],"tintindex":0,"rotation":0,"texture":"#0"},"north":{"uv":[14.5,0.0,15.0,0.5],"tintindex":0,"rotation":0,"texture":"#0"},"west":{"uv":[15.5,0.0,16.0,0.5],"tintindex":0,"rotation":0,"texture":"#0"},"up":{"uv":[6.0,8.0,6.25,8.25],"tintindex":0,"rotation":0,"texture":"#0"},"down":{"uv":[15.0,0.0,15.5,0.5],"tintindex":0,"rotation":0,"texture":"#0"}}},{"from":[7.2166004,1.5228577,10.022936],"to":[7.219227,9.796066,18.296144],"faces":{"east":{"uv":[7.5,11.0,6.75,11.75],"tintindex":0,"rotation":180,"texture":"#0"},"west":{"uv":[6.75,11.0,7.5,11.75],"tintindex":0,"rotation":180,"texture":"#0"}}}],"display":{"gui":{"rotation":[30,225,0]}}}