{"textures":{"0":"modelengine:entity/nagamyrmidon"},"elements":[{"from":[4.0094233,4.734024,-3.6492243],"to":[12.282634,8.043308,1.314702],"faces":{"east":{"uv":[4.5,8.0,4.25,8.25],"tintindex":0,"rotation":270,"texture":"#0"},"south":{"uv":[4.0,8.25,4.75,8.5],"tintindex":0,"rotation":0,"texture":"#0"},"north":{"uv":[3.0,10.75,3.75,11.0],"tintindex":0,"rotation":0,"texture":"#0"},"west":{"uv":[4.25,8.0,4.5,8.25],"tintindex":0,"rotation":270,"texture":"#0"},"up":{"uv":[2.25,10.75,3.0,11.0],"tintindex":0,"rotation":0,"texture":"#0"},"down":{"uv":[1.5,10.75,2.25,11.0],"tintindex":0,"rotation":0,"texture":"#0"}}},{"from":[12.149737,8.043308,-3.5583506],"to":[12.152364,8.870628,7.196823],"faces":{"east":{"uv":[1.5,8.5,3.5,9.0],"tintindex":0,"rotation":0,"texture":"#0"},"west":{"uv":[3.5,8.5,1.5,9.0],"tintindex":0,"rotation":0,"texture":"#0"}}},{"from":[4.0834885,8.043308,-3.5583506],"to":[4.086115,8.870628,7.196823],"faces":{"east":{"uv":[1.5,8.5,3.5,9.0],"tintindex":0,"rotation":0,"texture":"#0"},"west":{"uv":[3.5,8.5,1.5,9.0],"tintindex":0,"rotation":0,"texture":"#0"}}},{"from":[3.5471745,4.734024,1.2844992],"to":[12.647705,8.043308,7.9030666],"faces":{"east":{"uv":[4.75,9.25,4.25,9.5],"tintindex":0,"rotation":0,"texture":"#0"},"south":{"uv":[15.25,15.75,16.0,16.0],"tintindex":0,"rotation":0,"texture":"#0"},"north":{"uv":[6.0,10.75,6.75,11.0],"tintindex":0,"rotation":0,"texture":"#0"},"west":{"uv":[4.25,9.25,4.75,9.5],"tintindex":0,"rotation":0,"texture":"#0"},"up":{"uv":[5.75,11.75,6.5,12.25],"tintindex":0,"rotation":0,"texture":"#0"},"down":{"uv":[6.75,11.75,7.5,12.25],"tintindex":0,"rotation":0,"texture":"#0"}}},{"from":[3.8765268,8.043308,-3.5583506],"to":[12.149737,8.870628,-3.5557241],"faces":{"south":{"uv":[8.5,9.0,7.0,8.5],"tintindex":0,"rotation":180,"texture":"#0"},"north":{"uv":[7.0,9.0,8.5,8.5],"tintindex":0,"rotation":180,"texture":"#0"}}}],"display":{"gui":{"rotation":[30,225,0]}}}