{"textures":{"0":"modelengine:entity/nagamyrmidon"},"elements":[{"from":[5.497367,4.3661213,0.370183],"to":[10.461293,9.330048,10.298036],"faces":{"east":{"uv":[15.5,7.0,16.0,8.25],"tintindex":0,"rotation":270,"texture":"#0"},"south":{"uv":[3.25,8.0,3.5,8.25],"tintindex":0,"rotation":0,"texture":"#0"},"north":{"uv":[1.5,8.25,1.25,8.0],"tintindex":0,"rotation":0,"texture":"#0"},"west":{"uv":[15.5,7.0,16.0,8.25],"tintindex":0,"rotation":90,"texture":"#0"},"up":{"uv":[12.0,16.0,12.5,15.0],"tintindex":0,"rotation":0,"texture":"#0"},"down":{"uv":[15.5,7.0,16.0,8.25],"tintindex":0,"rotation":0,"texture":"#0"}}},{"from":[6.324688,4.3661213,-3.7664232],"to":[10.461293,9.330048,0.370183],"faces":{"east":{"uv":[15.5,0.0,16.0,0.5],"tintindex":0,"rotation":270,"texture":"#0"},"south":{"uv":[3.5,8.0,3.75,8.25],"tintindex":0,"rotation":0,"texture":"#0"},"north":{"uv":[15.0,0.5,15.5,0.0],"tintindex":0,"rotation":0,"texture":"#0"},"west":{"uv":[4.75,8.0,5.0,8.25],"tintindex":0,"rotation":90,"texture":"#0"},"up":{"uv":[14.5,0.5,15.0,0.0],"tintindex":0,"rotation":0,"texture":"#0"},"down":{"uv":[14.5,0.0,15.0,0.5],"tintindex":0,"rotation":0,"texture":"#0"}}},{"from":[7.865344,-3.7573833,2.1705914],"to":[7.8679705,4.515827,10.443802],"faces":{"east":{"uv":[7.5,11.0,6.75,11.75],"tintindex":0,"rotation":90,"texture":"#0"},"west":{"uv":[6.75,11.0,7.5,11.75],"tintindex":0,"rotation":270,"texture":"#0"}}}],"display":{"gui":{"rotation":[30,225,0]}}}