{"textures":{"0":"modelengine:entity/nagamyrmidon"},"elements":[{"from":[8.464319,0.046424866,5.6799664],"to":[14.255567,9.146957,12.298534],"faces":{"east":{"uv":[8.0,13.25,7.5,14.0],"tintindex":0,"rotation":0,"texture":"#0"},"south":{"uv":[2.25,9.25,2.75,10.0],"tintindex":0,"rotation":0,"texture":"#0"},"north":{"uv":[2.75,9.25,2.25,10.0],"tintindex":0,"rotation":0,"texture":"#0"},"west":{"uv":[3.25,9.25,3.75,10.0],"tintindex":0,"rotation":0,"texture":"#0"},"up":{"uv":[0.5,8.25,1.0,8.75],"tintindex":0,"rotation":0,"texture":"#0"},"down":{"uv":[0.0,8.25,0.5,8.75],"tintindex":0,"rotation":0,"texture":"#0"}}}],"display":{"gui":{"rotation":[30,225,0]}}}