{"textures":{"0":"modelengine:entity/nagamyrmidon"},"elements":[{"from":[8.14445,9.594323,8.763224],"to":[8.147079,15.385571,14.55447],"faces":{"east":{"uv":[5.75,9.5,6.25,10.0],"tintindex":0,"rotation":270,"texture":"#0"},"west":{"uv":[5.75,10.0,6.25,9.5],"tintindex":0,"rotation":270,"texture":"#0"}}},{"from":[6.458819,5.863237,7.798277],"to":[9.768104,9.999842,14.416845],"faces":{"east":{"uv":[13.5,5.5,14.0,5.25],"tintindex":0,"rotation":270,"texture":"#0"},"south":{"uv":[2.5,8.0,2.75,8.25],"tintindex":0,"rotation":0,"texture":"#0"},"north":{"uv":[2.75,8.0,3.0,8.25],"tintindex":0,"rotation":0,"texture":"#0"},"west":{"uv":[6.25,9.25,6.75,9.5],"tintindex":0,"rotation":270,"texture":"#0"},"up":{"uv":[0.0,2.5,0.25,3.0],"tintindex":0,"rotation":0,"texture":"#0"},"down":{"uv":[0.0,2.0,0.25,2.5],"tintindex":0,"rotation":0,"texture":"#0"}}}],"display":{"gui":{"rotation":[30,225,0]}}}