{"textures":{"0":"modelengine:entity/nagamyrmidon"},"elements":[{"from":[5.481136,5.4516544,7.0516014],"to":[9.617741,10.41558,13.67017],"faces":{"east":{"uv":[12.5,5.5,13.0,5.25],"tintindex":0,"rotation":270,"texture":"#0"},"south":{"uv":[1.5,8.0,1.75,8.25],"tintindex":0,"rotation":0,"texture":"#0"},"north":{"uv":[4.0,8.0,4.25,8.25],"tintindex":0,"rotation":0,"texture":"#0"},"west":{"uv":[0.25,8.0,0.75,8.25],"tintindex":0,"rotation":270,"texture":"#0"},"up":{"uv":[0.0,1.5,0.25,2.0],"tintindex":0,"rotation":0,"texture":"#0"},"down":{"uv":[0.0,1.0,0.25,1.5],"tintindex":0,"rotation":0,"texture":"#0"}},"rotation":{"origin":[5.518037,5.4516544,8.620491],"angle":-22.5,"axis":"y"}},{"from":[7.9998684,10.423722,8.6482],"to":[8.002495,16.21497,14.439447],"faces":{"east":{"uv":[4.25,10.0,4.75,9.5],"tintindex":0,"rotation":90,"texture":"#0"},"west":{"uv":[4.25,9.5,4.75,10.0],"tintindex":0,"rotation":90,"texture":"#0"}},"rotation":{"origin":[8.0,16.0,8.0],"angle":-22.5,"axis":"y"}}],"display":{"gui":{"rotation":[30,225,0]}}}