{"textures":{"0":"modelengine:entity/nagamyrmidon"},"elements":[{"from":[7.9374914,13.112933,10.160427],"to":[7.940118,18.90418,15.124352],"faces":{"east":{"uv":[4.25,10.0,4.75,9.5],"tintindex":0,"rotation":90,"texture":"#0"},"west":{"uv":[4.25,9.5,4.75,10.0],"tintindex":0,"rotation":90,"texture":"#0"}}},{"from":[4.2148094,5.6591644,7.122714],"to":[11.660699,13.932375,15.395925],"faces":{"east":{"uv":[11.5,9.0,12.25,8.25],"tintindex":0,"rotation":270,"texture":"#0"},"south":{"uv":[1.25,9.25,1.75,10.0],"tintindex":0,"rotation":0,"texture":"#0"},"north":{"uv":[0.75,9.25,1.25,10.0],"tintindex":0,"rotation":0,"texture":"#0"},"west":{"uv":[1.5,11.0,2.25,11.75],"tintindex":0,"rotation":270,"texture":"#0"},"up":{"uv":[7.5,10.0,8.0,10.75],"tintindex":0,"rotation":0,"texture":"#0"},"down":{"uv":[7.5,11.0,8.0,11.75],"tintindex":0,"rotation":0,"texture":"#0"}}}],"display":{"gui":{"rotation":[30,225,0]}}}